Doctor_Name,Specialization,Available_Timings,Available_Date,Hospital_Name,Location,Department_Size,Patient_Influx,Doctor_Ratio,Doctor_Availability
Dr. Swati Desai,Dermatology,14,01-10-2024,City Hospital,Kolkata,46,404,0.69,0
Dr. Anil Mehra,Pediatrics,11,02-10-2024,City Hospital,Mumbai,54,373,0.87,0
Dr. Ravi Kumar,Dermatology,9,03-10-2024,Govt Health Center,New Delhi,61,96,0.54,0
Dr. Swati Desai,Pediatrics,12,04-10-2024,City Hospital,Kolkata,57,143,1.97,1
Dr. Swati Desai,Pediatrics,10,05-10-2024,Metro Hospital,Kolkata,71,231,0.85,0
Dr. Anil Mehra,Dermatology,16,06-10-2024,Govt Health Center,Chennai,87,491,1.05,0
Dr. Ravi Kumar,Orthopedics,13,07-10-2024,Metro Hospital,Chennai,60,239,0.91,0
Dr. Ravi Kumar,Pediatrics,8,08-10-2024,Metro Hospital,Mumbai,13,100,0.56,0
Dr. Swati Desai,Dermatology,10,09-10-2024,Metro Hospital,Kolkata,95,255,0.89,0
Dr. Rohit Verma,Cardiology,11,10-10-2024,Govt Health Center,Chennai,65,353,0.65,0
Dr. Swati Desai,Dermatology,16,11-10-2024,City Hospital,Mumbai,84,460,1.09,0
Dr. Swati Desai,Cardiology,13,12-10-2024,Metro Hospital,New Delhi,43,382,1.95,0
Dr. Swati Desai,Pediatrics,11,13-10-2024,City Hospital,Chennai,54,488,1.55,0
Dr. Swati Desai,Dermatology,8,14-10-2024,City Hospital,Mumbai,25,174,1.56,1
Dr. Anil Mehra,Dermatology,15,15-10-2024,Metro Hospital,Chennai,18,261,1.18,1
Dr. Ravi Kumar,Cardiology,9,16-10-2024,City Hospital,New Delhi,89,418,1.72,0
Dr. Anil Mehra,Dermatology,15,17-10-2024,Govt Health Center,New Delhi,25,482,1.86,0
Dr. Anil Mehra,Dermatology,13,18-10-2024,Govt Health Center,Chennai,40,457,1.94,0
Dr. Anil Mehra,Pediatrics,15,19-10-2024,City Hospital,New Delhi,22,315,0.65,0
Dr. Swati Desai,Dermatology,13,20-10-2024,City Hospital,Mumbai,14,184,1.82,1
Dr. Rohit Verma,Orthopedics,12,21-10-2024,Govt Health Center,Chennai,56,421,0.84,0
Dr. Ravi Kumar,Cardiology,12,22-10-2024,City Hospital,Chennai,48,322,1.1,0
Dr. Rohit Verma,Dermatology,17,23-10-2024,City Hospital,New Delhi,27,327,1.02,0
Dr. Anil Mehra,Cardiology,17,24-10-2024,City Hospital,Mumbai,29,364,1.51,0
Dr. Anil Mehra,Cardiology,15,25-10-2024,City Hospital,Chennai,11,349,1.4,0
Dr. Rohit Verma,Cardiology,14,26-10-2024,Metro Hospital,Chennai,49,316,0.66,0
Dr. Rohit Verma,Dermatology,15,27-10-2024,City Hospital,New Delhi,39,347,1.67,0
Dr. Rohit Verma,Dermatology,15,28-10-2024,Govt Health Center,New Delhi,19,328,1.16,0
Dr. Anil Mehra,Cardiology,14,29-10-2024,Metro Hospital,Mumbai,73,423,0.5,0
Dr. Anil Mehra,Orthopedics,9,30-10-2024,Metro Hospital,Mumbai,51,493,1.12,0
Dr. Ravi Kumar,Cardiology,16,31-10-2024,Govt Health Center,New Delhi,84,263,1.27,1
Dr. Ravi Kumar,Orthopedics,14,01-11-2024,City Hospital,Mumbai,62,111,0.6,0
Dr. Anil Mehra,Cardiology,13,02-11-2024,Metro Hospital,Kolkata,62,416,0.73,0
Dr. Rohit Verma,Pediatrics,16,03-11-2024,Metro Hospital,Kolkata,49,103,1.99,1
Dr. Rohit Verma,Cardiology,8,04-11-2024,City Hospital,New Delhi,25,387,1.81,0
Dr. Ravi Kumar,Cardiology,9,05-11-2024,City Hospital,Chennai,57,424,0.7,0
Dr. Anil Mehra,Dermatology,8,06-11-2024,Govt Health Center,New Delhi,70,414,1.37,0
Dr. Ravi Kumar,Orthopedics,17,07-11-2024,Metro Hospital,New Delhi,90,161,1.07,1
Dr. Ravi Kumar,Pediatrics,10,08-11-2024,City Hospital,New Delhi,47,318,1.32,0
Dr. Swati Desai,Orthopedics,12,09-11-2024,City Hospital,Chennai,53,373,1.21,0
Dr. Swati Desai,Pediatrics,8,10-11-2024,Govt Health Center,Kolkata,24,156,0.57,0
Dr. Swati Desai,Cardiology,11,11-11-2024,Metro Hospital,Mumbai,70,332,0.97,0
Dr. Rohit Verma,Dermatology,15,12-11-2024,City Hospital,Kolkata,16,420,0.69,0
Dr. Anil Mehra,Dermatology,13,13-11-2024,Govt Health Center,Mumbai,39,217,1.23,1
Dr. Anil Mehra,Orthopedics,8,14-11-2024,Metro Hospital,Mumbai,45,123,1.86,1
Dr. Anil Mehra,Dermatology,8,15-11-2024,Metro Hospital,New Delhi,99,285,1.99,1
Dr. Anil Mehra,Orthopedics,10,16-11-2024,Metro Hospital,New Delhi,20,141,1.92,1
Dr. Swati Desai,Orthopedics,17,17-11-2024,Metro Hospital,Mumbai,79,134,1.98,1
Dr. Rohit Verma,Pediatrics,15,18-11-2024,Govt Health Center,Chennai,38,421,0.52,0
Dr. Rohit Verma,Orthopedics,15,19-11-2024,City Hospital,Chennai,88,124,1.59,1
Dr. Swati Desai,Pediatrics,10,20-11-2024,Metro Hospital,Chennai,15,133,0.91,0
Dr. Rohit Verma,Dermatology,14,21-11-2024,Metro Hospital,Chennai,85,294,1.8,1
Dr. Swati Desai,Orthopedics,10,22-11-2024,City Hospital,New Delhi,60,277,1.72,1
Dr. Anil Mehra,Orthopedics,11,23-11-2024,Metro Hospital,Kolkata,89,132,1.14,1
Dr. Swati Desai,Cardiology,16,24-11-2024,Metro Hospital,Kolkata,47,443,1.21,0
Dr. Anil Mehra,Orthopedics,11,25-11-2024,City Hospital,Mumbai,82,64,0.9,0
Dr. Anil Mehra,Orthopedics,10,26-11-2024,City Hospital,Chennai,31,350,0.93,0
Dr. Ravi Kumar,Cardiology,12,27-11-2024,Metro Hospital,New Delhi,99,230,1.97,1
Dr. Swati Desai,Cardiology,14,28-11-2024,City Hospital,New Delhi,63,387,1.83,0
Dr. Ravi Kumar,Dermatology,12,29-11-2024,Govt Health Center,New Delhi,49,312,0.79,0
Dr. Swati Desai,Orthopedics,11,30-11-2024,Govt Health Center,Mumbai,16,463,0.91,0
Dr. Swati Desai,Dermatology,15,01-12-2024,Metro Hospital,New Delhi,49,127,0.66,0
Dr. Ravi Kumar,Dermatology,11,02-12-2024,Metro Hospital,Mumbai,33,278,1.98,1
Dr. Ravi Kumar,Cardiology,9,03-12-2024,City Hospital,Mumbai,50,282,1.86,1
Dr. Swati Desai,Pediatrics,17,04-12-2024,City Hospital,Mumbai,60,79,1.33,1
Dr. Rohit Verma,Dermatology,13,05-12-2024,Metro Hospital,Mumbai,48,423,1.54,0
Dr. Anil Mehra,Pediatrics,9,06-12-2024,Metro Hospital,New Delhi,92,204,1.62,1
Dr. Ravi Kumar,Orthopedics,10,07-12-2024,Govt Health Center,New Delhi,52,354,0.81,0
Dr. Anil Mehra,Cardiology,8,08-12-2024,City Hospital,Kolkata,78,234,1.9,1
Dr. Rohit Verma,Orthopedics,12,09-12-2024,Metro Hospital,New Delhi,68,497,1.29,0
Dr. Rohit Verma,Orthopedics,16,10-12-2024,Metro Hospital,Chennai,34,406,0.64,0
Dr. Rohit Verma,Cardiology,9,11-12-2024,City Hospital,Chennai,34,496,1.1,0
Dr. Ravi Kumar,Orthopedics,14,12-12-2024,City Hospital,Mumbai,82,481,1.4,0
Dr. Rohit Verma,Cardiology,12,13-12-2024,Metro Hospital,Mumbai,33,304,1.03,0
Dr. Ravi Kumar,Pediatrics,9,14-12-2024,Metro Hospital,Mumbai,71,218,1.55,1
Dr. Rohit Verma,Orthopedics,15,15-12-2024,Metro Hospital,Kolkata,52,130,1.82,1
Dr. Anil Mehra,Cardiology,13,16-12-2024,City Hospital,Mumbai,68,335,1.66,0
Dr. Anil Mehra,Dermatology,11,17-12-2024,Metro Hospital,Kolkata,63,259,1.46,1
Dr. Swati Desai,Orthopedics,11,18-12-2024,Metro Hospital,Mumbai,88,308,1.27,0
Dr. Anil Mehra,Pediatrics,9,19-12-2024,Metro Hospital,Chennai,35,86,0.88,0
Dr. Swati Desai,Cardiology,10,20-12-2024,Govt Health Center,Mumbai,63,335,1.18,0
Dr. Anil Mehra,Orthopedics,14,21-12-2024,Govt Health Center,New Delhi,70,103,0.94,0
Dr. Ravi Kumar,Orthopedics,10,22-12-2024,City Hospital,Mumbai,84,418,1.9,0
Dr. Anil Mehra,Orthopedics,12,23-12-2024,Metro Hospital,New Delhi,88,261,1.86,1
Dr. Swati Desai,Pediatrics,17,24-12-2024,Metro Hospital,New Delhi,53,391,0.73,0
Dr. Swati Desai,Cardiology,13,25-12-2024,City Hospital,New Delhi,18,149,1.73,1
Dr. Rohit Verma,Dermatology,13,26-12-2024,City Hospital,New Delhi,51,134,1.55,1
Dr. Ravi Kumar,Dermatology,11,27-12-2024,City Hospital,Kolkata,38,262,1.96,1
Dr. Anil Mehra,Dermatology,13,28-12-2024,Metro Hospital,Kolkata,88,440,1.19,0
Dr. Rohit Verma,Cardiology,10,29-12-2024,Govt Health Center,Mumbai,90,313,1.58,0
Dr. Anil Mehra,Dermatology,14,30-12-2024,City Hospital,Mumbai,89,135,1.28,1
Dr. Anil Mehra,Pediatrics,14,31-12-2024,Metro Hospital,Kolkata,67,112,0.6,0
Dr. Rohit Verma,Cardiology,11,01-01-2025,City Hospital,Mumbai,95,496,0.57,0
Dr. Rohit Verma,Orthopedics,9,02-01-2025,Metro Hospital,Mumbai,72,241,0.68,0
Dr. Rohit Verma,Pediatrics,14,03-01-2025,City Hospital,Kolkata,58,463,0.94,0
Dr. Rohit Verma,Orthopedics,10,04-01-2025,Metro Hospital,Kolkata,20,142,0.89,0
Dr. Rohit Verma,Dermatology,8,05-01-2025,City Hospital,Mumbai,98,302,1.59,0
Dr. Anil Mehra,Pediatrics,9,06-01-2025,Govt Health Center,Kolkata,63,187,1.57,1
Dr. Rohit Verma,Cardiology,17,07-01-2025,City Hospital,Chennai,39,98,1.96,1
Dr. Ravi Kumar,Pediatrics,16,08-01-2025,City Hospital,New Delhi,75,170,0.97,0
Dr. Swati Desai,Orthopedics,15,09-01-2025,Govt Health Center,New Delhi,74,88,1.91,1
Dr. Rohit Verma,Cardiology,13,10-01-2025,City Hospital,Chennai,67,83,1.42,1
Dr. Rohit Verma,Pediatrics,13,11-01-2025,Govt Health Center,Chennai,66,407,1.24,0
Dr. Anil Mehra,Pediatrics,8,12-01-2025,Metro Hospital,Mumbai,46,315,1.5,0
Dr. Rohit Verma,Pediatrics,9,13-01-2025,Govt Health Center,Mumbai,63,58,1.55,1
Dr. Rohit Verma,Pediatrics,11,14-01-2025,Govt Health Center,New Delhi,82,237,0.76,0
Dr. Rohit Verma,Cardiology,10,15-01-2025,Metro Hospital,Mumbai,78,145,1.63,1
Dr. Anil Mehra,Orthopedics,8,16-01-2025,Govt Health Center,New Delhi,33,182,1.59,1
Dr. Rohit Verma,Pediatrics,15,17-01-2025,Govt Health Center,Mumbai,72,212,2,1
Dr. Swati Desai,Cardiology,14,18-01-2025,Metro Hospital,Mumbai,60,188,1.87,1
Dr. Anil Mehra,Orthopedics,11,19-01-2025,City Hospital,New Delhi,24,347,1.53,0
Dr. Swati Desai,Pediatrics,16,20-01-2025,City Hospital,Chennai,56,129,1.57,1
Dr. Anil Mehra,Orthopedics,11,21-01-2025,Govt Health Center,Chennai,82,140,1.92,1
Dr. Rohit Verma,Orthopedics,8,22-01-2025,City Hospital,Mumbai,55,305,1.95,0
Dr. Swati Desai,Cardiology,17,23-01-2025,City Hospital,Chennai,39,197,1.74,1
Dr. Anil Mehra,Orthopedics,8,24-01-2025,Govt Health Center,Mumbai,88,228,1.65,1
Dr. Ravi Kumar,Cardiology,8,25-01-2025,Metro Hospital,Kolkata,29,306,0.67,0
Dr. Rohit Verma,Pediatrics,8,26-01-2025,City Hospital,Kolkata,66,267,1.75,1
Dr. Anil Mehra,Orthopedics,11,27-01-2025,Govt Health Center,Kolkata,58,316,0.88,0
Dr. Ravi Kumar,Orthopedics,8,28-01-2025,Metro Hospital,Chennai,65,366,1.35,0
Dr. Anil Mehra,Dermatology,9,29-01-2025,City Hospital,Chennai,65,128,1.11,1
Dr. Ravi Kumar,Pediatrics,11,30-01-2025,Metro Hospital,New Delhi,34,216,1.02,1
Dr. Rohit Verma,Pediatrics,14,31-01-2025,Govt Health Center,Chennai,18,153,0.97,0
Dr. Swati Desai,Dermatology,9,01-02-2025,Metro Hospital,Mumbai,31,353,1.78,0
Dr. Ravi Kumar,Dermatology,15,02-02-2025,Metro Hospital,New Delhi,86,387,1.65,0
Dr. Anil Mehra,Cardiology,14,03-02-2025,Govt Health Center,Chennai,46,333,1.29,0
Dr. Rohit Verma,Cardiology,16,04-02-2025,City Hospital,New Delhi,37,394,1.5,0
Dr. Ravi Kumar,Orthopedics,13,05-02-2025,City Hospital,Chennai,23,264,1.98,1
Dr. Anil Mehra,Orthopedics,11,06-02-2025,Metro Hospital,Mumbai,39,124,1.1,1
Dr. Anil Mehra,Orthopedics,13,07-02-2025,Metro Hospital,Kolkata,48,274,1.33,1
Dr. Anil Mehra,Orthopedics,11,08-02-2025,Metro Hospital,Kolkata,66,385,1.3,0
Dr. Ravi Kumar,Cardiology,14,09-02-2025,Metro Hospital,Mumbai,14,341,1.9,0
Dr. Ravi Kumar,Pediatrics,16,10-02-2025,City Hospital,New Delhi,21,392,1.03,0
Dr. Ravi Kumar,Orthopedics,10,11-02-2025,Govt Health Center,Kolkata,44,119,1.98,1
Dr. Swati Desai,Pediatrics,10,12-02-2025,Govt Health Center,Chennai,50,412,0.96,0
Dr. Ravi Kumar,Orthopedics,9,13-02-2025,Govt Health Center,Chennai,72,239,0.66,0
Dr. Ravi Kumar,Dermatology,8,14-02-2025,Metro Hospital,New Delhi,51,155,0.79,0
Dr. Ravi Kumar,Orthopedics,8,15-02-2025,Metro Hospital,New Delhi,74,119,1.14,1
Dr. Swati Desai,Orthopedics,10,16-02-2025,Govt Health Center,Mumbai,74,59,1.47,1
Dr. Ravi Kumar,Orthopedics,14,17-02-2025,City Hospital,Kolkata,52,263,1.28,1
Dr. Anil Mehra,Cardiology,16,18-02-2025,Govt Health Center,New Delhi,69,54,1.06,1
Dr. Ravi Kumar,Dermatology,9,19-02-2025,City Hospital,Kolkata,29,77,1.34,1
Dr. Anil Mehra,Orthopedics,14,20-02-2025,Metro Hospital,Kolkata,72,364,1.76,0
Dr. Anil Mehra,Orthopedics,8,21-02-2025,Govt Health Center,Chennai,33,442,1.76,0
Dr. Anil Mehra,Pediatrics,9,22-02-2025,Govt Health Center,New Delhi,84,472,1.59,0
Dr. Swati Desai,Dermatology,13,23-02-2025,Metro Hospital,Mumbai,81,290,1.93,1
Dr. Swati Desai,Orthopedics,12,24-02-2025,City Hospital,New Delhi,44,285,1.39,1
Dr. Swati Desai,Pediatrics,15,25-02-2025,Govt Health Center,Kolkata,50,141,0.51,0
Dr. Ravi Kumar,Pediatrics,9,26-02-2025,Govt Health Center,Chennai,25,367,0.94,0
Dr. Anil Mehra,Cardiology,8,27-02-2025,City Hospital,New Delhi,89,394,0.99,0
Dr. Swati Desai,Pediatrics,14,28-02-2025,Govt Health Center,New Delhi,15,412,1.32,0
Dr. Swati Desai,Orthopedics,13,01-03-2025,Govt Health Center,New Delhi,29,87,1.86,1
Dr. Ravi Kumar,Cardiology,15,02-03-2025,Metro Hospital,Mumbai,65,268,1.76,1
Dr. Swati Desai,Cardiology,15,03-03-2025,City Hospital,Mumbai,84,201,0.85,0
Dr. Ravi Kumar,Orthopedics,9,04-03-2025,Govt Health Center,Mumbai,17,241,1.28,1
Dr. Rohit Verma,Dermatology,15,05-03-2025,Govt Health Center,Mumbai,93,170,1.49,1
Dr. Swati Desai,Pediatrics,13,06-03-2025,Metro Hospital,Chennai,15,220,1.98,1
Dr. Rohit Verma,Cardiology,16,07-03-2025,Govt Health Center,Chennai,17,159,0.55,0
Dr. Ravi Kumar,Dermatology,14,08-03-2025,Metro Hospital,Mumbai,71,193,1.2,1
Dr. Anil Mehra,Orthopedics,9,09-03-2025,Govt Health Center,Kolkata,23,115,1.98,1
Dr. Swati Desai,Pediatrics,15,10-03-2025,Metro Hospital,Mumbai,12,371,1.97,0
Dr. Ravi Kumar,Pediatrics,16,11-03-2025,City Hospital,Mumbai,11,246,1,0
Dr. Anil Mehra,Cardiology,14,12-03-2025,City Hospital,Kolkata,31,95,0.5,0
Dr. Anil Mehra,Pediatrics,11,13-03-2025,Govt Health Center,New Delhi,94,198,1.38,1
Dr. Rohit Verma,Pediatrics,16,14-03-2025,Govt Health Center,Kolkata,79,109,1.8,1
Dr. Ravi Kumar,Pediatrics,11,15-03-2025,Metro Hospital,Kolkata,80,187,0.99,0
Dr. Anil Mehra,Pediatrics,11,16-03-2025,Metro Hospital,Chennai,15,451,1.9,0
Dr. Swati Desai,Orthopedics,16,17-03-2025,City Hospital,New Delhi,59,139,1,0
Dr. Swati Desai,Dermatology,15,18-03-2025,Govt Health Center,Kolkata,53,261,1.42,1
Dr. Rohit Verma,Orthopedics,11,19-03-2025,Metro Hospital,Mumbai,17,218,1.58,1
Dr. Anil Mehra,Orthopedics,15,20-03-2025,City Hospital,Kolkata,33,469,1.02,0
Dr. Ravi Kumar,Cardiology,15,21-03-2025,City Hospital,Chennai,36,162,1.03,1
Dr. Swati Desai,Pediatrics,14,22-03-2025,Metro Hospital,Kolkata,62,390,1.2,0
Dr. Anil Mehra,Orthopedics,17,23-03-2025,Govt Health Center,Mumbai,60,115,1.75,1
Dr. Anil Mehra,Pediatrics,13,24-03-2025,City Hospital,New Delhi,37,351,0.65,0
Dr. Rohit Verma,Orthopedics,15,25-03-2025,Metro Hospital,Chennai,68,167,1.45,1
Dr. Swati Desai,Orthopedics,14,26-03-2025,City Hospital,New Delhi,78,274,1.52,1
Dr. Swati Desai,Cardiology,12,27-03-2025,Govt Health Center,Chennai,92,200,1.34,1
Dr. Ravi Kumar,Dermatology,11,28-03-2025,Metro Hospital,Mumbai,82,216,1.9,1
Dr. Swati Desai,Dermatology,9,29-03-2025,Govt Health Center,Chennai,34,144,1.4,1
Dr. Ravi Kumar,Orthopedics,15,30-03-2025,Govt Health Center,New Delhi,53,309,1.45,0
Dr. Swati Desai,Cardiology,16,31-03-2025,City Hospital,New Delhi,56,474,1.4,0
Dr. Rohit Verma,Pediatrics,11,01-04-2025,Govt Health Center,Kolkata,22,308,1.58,0
Dr. Swati Desai,Pediatrics,11,02-04-2025,City Hospital,New Delhi,62,486,0.7,0
Dr. Ravi Kumar,Orthopedics,12,03-04-2025,Metro Hospital,Kolkata,62,169,1.84,1
Dr. Ravi Kumar,Dermatology,9,04-04-2025,Metro Hospital,New Delhi,46,123,0.56,0
Dr. Rohit Verma,Cardiology,14,05-04-2025,City Hospital,Kolkata,72,411,1.46,0
Dr. Swati Desai,Dermatology,12,06-04-2025,City Hospital,Mumbai,75,145,1.42,1
Dr. Swati Desai,Pediatrics,13,07-04-2025,City Hospital,Kolkata,49,341,0.81,0
Dr. Rohit Verma,Dermatology,11,08-04-2025,Govt Health Center,New Delhi,87,226,0.56,0
Dr. Swati Desai,Pediatrics,15,09-04-2025,Metro Hospital,Mumbai,70,76,0.71,0
Dr. Swati Desai,Cardiology,15,10-04-2025,Metro Hospital,Chennai,15,358,0.91,0
Dr. Ravi Kumar,Cardiology,12,11-04-2025,Govt Health Center,New Delhi,34,354,1.82,0
Dr. Swati Desai,Orthopedics,13,12-04-2025,City Hospital,Kolkata,55,260,1.78,1
Dr. Swati Desai,Orthopedics,10,13-04-2025,Metro Hospital,Chennai,40,407,0.6,0
Dr. Rohit Verma,Dermatology,8,14-04-2025,Govt Health Center,Kolkata,89,306,0.93,0
Dr. Rohit Verma,Cardiology,16,15-04-2025,City Hospital,Chennai,72,479,1.83,0
Dr. Anil Mehra,Cardiology,16,16-04-2025,Metro Hospital,Mumbai,77,367,0.85,0
Dr. Ravi Kumar,Orthopedics,10,17-04-2025,City Hospital,New Delhi,48,254,1.99,1
Dr. Swati Desai,Pediatrics,11,18-04-2025,Govt Health Center,Mumbai,89,404,0.89,0
Dr. Swati Desai,Dermatology,14,19-04-2025,Metro Hospital,New Delhi,45,115,1.61,1
Dr. Anil Mehra,Dermatology,9,20-04-2025,City Hospital,Chennai,16,199,1.13,1
Dr. Swati Desai,Orthopedics,10,21-04-2025,City Hospital,Mumbai,94,216,0.7,0
Dr. Ravi Kumar,Cardiology,13,22-04-2025,City Hospital,New Delhi,75,269,0.88,0
Dr. Anil Mehra,Orthopedics,15,23-04-2025,Govt Health Center,Chennai,64,349,1.51,0
Dr. Ravi Kumar,Orthopedics,8,24-04-2025,City Hospital,Mumbai,81,307,1.01,0
Dr. Anil Mehra,Orthopedics,11,25-04-2025,Metro Hospital,Mumbai,51,252,1.41,1
Dr. Anil Mehra,Orthopedics,8,26-04-2025,Metro Hospital,Mumbai,36,289,0.81,0
Dr. Rohit Verma,Pediatrics,9,27-04-2025,City Hospital,Mumbai,11,364,1.17,0
Dr. Ravi Kumar,Pediatrics,15,28-04-2025,Govt Health Center,Kolkata,79,278,1.27,1
Dr. Swati Desai,Cardiology,13,29-04-2025,Metro Hospital,Chennai,13,205,1.12,1
Dr. Swati Desai,Orthopedics,16,30-04-2025,Metro Hospital,Kolkata,30,267,0.8,0
Dr. Ravi Kumar,Pediatrics,9,01-05-2025,Metro Hospital,Chennai,10,244,1.19,1
Dr. Swati Desai,Cardiology,10,02-05-2025,City Hospital,Chennai,47,319,1.54,0
Dr. Swati Desai,Orthopedics,16,03-05-2025,Metro Hospital,Chennai,69,65,1.95,1
Dr. Ravi Kumar,Dermatology,16,04-05-2025,City Hospital,New Delhi,85,290,1.68,1
Dr. Anil Mehra,Pediatrics,13,05-05-2025,City Hospital,Chennai,23,301,0.74,0
Dr. Ravi Kumar,Cardiology,10,06-05-2025,City Hospital,Mumbai,88,100,0.91,0
Dr. Anil Mehra,Dermatology,12,07-05-2025,City Hospital,Kolkata,97,405,0.62,0
Dr. Swati Desai,Orthopedics,9,08-05-2025,City Hospital,Mumbai,91,77,0.7,0
Dr. Swati Desai,Orthopedics,14,09-05-2025,Metro Hospital,Mumbai,26,102,0.88,0
Dr. Swati Desai,Orthopedics,17,10-05-2025,City Hospital,Kolkata,82,357,0.8,0
Dr. Rohit Verma,Pediatrics,15,11-05-2025,City Hospital,Mumbai,56,165,0.82,0
Dr. Anil Mehra,Cardiology,13,12-05-2025,City Hospital,New Delhi,91,458,0.85,0
Dr. Rohit Verma,Dermatology,15,13-05-2025,City Hospital,Mumbai,65,490,0.95,0
Dr. Rohit Verma,Cardiology,9,14-05-2025,City Hospital,Mumbai,62,58,0.69,0
Dr. Ravi Kumar,Pediatrics,10,15-05-2025,City Hospital,Kolkata,27,60,0.92,0
Dr. Rohit Verma,Cardiology,14,16-05-2025,Metro Hospital,Mumbai,78,156,1.53,1
Dr. Ravi Kumar,Pediatrics,17,17-05-2025,City Hospital,Kolkata,57,350,0.85,0
Dr. Ravi Kumar,Orthopedics,8,18-05-2025,City Hospital,Chennai,18,390,0.76,0
Dr. Rohit Verma,Dermatology,14,19-05-2025,Metro Hospital,Chennai,63,307,0.6,0
Dr. Anil Mehra,Orthopedics,13,20-05-2025,Metro Hospital,New Delhi,44,231,1.25,1
Dr. Anil Mehra,Cardiology,15,21-05-2025,Govt Health Center,Kolkata,55,467,1.76,0
Dr. Anil Mehra,Orthopedics,14,22-05-2025,Metro Hospital,Kolkata,10,219,0.59,0
Dr. Anil Mehra,Dermatology,11,23-05-2025,Metro Hospital,Kolkata,50,374,1.31,0
Dr. Anil Mehra,Orthopedics,10,24-05-2025,City Hospital,New Delhi,82,188,1.48,1
Dr. Rohit Verma,Dermatology,10,25-05-2025,Govt Health Center,New Delhi,41,334,1.39,0
Dr. Rohit Verma,Dermatology,11,26-05-2025,City Hospital,Mumbai,93,160,1.82,1
Dr. Swati Desai,Orthopedics,16,27-05-2025,Govt Health Center,Kolkata,86,141,1.8,1
Dr. Anil Mehra,Pediatrics,16,28-05-2025,City Hospital,New Delhi,49,269,0.59,0
Dr. Rohit Verma,Cardiology,9,29-05-2025,Metro Hospital,Chennai,20,54,1.04,1
Dr. Swati Desai,Pediatrics,12,30-05-2025,Metro Hospital,Chennai,71,69,1.51,1
Dr. Anil Mehra,Pediatrics,8,31-05-2025,Govt Health Center,Kolkata,55,150,1.93,1
Dr. Ravi Kumar,Orthopedics,11,01-06-2025,City Hospital,Chennai,57,344,1.71,0
Dr. Swati Desai,Cardiology,9,02-06-2025,City Hospital,Mumbai,52,465,0.76,0
Dr. Rohit Verma,Cardiology,15,03-06-2025,Metro Hospital,Mumbai,60,206,0.92,0
Dr. Ravi Kumar,Pediatrics,11,04-06-2025,Metro Hospital,Kolkata,70,499,1.65,0
Dr. Ravi Kumar,Orthopedics,12,05-06-2025,Govt Health Center,New Delhi,51,432,1.21,0
Dr. Ravi Kumar,Cardiology,11,06-06-2025,Metro Hospital,New Delhi,35,50,1.32,1
Dr. Swati Desai,Pediatrics,12,07-06-2025,Govt Health Center,New Delhi,20,261,1.41,1
Dr. Rohit Verma,Cardiology,12,08-06-2025,Govt Health Center,New Delhi,34,168,0.65,0
Dr. Ravi Kumar,Orthopedics,12,09-06-2025,Govt Health Center,Kolkata,49,434,1.78,0
Dr. Anil Mehra,Orthopedics,10,10-06-2025,Govt Health Center,Mumbai,34,309,1.79,0
Dr. Ravi Kumar,Orthopedics,14,11-06-2025,Metro Hospital,Kolkata,93,448,1.2,0
Dr. Ravi Kumar,Cardiology,10,12-06-2025,Govt Health Center,Kolkata,84,224,1.44,1
Dr. Swati Desai,Dermatology,9,13-06-2025,Metro Hospital,Chennai,83,463,1.49,0
Dr. Swati Desai,Cardiology,10,14-06-2025,Govt Health Center,Mumbai,61,183,0.78,0
Dr. Rohit Verma,Dermatology,10,15-06-2025,Metro Hospital,New Delhi,12,151,0.67,0
Dr. Anil Mehra,Orthopedics,15,16-06-2025,Govt Health Center,Mumbai,48,434,0.53,0
Dr. Swati Desai,Pediatrics,11,17-06-2025,Metro Hospital,Chennai,44,111,1.87,1
Dr. Ravi Kumar,Dermatology,10,18-06-2025,City Hospital,Kolkata,49,497,1.02,0
Dr. Rohit Verma,Orthopedics,17,19-06-2025,Govt Health Center,Mumbai,94,438,0.63,0
Dr. Ravi Kumar,Orthopedics,12,20-06-2025,Govt Health Center,Chennai,31,103,1.2,1
Dr. Ravi Kumar,Dermatology,11,21-06-2025,City Hospital,Kolkata,71,354,0.61,0
Dr. Swati Desai,Pediatrics,16,22-06-2025,City Hospital,New Delhi,28,56,0.63,0
Dr. Rohit Verma,Orthopedics,15,23-06-2025,Govt Health Center,Mumbai,23,405,1.23,0
Dr. Anil Mehra,Dermatology,14,24-06-2025,Metro Hospital,New Delhi,59,52,1.26,1
Dr. Anil Mehra,Pediatrics,15,25-06-2025,Govt Health Center,New Delhi,71,381,1.37,0
Dr. Swati Desai,Pediatrics,12,26-06-2025,Metro Hospital,Chennai,96,428,1.48,0
Dr. Swati Desai,Orthopedics,11,27-06-2025,City Hospital,Chennai,99,494,1.5,0
Dr. Rohit Verma,Cardiology,14,28-06-2025,Metro Hospital,Kolkata,52,384,1.15,0
Dr. Anil Mehra,Cardiology,8,29-06-2025,Govt Health Center,New Delhi,64,474,1.47,0
Dr. Anil Mehra,Orthopedics,13,30-06-2025,City Hospital,Chennai,49,198,0.96,0
Dr. Anil Mehra,Pediatrics,15,01-07-2025,City Hospital,Chennai,21,337,1.16,0
Dr. Ravi Kumar,Orthopedics,14,02-07-2025,Govt Health Center,New Delhi,74,61,1.09,1
Dr. Anil Mehra,Dermatology,9,03-07-2025,Govt Health Center,Kolkata,43,153,0.99,0
Dr. Ravi Kumar,Cardiology,14,04-07-2025,City Hospital,New Delhi,92,160,0.86,0
Dr. Rohit Verma,Dermatology,13,05-07-2025,Metro Hospital,Kolkata,32,312,0.62,0
Dr. Ravi Kumar,Orthopedics,12,06-07-2025,Metro Hospital,Kolkata,80,484,1.26,0
Dr. Rohit Verma,Orthopedics,11,07-07-2025,Metro Hospital,Chennai,16,222,1.31,1
Dr. Anil Mehra,Pediatrics,8,08-07-2025,Govt Health Center,New Delhi,74,144,1,0
Dr. Anil Mehra,Pediatrics,9,09-07-2025,City Hospital,New Delhi,27,370,1.96,0
Dr. Rohit Verma,Pediatrics,14,10-07-2025,Metro Hospital,Chennai,17,493,1.34,0
Dr. Swati Desai,Dermatology,17,11-07-2025,City Hospital,Mumbai,98,252,1.83,1
Dr. Rohit Verma,Pediatrics,10,12-07-2025,Metro Hospital,Mumbai,51,94,1.36,1
Dr. Swati Desai,Orthopedics,12,13-07-2025,City Hospital,New Delhi,96,83,0.78,0
Dr. Ravi Kumar,Pediatrics,15,14-07-2025,Govt Health Center,Chennai,10,260,1.96,1
Dr. Ravi Kumar,Cardiology,15,15-07-2025,Govt Health Center,Kolkata,88,444,1.83,0
Dr. Ravi Kumar,Pediatrics,13,16-07-2025,Govt Health Center,Kolkata,24,274,1.21,1
Dr. Anil Mehra,Dermatology,12,17-07-2025,Metro Hospital,New Delhi,37,466,0.86,0
Dr. Ravi Kumar,Cardiology,9,18-07-2025,Govt Health Center,Chennai,45,313,0.83,0
Dr. Swati Desai,Cardiology,16,19-07-2025,Govt Health Center,New Delhi,55,350,1.71,0
Dr. Ravi Kumar,Cardiology,8,20-07-2025,Govt Health Center,New Delhi,86,275,0.6,0
Dr. Rohit Verma,Dermatology,9,21-07-2025,City Hospital,Chennai,30,153,1.46,1
Dr. Rohit Verma,Orthopedics,8,22-07-2025,City Hospital,New Delhi,58,270,1.46,1
Dr. Anil Mehra,Pediatrics,11,23-07-2025,City Hospital,Kolkata,48,383,0.77,0
Dr. Rohit Verma,Cardiology,11,24-07-2025,City Hospital,Mumbai,47,467,1.56,0
Dr. Swati Desai,Cardiology,12,25-07-2025,City Hospital,Kolkata,18,350,1.56,0
Dr. Ravi Kumar,Cardiology,12,26-07-2025,City Hospital,Mumbai,29,172,1.03,1
Dr. Anil Mehra,Orthopedics,15,27-07-2025,City Hospital,Chennai,93,498,1.23,0
Dr. Ravi Kumar,Orthopedics,10,28-07-2025,Govt Health Center,New Delhi,17,485,1.75,0
Dr. Ravi Kumar,Dermatology,13,29-07-2025,Govt Health Center,Mumbai,23,443,1.28,0
Dr. Swati Desai,Orthopedics,10,30-07-2025,Metro Hospital,Chennai,71,271,1.43,1
Dr. Rohit Verma,Pediatrics,9,31-07-2025,Govt Health Center,Chennai,93,92,1.12,1
Dr. Rohit Verma,Dermatology,15,01-08-2025,City Hospital,Chennai,44,259,0.72,0
Dr. Ravi Kumar,Dermatology,8,02-08-2025,City Hospital,Kolkata,64,386,2,0
Dr. Anil Mehra,Pediatrics,16,03-08-2025,Metro Hospital,Kolkata,54,60,1.3,1
Dr. Rohit Verma,Pediatrics,14,04-08-2025,Govt Health Center,Mumbai,30,265,1,0
Dr. Anil Mehra,Pediatrics,17,05-08-2025,Govt Health Center,Mumbai,62,213,1.57,1
Dr. Rohit Verma,Dermatology,11,06-08-2025,Metro Hospital,Kolkata,63,274,1.43,1
Dr. Anil Mehra,Dermatology,10,07-08-2025,City Hospital,Mumbai,95,274,0.85,0
Dr. Swati Desai,Dermatology,13,08-08-2025,City Hospital,Mumbai,52,295,1.82,1
Dr. Anil Mehra,Pediatrics,16,09-08-2025,City Hospital,New Delhi,15,195,0.61,0
Dr. Swati Desai,Pediatrics,16,10-08-2025,City Hospital,Mumbai,64,240,1.41,1
Dr. Swati Desai,Cardiology,11,11-08-2025,Metro Hospital,Chennai,53,310,1.22,0
Dr. Anil Mehra,Orthopedics,17,12-08-2025,Govt Health Center,New Delhi,77,336,0.98,0
Dr. Swati Desai,Cardiology,12,13-08-2025,City Hospital,Mumbai,13,65,1.74,1
Dr. Ravi Kumar,Pediatrics,16,14-08-2025,Govt Health Center,New Delhi,72,243,1.48,1
Dr. Swati Desai,Dermatology,9,15-08-2025,Govt Health Center,Chennai,67,58,1.64,1
Dr. Rohit Verma,Pediatrics,9,16-08-2025,City Hospital,Mumbai,63,51,1.12,1
Dr. Anil Mehra,Orthopedics,12,17-08-2025,City Hospital,New Delhi,90,342,1.91,0
Dr. Ravi Kumar,Cardiology,8,18-08-2025,City Hospital,Mumbai,47,133,1.02,1
Dr. Anil Mehra,Cardiology,15,19-08-2025,Govt Health Center,New Delhi,69,492,1.3,0
Dr. Rohit Verma,Dermatology,12,20-08-2025,Metro Hospital,New Delhi,61,258,1.9,1
Dr. Rohit Verma,Cardiology,17,21-08-2025,City Hospital,Chennai,38,107,0.62,0
Dr. Rohit Verma,Cardiology,9,22-08-2025,Govt Health Center,Chennai,49,388,0.66,0
Dr. Swati Desai,Pediatrics,16,23-08-2025,Govt Health Center,Mumbai,80,155,1.99,1
Dr. Swati Desai,Cardiology,9,24-08-2025,City Hospital,Kolkata,17,185,1.96,1
Dr. Anil Mehra,Cardiology,14,25-08-2025,Metro Hospital,Mumbai,44,357,1.66,0
Dr. Anil Mehra,Cardiology,15,26-08-2025,City Hospital,New Delhi,91,380,1.23,0
Dr. Ravi Kumar,Dermatology,13,27-08-2025,City Hospital,Chennai,25,126,1.26,1
Dr. Ravi Kumar,Dermatology,14,28-08-2025,Metro Hospital,Chennai,27,374,0.89,0
Dr. Anil Mehra,Pediatrics,8,29-08-2025,City Hospital,New Delhi,68,259,1.15,1
Dr. Swati Desai,Cardiology,11,30-08-2025,City Hospital,Kolkata,98,281,1.15,1
Dr. Rohit Verma,Dermatology,14,31-08-2025,Metro Hospital,Chennai,43,174,0.55,0
Dr. Anil Mehra,Dermatology,8,01-09-2025,Govt Health Center,Kolkata,13,229,1.18,1
Dr. Ravi Kumar,Pediatrics,8,02-09-2025,Govt Health Center,Chennai,78,339,1.22,0
Dr. Swati Desai,Orthopedics,13,03-09-2025,Govt Health Center,New Delhi,87,263,1.5,1
Dr. Anil Mehra,Cardiology,11,04-09-2025,Govt Health Center,Mumbai,74,481,1.27,0
Dr. Anil Mehra,Dermatology,10,05-09-2025,Govt Health Center,Mumbai,70,146,1.79,1
Dr. Swati Desai,Pediatrics,12,06-09-2025,City Hospital,Kolkata,95,457,1.05,0
Dr. Anil Mehra,Pediatrics,16,07-09-2025,Metro Hospital,Mumbai,55,298,1.11,1
Dr. Swati Desai,Pediatrics,17,08-09-2025,Govt Health Center,New Delhi,30,270,1.36,1
Dr. Rohit Verma,Dermatology,17,09-09-2025,Metro Hospital,Mumbai,86,62,0.8,0
Dr. Swati Desai,Cardiology,17,10-09-2025,Govt Health Center,Kolkata,47,355,1.09,0
Dr. Swati Desai,Orthopedics,10,11-09-2025,City Hospital,New Delhi,82,140,1.53,1
Dr. Swati Desai,Cardiology,12,12-09-2025,Govt Health Center,New Delhi,95,242,1.12,1
Dr. Anil Mehra,Pediatrics,17,13-09-2025,Govt Health Center,Chennai,90,248,1.86,1
Dr. Anil Mehra,Pediatrics,12,14-09-2025,Metro Hospital,Chennai,69,309,1.42,0
Dr. Swati Desai,Orthopedics,16,15-09-2025,Metro Hospital,Mumbai,96,113,0.73,0
Dr. Anil Mehra,Cardiology,17,16-09-2025,City Hospital,Kolkata,45,379,1.23,0
Dr. Ravi Kumar,Pediatrics,11,17-09-2025,Metro Hospital,New Delhi,15,281,1.65,1
Dr. Ravi Kumar,Pediatrics,8,18-09-2025,Metro Hospital,Mumbai,48,276,1.47,1
Dr. Anil Mehra,Cardiology,17,19-09-2025,Metro Hospital,Mumbai,38,216,1.83,1
Dr. Anil Mehra,Pediatrics,12,20-09-2025,City Hospital,Chennai,36,300,1.62,0
Dr. Swati Desai,Cardiology,8,21-09-2025,City Hospital,Mumbai,78,496,0.59,0
Dr. Rohit Verma,Pediatrics,13,22-09-2025,City Hospital,Mumbai,18,235,0.67,0
Dr. Anil Mehra,Cardiology,17,23-09-2025,Metro Hospital,Chennai,33,298,1.47,1
Dr. Ravi Kumar,Orthopedics,17,24-09-2025,Metro Hospital,Mumbai,72,321,0.86,0
Dr. Swati Desai,Pediatrics,14,25-09-2025,City Hospital,Mumbai,28,389,1.38,0
Dr. Anil Mehra,Orthopedics,8,26-09-2025,Metro Hospital,New Delhi,39,495,1.69,0
Dr. Ravi Kumar,Pediatrics,17,27-09-2025,Metro Hospital,Mumbai,67,187,1.37,1
Dr. Ravi Kumar,Pediatrics,11,28-09-2025,Govt Health Center,Chennai,49,158,1.12,1
Dr. Rohit Verma,Dermatology,16,29-09-2025,City Hospital,Chennai,77,367,1.47,0
Dr. Swati Desai,Cardiology,8,30-09-2025,City Hospital,New Delhi,41,466,0.72,0
Dr. Swati Desai,Orthopedics,16,01-10-2025,Metro Hospital,Chennai,74,475,1.58,0
Dr. Rohit Verma,Orthopedics,15,02-10-2025,Metro Hospital,Chennai,43,93,1.55,1
Dr. Rohit Verma,Orthopedics,12,03-10-2025,Govt Health Center,Chennai,94,479,1.27,0
Dr. Swati Desai,Cardiology,13,04-10-2025,City Hospital,Mumbai,40,391,0.92,0
Dr. Swati Desai,Dermatology,14,05-10-2025,City Hospital,New Delhi,68,386,1.7,0
Dr. Anil Mehra,Orthopedics,11,06-10-2025,Metro Hospital,Kolkata,87,250,1.27,1
Dr. Anil Mehra,Cardiology,13,07-10-2025,City Hospital,New Delhi,35,427,0.59,0
Dr. Rohit Verma,Pediatrics,14,08-10-2025,Metro Hospital,New Delhi,31,153,1.88,1
Dr. Anil Mehra,Orthopedics,13,09-10-2025,Govt Health Center,New Delhi,43,464,1.65,0
Dr. Ravi Kumar,Orthopedics,13,10-10-2025,Metro Hospital,Kolkata,22,438,1.38,0
Dr. Anil Mehra,Dermatology,9,11-10-2025,Govt Health Center,Kolkata,64,169,1.16,1
Dr. Anil Mehra,Orthopedics,12,12-10-2025,Metro Hospital,Chennai,17,451,1.94,0
Dr. Ravi Kumar,Orthopedics,10,13-10-2025,Govt Health Center,Mumbai,71,439,1.66,0
Dr. Rohit Verma,Pediatrics,14,14-10-2025,Govt Health Center,Chennai,31,411,1.3,0
Dr. Ravi Kumar,Cardiology,11,15-10-2025,City Hospital,Chennai,65,483,1.48,0
Dr. Anil Mehra,Cardiology,8,16-10-2025,Metro Hospital,Kolkata,93,432,0.92,0
Dr. Rohit Verma,Dermatology,13,17-10-2025,City Hospital,Chennai,30,77,0.79,0
Dr. Anil Mehra,Pediatrics,13,18-10-2025,City Hospital,Chennai,58,156,0.91,0
Dr. Ravi Kumar,Cardiology,14,19-10-2025,Metro Hospital,Kolkata,15,329,0.94,0
Dr. Ravi Kumar,Pediatrics,15,20-10-2025,City Hospital,New Delhi,44,77,1.61,1
Dr. Anil Mehra,Cardiology,10,21-10-2025,City Hospital,New Delhi,36,235,0.71,0
Dr. Swati Desai,Pediatrics,13,22-10-2025,City Hospital,Kolkata,93,244,1.67,1
Dr. Swati Desai,Dermatology,17,23-10-2025,Metro Hospital,Mumbai,49,195,1.29,1
Dr. Ravi Kumar,Orthopedics,9,24-10-2025,City Hospital,Chennai,23,309,1.08,0
Dr. Ravi Kumar,Dermatology,16,25-10-2025,City Hospital,New Delhi,83,409,0.95,0
Dr. Swati Desai,Cardiology,9,26-10-2025,City Hospital,Kolkata,61,226,1.27,1
Dr. Swati Desai,Dermatology,10,27-10-2025,Metro Hospital,Mumbai,88,177,0.98,0
Dr. Anil Mehra,Orthopedics,17,28-10-2025,Govt Health Center,Chennai,49,433,1.14,0
Dr. Anil Mehra,Dermatology,9,29-10-2025,Govt Health Center,Kolkata,52,155,1.61,1
Dr. Swati Desai,Cardiology,16,30-10-2025,Govt Health Center,Kolkata,67,465,1.44,0
Dr. Anil Mehra,Cardiology,8,31-10-2025,Govt Health Center,Kolkata,12,401,1.62,0
Dr. Anil Mehra,Dermatology,12,01-11-2025,City Hospital,Chennai,24,432,1.57,0
Dr. Rohit Verma,Orthopedics,8,02-11-2025,Metro Hospital,New Delhi,54,260,1.72,1
Dr. Anil Mehra,Dermatology,12,03-11-2025,City Hospital,Chennai,20,398,0.8,0
Dr. Ravi Kumar,Orthopedics,15,04-11-2025,Metro Hospital,Chennai,48,371,1.99,0
Dr. Anil Mehra,Pediatrics,15,05-11-2025,City Hospital,New Delhi,28,363,1.21,0
Dr. Anil Mehra,Orthopedics,15,06-11-2025,Govt Health Center,Kolkata,88,60,1.58,1
Dr. Swati Desai,Pediatrics,9,07-11-2025,Govt Health Center,Mumbai,29,416,1.52,0
Dr. Ravi Kumar,Dermatology,15,08-11-2025,Metro Hospital,Mumbai,95,409,1.35,0
Dr. Anil Mehra,Orthopedics,12,09-11-2025,City Hospital,New Delhi,80,370,1.99,0
Dr. Anil Mehra,Pediatrics,8,10-11-2025,Govt Health Center,New Delhi,65,433,0.83,0
Dr. Rohit Verma,Pediatrics,14,11-11-2025,Metro Hospital,Kolkata,87,66,1.13,1
Dr. Anil Mehra,Pediatrics,13,12-11-2025,City Hospital,Mumbai,13,419,0.69,0
Dr. Anil Mehra,Cardiology,12,13-11-2025,Metro Hospital,Mumbai,18,385,0.77,0
Dr. Rohit Verma,Dermatology,8,14-11-2025,City Hospital,Kolkata,34,115,1.57,1
Dr. Swati Desai,Pediatrics,8,15-11-2025,City Hospital,New Delhi,56,423,0.51,0
Dr. Anil Mehra,Orthopedics,13,16-11-2025,City Hospital,New Delhi,58,162,1.83,1
Dr. Rohit Verma,Pediatrics,17,17-11-2025,Metro Hospital,Kolkata,36,181,1.45,1
Dr. Ravi Kumar,Cardiology,14,18-11-2025,Metro Hospital,New Delhi,37,465,1.16,0
Dr. Swati Desai,Dermatology,17,19-11-2025,City Hospital,Chennai,97,120,1,0
Dr. Ravi Kumar,Cardiology,17,20-11-2025,Govt Health Center,New Delhi,71,462,0.69,0
Dr. Ravi Kumar,Cardiology,8,21-11-2025,City Hospital,Chennai,25,110,1.88,1
Dr. Rohit Verma,Cardiology,16,22-11-2025,Metro Hospital,Mumbai,96,493,1.57,0
Dr. Anil Mehra,Orthopedics,11,23-11-2025,City Hospital,Mumbai,55,363,1,0
Dr. Rohit Verma,Dermatology,12,24-11-2025,Metro Hospital,New Delhi,84,293,0.61,0
Dr. Rohit Verma,Dermatology,9,25-11-2025,City Hospital,Kolkata,55,358,0.99,0
Dr. Rohit Verma,Orthopedics,17,26-11-2025,City Hospital,New Delhi,49,54,0.78,0
Dr. Rohit Verma,Dermatology,15,27-11-2025,Govt Health Center,Kolkata,92,419,1.68,0
Dr. Swati Desai,Cardiology,9,28-11-2025,Govt Health Center,Mumbai,43,366,1.58,0
Dr. Anil Mehra,Dermatology,10,29-11-2025,Metro Hospital,Mumbai,96,70,1.25,1
Dr. Ravi Kumar,Orthopedics,16,30-11-2025,City Hospital,Mumbai,19,235,1.83,1
Dr. Ravi Kumar,Cardiology,9,01-12-2025,Metro Hospital,Kolkata,10,258,0.77,0
Dr. Anil Mehra,Orthopedics,13,02-12-2025,City Hospital,Kolkata,75,280,1.18,1
Dr. Ravi Kumar,Pediatrics,11,03-12-2025,City Hospital,Mumbai,95,63,1.57,1
Dr. Anil Mehra,Cardiology,14,04-12-2025,City Hospital,New Delhi,26,401,0.6,0
Dr. Ravi Kumar,Cardiology,13,05-12-2025,Govt Health Center,Kolkata,56,128,1.06,1
Dr. Rohit Verma,Dermatology,17,06-12-2025,Metro Hospital,Chennai,33,231,1.36,1
Dr. Ravi Kumar,Cardiology,16,07-12-2025,City Hospital,Mumbai,59,127,1.05,1
Dr. Anil Mehra,Orthopedics,16,08-12-2025,City Hospital,Kolkata,94,346,1.22,0
Dr. Anil Mehra,Dermatology,17,09-12-2025,Metro Hospital,Mumbai,38,321,1.41,0
Dr. Anil Mehra,Pediatrics,11,10-12-2025,Metro Hospital,Chennai,87,100,1.05,1
Dr. Anil Mehra,Orthopedics,8,11-12-2025,City Hospital,New Delhi,81,306,0.66,0
Dr. Anil Mehra,Pediatrics,9,12-12-2025,Govt Health Center,Chennai,95,345,0.71,0
Dr. Swati Desai,Pediatrics,15,13-12-2025,Govt Health Center,New Delhi,96,67,1.29,1
Dr. Swati Desai,Pediatrics,17,14-12-2025,City Hospital,New Delhi,22,339,0.76,0
Dr. Ravi Kumar,Cardiology,15,15-12-2025,Govt Health Center,Kolkata,73,267,1.83,1
Dr. Anil Mehra,Orthopedics,9,16-12-2025,Metro Hospital,New Delhi,37,494,1.75,0
Dr. Ravi Kumar,Orthopedics,11,17-12-2025,Govt Health Center,New Delhi,14,149,1.02,1
Dr. Anil Mehra,Cardiology,8,18-12-2025,Metro Hospital,New Delhi,83,198,1.75,1
Dr. Anil Mehra,Dermatology,14,19-12-2025,Metro Hospital,Mumbai,18,434,1.3,0
Dr. Swati Desai,Pediatrics,11,20-12-2025,Metro Hospital,Kolkata,23,204,0.74,0
Dr. Swati Desai,Orthopedics,15,21-12-2025,Metro Hospital,Kolkata,19,484,1.42,0
Dr. Rohit Verma,Cardiology,16,22-12-2025,Govt Health Center,New Delhi,42,444,1.52,0
Dr. Swati Desai,Pediatrics,16,23-12-2025,Metro Hospital,Mumbai,84,425,0.63,0
Dr. Rohit Verma,Dermatology,10,24-12-2025,City Hospital,New Delhi,49,151,0.97,0
Dr. Rohit Verma,Dermatology,12,25-12-2025,Metro Hospital,Kolkata,15,164,0.51,0
Dr. Rohit Verma,Pediatrics,13,26-12-2025,City Hospital,Kolkata,26,319,0.97,0
Dr. Rohit Verma,Dermatology,13,27-12-2025,Metro Hospital,Kolkata,45,141,1,0
Dr. Rohit Verma,Orthopedics,17,28-12-2025,Metro Hospital,Kolkata,79,488,1.45,0
Dr. Ravi Kumar,Orthopedics,15,29-12-2025,Govt Health Center,Mumbai,70,460,0.8,0
Dr. Swati Desai,Orthopedics,13,30-12-2025,Metro Hospital,Chennai,83,455,0.55,0
Dr. Rohit Verma,Dermatology,13,31-12-2025,Metro Hospital,Chennai,58,70,0.97,0
Dr. Anil Mehra,Orthopedics,11,01-01-2026,Govt Health Center,Mumbai,78,169,1.74,1
Dr. Swati Desai,Cardiology,14,02-01-2026,Govt Health Center,New Delhi,92,457,1.1,0
Dr. Swati Desai,Orthopedics,15,03-01-2026,City Hospital,Kolkata,80,68,1.12,1
Dr. Rohit Verma,Orthopedics,10,04-01-2026,Govt Health Center,Kolkata,33,73,1.2,1
Dr. Ravi Kumar,Dermatology,14,05-01-2026,City Hospital,Kolkata,60,75,1.63,1
Dr. Rohit Verma,Orthopedics,10,06-01-2026,Metro Hospital,Mumbai,51,202,1.22,1
Dr. Ravi Kumar,Pediatrics,15,07-01-2026,City Hospital,Mumbai,28,350,0.64,0
Dr. Anil Mehra,Cardiology,8,08-01-2026,Govt Health Center,Kolkata,71,413,0.81,0
Dr. Swati Desai,Dermatology,8,09-01-2026,Metro Hospital,Kolkata,84,462,0.78,0
Dr. Anil Mehra,Cardiology,13,10-01-2026,City Hospital,New Delhi,76,251,1.26,1
Dr. Ravi Kumar,Pediatrics,17,11-01-2026,City Hospital,Chennai,39,188,0.54,0
Dr. Ravi Kumar,Dermatology,16,12-01-2026,City Hospital,Mumbai,47,329,0.93,0
Dr. Anil Mehra,Dermatology,11,13-01-2026,Metro Hospital,Chennai,15,73,1.41,1
Dr. Ravi Kumar,Orthopedics,13,14-01-2026,City Hospital,Kolkata,31,61,1.03,1
Dr. Anil Mehra,Cardiology,12,15-01-2026,City Hospital,Chennai,20,184,1.56,1
Dr. Swati Desai,Pediatrics,8,16-01-2026,Govt Health Center,Chennai,81,473,1.09,0
Dr. Anil Mehra,Pediatrics,13,17-01-2026,City Hospital,Mumbai,38,130,1.97,1
Dr. Swati Desai,Dermatology,16,18-01-2026,Metro Hospital,Mumbai,17,404,1.95,0
Dr. Anil Mehra,Orthopedics,10,19-01-2026,Govt Health Center,New Delhi,96,119,1.7,1
Dr. Ravi Kumar,Dermatology,10,20-01-2026,Metro Hospital,Kolkata,89,253,1.93,1
Dr. Anil Mehra,Dermatology,9,21-01-2026,Govt Health Center,New Delhi,44,128,0.81,0
Dr. Ravi Kumar,Dermatology,11,22-01-2026,Govt Health Center,Mumbai,81,328,1.63,0
Dr. Anil Mehra,Dermatology,17,23-01-2026,City Hospital,New Delhi,81,248,0.98,0
Dr. Anil Mehra,Pediatrics,10,24-01-2026,Metro Hospital,Chennai,54,428,1.59,0
Dr. Rohit Verma,Pediatrics,9,25-01-2026,City Hospital,Chennai,42,343,1.06,0
Dr. Ravi Kumar,Dermatology,8,26-01-2026,Govt Health Center,Mumbai,14,464,0.93,0
Dr. Rohit Verma,Dermatology,10,27-01-2026,City Hospital,Chennai,71,334,1.94,0
Dr. Ravi Kumar,Orthopedics,17,28-01-2026,Govt Health Center,Kolkata,46,477,0.81,0
Dr. Rohit Verma,Dermatology,13,29-01-2026,Govt Health Center,Mumbai,26,205,1.64,1
Dr. Swati Desai,Pediatrics,16,30-01-2026,Metro Hospital,Kolkata,31,125,1.51,1
Dr. Anil Mehra,Cardiology,12,31-01-2026,Metro Hospital,Mumbai,87,268,0.96,0
Dr. Ravi Kumar,Pediatrics,10,01-02-2026,Metro Hospital,Mumbai,41,373,1.19,0
Dr. Ravi Kumar,Orthopedics,12,02-02-2026,Metro Hospital,Chennai,23,326,0.71,0
Dr. Anil Mehra,Pediatrics,12,03-02-2026,City Hospital,Mumbai,29,314,1.88,0
Dr. Ravi Kumar,Cardiology,12,04-02-2026,Metro Hospital,Mumbai,31,98,1.95,1
Dr. Ravi Kumar,Dermatology,14,05-02-2026,Metro Hospital,New Delhi,39,147,1.6,1
Dr. Rohit Verma,Cardiology,12,06-02-2026,Metro Hospital,Chennai,63,342,1.77,0
Dr. Ravi Kumar,Dermatology,14,07-02-2026,Govt Health Center,Kolkata,42,70,0.62,0
Dr. Swati Desai,Dermatology,16,08-02-2026,Govt Health Center,Mumbai,14,493,1.08,0
Dr. Swati Desai,Pediatrics,12,09-02-2026,Metro Hospital,Kolkata,27,72,1,0
Dr. Anil Mehra,Pediatrics,9,10-02-2026,Govt Health Center,New Delhi,72,187,1.35,1
Dr. Ravi Kumar,Pediatrics,12,11-02-2026,Govt Health Center,Mumbai,55,279,0.78,0
Dr. Anil Mehra,Orthopedics,15,12-02-2026,City Hospital,Kolkata,16,375,1.35,0
Dr. Swati Desai,Pediatrics,11,13-02-2026,Govt Health Center,Chennai,38,454,1.48,0
Dr. Ravi Kumar,Orthopedics,9,14-02-2026,City Hospital,New Delhi,66,406,0.7,0
Dr. Ravi Kumar,Pediatrics,17,15-02-2026,Govt Health Center,New Delhi,56,78,0.7,0
Dr. Anil Mehra,Dermatology,10,16-02-2026,Metro Hospital,Kolkata,18,364,0.55,0
Dr. Swati Desai,Orthopedics,16,17-02-2026,Govt Health Center,Mumbai,68,473,1.64,0
Dr. Ravi Kumar,Cardiology,16,18-02-2026,Govt Health Center,Mumbai,80,70,1,0
Dr. Anil Mehra,Orthopedics,15,19-02-2026,City Hospital,Chennai,80,391,0.84,0
Dr. Swati Desai,Orthopedics,15,20-02-2026,Metro Hospital,Chennai,52,148,1.67,1
Dr. Anil Mehra,Cardiology,15,21-02-2026,City Hospital,Mumbai,68,112,0.71,0
Dr. Rohit Verma,Orthopedics,15,22-02-2026,Metro Hospital,New Delhi,15,351,1.14,0
Dr. Ravi Kumar,Dermatology,15,23-02-2026,Metro Hospital,Chennai,62,182,1.62,1
Dr. Rohit Verma,Pediatrics,8,24-02-2026,City Hospital,Chennai,73,64,1.36,1
Dr. Swati Desai,Cardiology,13,25-02-2026,Govt Health Center,New Delhi,13,154,1.33,1
Dr. Rohit Verma,Pediatrics,16,26-02-2026,Metro Hospital,Mumbai,10,160,0.74,0
Dr. Rohit Verma,Dermatology,15,27-02-2026,Govt Health Center,Kolkata,79,388,0.77,0
Dr. Swati Desai,Cardiology,10,28-02-2026,City Hospital,Chennai,40,385,1.37,0
Dr. Anil Mehra,Pediatrics,8,01-03-2026,City Hospital,New Delhi,74,473,0.54,0
Dr. Rohit Verma,Pediatrics,9,02-03-2026,City Hospital,Chennai,78,160,1.8,1
Dr. Anil Mehra,Dermatology,9,03-03-2026,City Hospital,New Delhi,28,412,1.03,0
Dr. Rohit Verma,Pediatrics,14,04-03-2026,Metro Hospital,Chennai,78,392,1.12,0
Dr. Anil Mehra,Dermatology,13,05-03-2026,City Hospital,Mumbai,78,53,0.89,0
Dr. Swati Desai,Orthopedics,9,06-03-2026,Govt Health Center,New Delhi,58,201,1.82,1
Dr. Rohit Verma,Dermatology,15,07-03-2026,Govt Health Center,Kolkata,40,91,1.46,1
Dr. Swati Desai,Orthopedics,16,08-03-2026,Metro Hospital,Kolkata,69,424,1.17,0
Dr. Rohit Verma,Cardiology,14,09-03-2026,City Hospital,Chennai,80,75,1.38,1
Dr. Swati Desai,Pediatrics,11,10-03-2026,Metro Hospital,Kolkata,88,411,1.07,0
Dr. Swati Desai,Dermatology,8,11-03-2026,Metro Hospital,Chennai,64,243,1.2,1
Dr. Rohit Verma,Dermatology,11,12-03-2026,Metro Hospital,New Delhi,86,409,1.04,0
Dr. Rohit Verma,Pediatrics,11,13-03-2026,City Hospital,New Delhi,85,57,1.12,1
Dr. Rohit Verma,Pediatrics,15,14-03-2026,Govt Health Center,Kolkata,92,122,0.97,0
Dr. Ravi Kumar,Cardiology,11,15-03-2026,Govt Health Center,Kolkata,86,499,0.62,0
Dr. Anil Mehra,Cardiology,11,16-03-2026,Metro Hospital,Mumbai,47,127,0.56,0
Dr. Ravi Kumar,Dermatology,9,17-03-2026,Metro Hospital,New Delhi,42,197,0.76,0
Dr. Ravi Kumar,Cardiology,17,18-03-2026,Govt Health Center,Kolkata,15,371,0.88,0
Dr. Swati Desai,Orthopedics,14,19-03-2026,Govt Health Center,Kolkata,22,117,1.84,1
Dr. Rohit Verma,Cardiology,11,20-03-2026,City Hospital,Kolkata,86,404,1.42,0
Dr. Anil Mehra,Cardiology,13,21-03-2026,Metro Hospital,Chennai,86,232,1.94,1
Dr. Swati Desai,Dermatology,10,22-03-2026,City Hospital,Mumbai,29,383,1.01,0
Dr. Ravi Kumar,Orthopedics,14,23-03-2026,Govt Health Center,New Delhi,46,134,1.1,1
Dr. Rohit Verma,Cardiology,13,24-03-2026,Govt Health Center,Kolkata,54,128,1.58,1
Dr. Swati Desai,Orthopedics,10,25-03-2026,Govt Health Center,Kolkata,82,88,1.37,1
Dr. Rohit Verma,Orthopedics,11,26-03-2026,Govt Health Center,Kolkata,90,355,1.29,0
Dr. Swati Desai,Orthopedics,17,27-03-2026,City Hospital,Chennai,68,69,1.36,1
Dr. Rohit Verma,Pediatrics,12,28-03-2026,Govt Health Center,New Delhi,61,119,1.38,1
Dr. Ravi Kumar,Pediatrics,16,29-03-2026,Metro Hospital,Kolkata,27,205,1.65,1
Dr. Anil Mehra,Pediatrics,13,30-03-2026,Govt Health Center,Kolkata,34,166,1.5,1
Dr. Ravi Kumar,Pediatrics,11,31-03-2026,Metro Hospital,Chennai,88,417,1.94,0
Dr. Anil Mehra,Dermatology,14,01-04-2026,Govt Health Center,Chennai,96,476,1.92,0
Dr. Rohit Verma,Cardiology,9,02-04-2026,City Hospital,Mumbai,10,499,1.13,0
Dr. Swati Desai,Pediatrics,11,03-04-2026,Metro Hospital,Mumbai,50,77,0.55,0
Dr. Ravi Kumar,Dermatology,12,04-04-2026,City Hospital,New Delhi,27,424,0.52,0
Dr. Anil Mehra,Cardiology,11,05-04-2026,Govt Health Center,Mumbai,10,147,0.68,0
Dr. Ravi Kumar,Pediatrics,11,06-04-2026,City Hospital,New Delhi,48,378,0.61,0
Dr. Anil Mehra,Cardiology,16,07-04-2026,Govt Health Center,Mumbai,83,200,1.06,1
Dr. Ravi Kumar,Pediatrics,9,08-04-2026,City Hospital,Kolkata,40,413,0.58,0
Dr. Anil Mehra,Dermatology,13,09-04-2026,City Hospital,Mumbai,80,468,1.44,0
Dr. Anil Mehra,Orthopedics,15,10-04-2026,Metro Hospital,Kolkata,47,71,0.79,0
Dr. Rohit Verma,Orthopedics,15,11-04-2026,Govt Health Center,New Delhi,17,310,1.27,0
Dr. Anil Mehra,Cardiology,14,12-04-2026,City Hospital,Mumbai,43,109,0.65,0
Dr. Rohit Verma,Dermatology,17,13-04-2026,Govt Health Center,Mumbai,82,474,1.74,0
Dr. Anil Mehra,Orthopedics,11,14-04-2026,Metro Hospital,Mumbai,98,462,1.67,0
Dr. Swati Desai,Pediatrics,14,15-04-2026,City Hospital,Kolkata,36,212,1.08,1
Dr. Swati Desai,Orthopedics,17,16-04-2026,Govt Health Center,Kolkata,50,163,1.87,1
Dr. Swati Desai,Cardiology,13,17-04-2026,City Hospital,Mumbai,16,403,0.78,0
Dr. Anil Mehra,Cardiology,13,18-04-2026,City Hospital,New Delhi,41,245,1.72,1
Dr. Rohit Verma,Dermatology,9,19-04-2026,City Hospital,Kolkata,82,94,1.32,1
Dr. Rohit Verma,Cardiology,15,20-04-2026,City Hospital,Chennai,90,162,0.99,0
Dr. Anil Mehra,Orthopedics,15,21-04-2026,Metro Hospital,New Delhi,25,442,0.63,0
Dr. Swati Desai,Orthopedics,14,22-04-2026,Metro Hospital,New Delhi,11,228,0.76,0
Dr. Swati Desai,Orthopedics,16,23-04-2026,Govt Health Center,New Delhi,52,319,1.79,0
Dr. Rohit Verma,Orthopedics,15,24-04-2026,Govt Health Center,Kolkata,40,374,1.41,0
Dr. Swati Desai,Dermatology,16,25-04-2026,City Hospital,Mumbai,89,419,0.86,0
Dr. Ravi Kumar,Pediatrics,16,26-04-2026,City Hospital,Mumbai,56,105,1.24,1
Dr. Rohit Verma,Pediatrics,13,27-04-2026,City Hospital,Chennai,42,416,0.66,0
Dr. Swati Desai,Dermatology,9,28-04-2026,Metro Hospital,Mumbai,94,396,0.65,0
Dr. Rohit Verma,Cardiology,14,29-04-2026,City Hospital,Chennai,26,316,1.86,0
Dr. Ravi Kumar,Pediatrics,10,30-04-2026,Govt Health Center,Chennai,63,463,1.19,0
Dr. Rohit Verma,Cardiology,14,01-05-2026,City Hospital,Mumbai,63,164,1.04,1
Dr. Rohit Verma,Pediatrics,16,02-05-2026,Metro Hospital,Chennai,60,406,1.92,0
Dr. Rohit Verma,Cardiology,17,03-05-2026,City Hospital,New Delhi,61,216,1.1,1
Dr. Rohit Verma,Dermatology,17,04-05-2026,Metro Hospital,New Delhi,16,403,1,0
Dr. Ravi Kumar,Orthopedics,9,05-05-2026,Metro Hospital,New Delhi,63,164,0.91,0
Dr. Anil Mehra,Cardiology,13,06-05-2026,Metro Hospital,Kolkata,20,457,1.35,0
Dr. Rohit Verma,Orthopedics,13,07-05-2026,Metro Hospital,Chennai,71,129,1.34,1
Dr. Rohit Verma,Cardiology,16,08-05-2026,Govt Health Center,Chennai,39,363,0.52,0
Dr. Swati Desai,Cardiology,16,09-05-2026,Metro Hospital,New Delhi,91,335,1.48,0
Dr. Rohit Verma,Cardiology,12,10-05-2026,Govt Health Center,Kolkata,66,457,1.68,0
Dr. Swati Desai,Cardiology,12,11-05-2026,Govt Health Center,Mumbai,55,372,1.42,0
Dr. Anil Mehra,Cardiology,16,12-05-2026,City Hospital,New Delhi,89,78,1.8,1
Dr. Ravi Kumar,Orthopedics,15,13-05-2026,City Hospital,Kolkata,79,91,0.91,0
Dr. Ravi Kumar,Cardiology,14,14-05-2026,Metro Hospital,Mumbai,75,168,0.79,0
Dr. Anil Mehra,Orthopedics,15,15-05-2026,City Hospital,Kolkata,64,111,1.55,1
Dr. Ravi Kumar,Dermatology,13,16-05-2026,Metro Hospital,Mumbai,67,204,0.78,0
Dr. Anil Mehra,Pediatrics,10,17-05-2026,City Hospital,Chennai,19,334,0.64,0
Dr. Anil Mehra,Cardiology,14,18-05-2026,Metro Hospital,Chennai,13,499,0.64,0
Dr. Anil Mehra,Pediatrics,15,19-05-2026,City Hospital,Kolkata,83,490,1.65,0
Dr. Ravi Kumar,Orthopedics,15,20-05-2026,City Hospital,Kolkata,82,238,0.54,0
Dr. Swati Desai,Dermatology,8,21-05-2026,Govt Health Center,Mumbai,71,334,0.93,0
Dr. Anil Mehra,Dermatology,14,22-05-2026,City Hospital,Kolkata,52,153,0.69,0
Dr. Rohit Verma,Dermatology,10,23-05-2026,City Hospital,Kolkata,51,106,1.63,1
Dr. Ravi Kumar,Pediatrics,9,24-05-2026,Metro Hospital,Mumbai,33,360,1.26,0
Dr. Anil Mehra,Orthopedics,9,25-05-2026,Govt Health Center,Mumbai,14,421,0.81,0
Dr. Anil Mehra,Cardiology,15,26-05-2026,Metro Hospital,Chennai,77,221,1.63,1
Dr. Rohit Verma,Cardiology,16,27-05-2026,City Hospital,New Delhi,86,433,1.63,0
Dr. Swati Desai,Orthopedics,10,28-05-2026,Metro Hospital,Kolkata,54,205,1.28,1
Dr. Swati Desai,Pediatrics,10,29-05-2026,Govt Health Center,Mumbai,68,214,0.91,0
Dr. Swati Desai,Cardiology,13,30-05-2026,Metro Hospital,Chennai,74,456,1.38,0
Dr. Anil Mehra,Orthopedics,17,31-05-2026,City Hospital,New Delhi,72,382,1.9,0
Dr. Anil Mehra,Cardiology,8,01-06-2026,Metro Hospital,Kolkata,84,118,0.58,0
Dr. Anil Mehra,Dermatology,13,02-06-2026,City Hospital,Chennai,99,107,0.9,0
Dr. Ravi Kumar,Cardiology,10,03-06-2026,Govt Health Center,New Delhi,76,256,0.93,0
Dr. Rohit Verma,Pediatrics,11,04-06-2026,Govt Health Center,Kolkata,58,465,1.45,0
Dr. Anil Mehra,Orthopedics,16,05-06-2026,Metro Hospital,Chennai,86,134,1.48,1
Dr. Rohit Verma,Pediatrics,10,06-06-2026,Govt Health Center,Kolkata,41,374,0.81,0
Dr. Rohit Verma,Orthopedics,8,07-06-2026,Metro Hospital,New Delhi,59,150,0.82,0
Dr. Swati Desai,Dermatology,10,08-06-2026,City Hospital,Mumbai,96,341,1.89,0
Dr. Ravi Kumar,Orthopedics,14,09-06-2026,Metro Hospital,Chennai,67,300,1.63,0
Dr. Anil Mehra,Cardiology,14,10-06-2026,City Hospital,New Delhi,61,269,1.9,1
Dr. Swati Desai,Cardiology,12,11-06-2026,Govt Health Center,Kolkata,32,209,1.74,1
Dr. Swati Desai,Dermatology,8,12-06-2026,City Hospital,New Delhi,39,236,1.1,1
Dr. Anil Mehra,Orthopedics,15,13-06-2026,City Hospital,New Delhi,79,433,0.68,0
Dr. Rohit Verma,Dermatology,17,14-06-2026,City Hospital,Mumbai,80,493,1.44,0
Dr. Swati Desai,Cardiology,15,15-06-2026,City Hospital,Chennai,39,136,1.03,1
Dr. Rohit Verma,Pediatrics,17,16-06-2026,City Hospital,New Delhi,46,379,1.14,0
Dr. Ravi Kumar,Dermatology,17,17-06-2026,Metro Hospital,Mumbai,57,398,1.14,0
Dr. Rohit Verma,Pediatrics,17,18-06-2026,City Hospital,Mumbai,41,204,1.9,1
Dr. Ravi Kumar,Pediatrics,9,19-06-2026,City Hospital,Mumbai,79,404,0.6,0
Dr. Rohit Verma,Orthopedics,17,20-06-2026,City Hospital,Kolkata,44,329,0.79,0
Dr. Swati Desai,Dermatology,10,21-06-2026,City Hospital,Mumbai,85,392,1.41,0
Dr. Swati Desai,Pediatrics,11,22-06-2026,City Hospital,Mumbai,77,372,1.83,0
Dr. Ravi Kumar,Pediatrics,8,23-06-2026,City Hospital,Mumbai,41,213,1.88,1
Dr. Anil Mehra,Orthopedics,11,24-06-2026,Govt Health Center,Mumbai,68,447,1.34,0
Dr. Ravi Kumar,Orthopedics,12,25-06-2026,Metro Hospital,Chennai,44,117,0.55,0
Dr. Ravi Kumar,Cardiology,10,26-06-2026,City Hospital,Chennai,25,477,1.04,0
Dr. Rohit Verma,Pediatrics,17,27-06-2026,Metro Hospital,Mumbai,88,481,1.88,0
Dr. Rohit Verma,Cardiology,9,28-06-2026,Govt Health Center,New Delhi,61,411,1.25,0
Dr. Ravi Kumar,Pediatrics,13,29-06-2026,Govt Health Center,Kolkata,75,424,1.59,0
Dr. Swati Desai,Cardiology,15,30-06-2026,City Hospital,New Delhi,15,337,0.9,0
Dr. Rohit Verma,Orthopedics,14,01-07-2026,Metro Hospital,New Delhi,23,261,0.54,0
Dr. Anil Mehra,Dermatology,8,02-07-2026,City Hospital,Mumbai,38,169,1.37,1
Dr. Rohit Verma,Orthopedics,11,03-07-2026,Govt Health Center,New Delhi,35,450,1.75,0
Dr. Rohit Verma,Cardiology,10,04-07-2026,Govt Health Center,Chennai,27,234,1.99,1
Dr. Anil Mehra,Cardiology,13,05-07-2026,Metro Hospital,Chennai,13,472,1.77,0
Dr. Ravi Kumar,Dermatology,16,06-07-2026,City Hospital,Kolkata,66,465,1.33,0
Dr. Anil Mehra,Pediatrics,16,07-07-2026,Metro Hospital,Chennai,62,265,1.41,1
Dr. Ravi Kumar,Cardiology,14,08-07-2026,Metro Hospital,Chennai,34,179,1.74,1
Dr. Ravi Kumar,Cardiology,16,09-07-2026,Govt Health Center,Mumbai,56,127,0.53,0
Dr. Ravi Kumar,Cardiology,15,10-07-2026,Metro Hospital,Chennai,61,219,1.93,1
Dr. Anil Mehra,Dermatology,12,11-07-2026,Govt Health Center,New Delhi,43,87,1.3,1
Dr. Ravi Kumar,Orthopedics,16,12-07-2026,City Hospital,New Delhi,25,104,1.93,1
Dr. Swati Desai,Cardiology,14,13-07-2026,Metro Hospital,Chennai,96,488,1.65,0
Dr. Anil Mehra,Dermatology,12,14-07-2026,Metro Hospital,Kolkata,45,339,0.73,0
Dr. Swati Desai,Cardiology,15,15-07-2026,City Hospital,Kolkata,37,95,0.75,0
Dr. Ravi Kumar,Pediatrics,14,16-07-2026,Metro Hospital,Kolkata,74,220,1.03,1
Dr. Rohit Verma,Dermatology,16,17-07-2026,City Hospital,Chennai,81,179,0.9,0
Dr. Ravi Kumar,Cardiology,17,18-07-2026,Govt Health Center,Kolkata,62,213,1.16,1
Dr. Swati Desai,Dermatology,8,19-07-2026,Govt Health Center,Chennai,51,119,1.41,1
Dr. Swati Desai,Cardiology,16,20-07-2026,Metro Hospital,New Delhi,88,341,1.15,0
Dr. Anil Mehra,Orthopedics,14,21-07-2026,Govt Health Center,Kolkata,28,455,0.58,0
Dr. Rohit Verma,Cardiology,8,22-07-2026,Govt Health Center,Kolkata,53,118,1.96,1
Dr. Anil Mehra,Dermatology,8,23-07-2026,City Hospital,Kolkata,39,471,1.14,0
Dr. Swati Desai,Pediatrics,12,24-07-2026,Govt Health Center,New Delhi,83,154,1.78,1
Dr. Ravi Kumar,Pediatrics,15,25-07-2026,Govt Health Center,Chennai,53,103,0.61,0
Dr. Rohit Verma,Pediatrics,16,26-07-2026,Govt Health Center,New Delhi,36,455,1.72,0
Dr. Ravi Kumar,Cardiology,13,27-07-2026,City Hospital,New Delhi,93,417,0.76,0
Dr. Ravi Kumar,Orthopedics,17,28-07-2026,Metro Hospital,Mumbai,98,412,1.52,0
Dr. Rohit Verma,Cardiology,15,29-07-2026,City Hospital,Kolkata,82,297,1.49,1
Dr. Anil Mehra,Pediatrics,13,30-07-2026,Metro Hospital,Chennai,43,464,1.86,0
Dr. Ravi Kumar,Dermatology,13,31-07-2026,Metro Hospital,Chennai,94,358,0.98,0
Dr. Swati Desai,Pediatrics,11,01-08-2026,Govt Health Center,Mumbai,33,422,0.66,0
Dr. Ravi Kumar,Dermatology,12,02-08-2026,Govt Health Center,Mumbai,65,155,1.8,1
Dr. Rohit Verma,Orthopedics,9,03-08-2026,City Hospital,New Delhi,16,398,1,0
Dr. Rohit Verma,Dermatology,10,04-08-2026,City Hospital,Mumbai,77,364,0.85,0
Dr. Rohit Verma,Cardiology,10,05-08-2026,City Hospital,Chennai,60,146,1.23,1
Dr. Anil Mehra,Cardiology,12,06-08-2026,Govt Health Center,Chennai,17,391,0.72,0
Dr. Ravi Kumar,Cardiology,12,07-08-2026,Metro Hospital,Chennai,65,482,0.95,0
Dr. Anil Mehra,Dermatology,13,08-08-2026,City Hospital,New Delhi,86,76,1.08,1
Dr. Anil Mehra,Cardiology,12,09-08-2026,Metro Hospital,Kolkata,67,121,0.92,0
Dr. Rohit Verma,Cardiology,13,10-08-2026,Govt Health Center,Kolkata,94,427,1.18,0
Dr. Rohit Verma,Cardiology,15,11-08-2026,Govt Health Center,New Delhi,78,234,1.08,1
Dr. Anil Mehra,Orthopedics,9,12-08-2026,Govt Health Center,Chennai,17,183,1.66,1
Dr. Ravi Kumar,Dermatology,11,13-08-2026,Govt Health Center,Chennai,75,223,1.88,1
Dr. Swati Desai,Dermatology,13,14-08-2026,Metro Hospital,New Delhi,33,330,0.65,0
Dr. Anil Mehra,Pediatrics,12,15-08-2026,Metro Hospital,New Delhi,51,147,1.73,1
Dr. Ravi Kumar,Dermatology,8,16-08-2026,City Hospital,Mumbai,63,442,1.9,0
Dr. Rohit Verma,Orthopedics,16,17-08-2026,Metro Hospital,New Delhi,25,113,1.53,1
Dr. Rohit Verma,Dermatology,10,18-08-2026,Metro Hospital,Kolkata,13,464,1.99,0
Dr. Ravi Kumar,Orthopedics,9,19-08-2026,Metro Hospital,New Delhi,68,452,1,0
Dr. Swati Desai,Orthopedics,16,20-08-2026,City Hospital,Chennai,55,162,1.75,1
Dr. Rohit Verma,Dermatology,14,21-08-2026,Metro Hospital,Chennai,22,114,1.51,1
Dr. Rohit Verma,Pediatrics,12,22-08-2026,Metro Hospital,Chennai,46,265,0.99,0
Dr. Rohit Verma,Cardiology,13,23-08-2026,Metro Hospital,Kolkata,63,403,1.56,0
Dr. Ravi Kumar,Cardiology,11,24-08-2026,Govt Health Center,Kolkata,58,450,1.26,0
Dr. Anil Mehra,Dermatology,8,25-08-2026,Metro Hospital,Mumbai,84,339,0.78,0
Dr. Rohit Verma,Dermatology,11,26-08-2026,City Hospital,New Delhi,67,469,0.76,0
Dr. Anil Mehra,Orthopedics,16,27-08-2026,City Hospital,Mumbai,28,446,1.57,0
Dr. Swati Desai,Dermatology,8,28-08-2026,City Hospital,New Delhi,27,364,1.57,0
Dr. Rohit Verma,Orthopedics,17,29-08-2026,City Hospital,New Delhi,69,138,1.3,1
Dr. Rohit Verma,Pediatrics,10,30-08-2026,Govt Health Center,Kolkata,26,296,1.25,1
Dr. Swati Desai,Dermatology,12,31-08-2026,City Hospital,Chennai,20,381,0.77,0
Dr. Rohit Verma,Cardiology,14,01-09-2026,Govt Health Center,New Delhi,24,198,1.14,1
Dr. Anil Mehra,Cardiology,16,02-09-2026,Govt Health Center,Kolkata,81,406,1.81,0
Dr. Ravi Kumar,Dermatology,13,03-09-2026,Govt Health Center,Mumbai,26,415,1.78,0
Dr. Anil Mehra,Orthopedics,10,04-09-2026,City Hospital,Chennai,99,498,1.49,0
Dr. Ravi Kumar,Cardiology,14,05-09-2026,City Hospital,Mumbai,14,289,2,1
Dr. Ravi Kumar,Orthopedics,11,06-09-2026,Govt Health Center,Mumbai,70,55,1.84,1
Dr. Anil Mehra,Dermatology,10,07-09-2026,Govt Health Center,Kolkata,13,286,0.72,0
Dr. Anil Mehra,Dermatology,14,08-09-2026,City Hospital,Chennai,65,414,1.1,0
Dr. Anil Mehra,Cardiology,14,09-09-2026,Metro Hospital,New Delhi,97,316,0.7,0
Dr. Anil Mehra,Dermatology,11,10-09-2026,Metro Hospital,Mumbai,84,385,1.2,0
Dr. Swati Desai,Pediatrics,14,11-09-2026,Metro Hospital,New Delhi,57,455,1.66,0
Dr. Rohit Verma,Pediatrics,9,12-09-2026,City Hospital,Chennai,57,287,0.73,0
Dr. Ravi Kumar,Cardiology,8,13-09-2026,City Hospital,Kolkata,44,188,1.82,1
Dr. Anil Mehra,Pediatrics,9,14-09-2026,Govt Health Center,Kolkata,42,214,1.35,1
Dr. Anil Mehra,Orthopedics,11,15-09-2026,City Hospital,Kolkata,30,331,1.62,0
Dr. Anil Mehra,Cardiology,15,16-09-2026,City Hospital,New Delhi,14,234,0.57,0
Dr. Swati Desai,Cardiology,10,17-09-2026,City Hospital,New Delhi,73,203,0.64,0
Dr. Anil Mehra,Orthopedics,17,18-09-2026,Govt Health Center,Chennai,78,155,1.43,1
Dr. Anil Mehra,Pediatrics,13,19-09-2026,Govt Health Center,New Delhi,30,198,1.76,1
Dr. Anil Mehra,Pediatrics,13,20-09-2026,Metro Hospital,Kolkata,98,234,1.81,1
Dr. Rohit Verma,Pediatrics,16,21-09-2026,Metro Hospital,Mumbai,83,459,1.53,0
Dr. Swati Desai,Cardiology,16,22-09-2026,City Hospital,Mumbai,92,320,0.8,0
Dr. Anil Mehra,Cardiology,11,23-09-2026,City Hospital,Mumbai,41,408,0.79,0
Dr. Ravi Kumar,Pediatrics,16,24-09-2026,Govt Health Center,Kolkata,27,240,1.82,1
Dr. Ravi Kumar,Dermatology,13,25-09-2026,Metro Hospital,New Delhi,67,212,0.67,0
Dr. Ravi Kumar,Pediatrics,9,26-09-2026,Metro Hospital,Mumbai,88,444,1.53,0
Dr. Swati Desai,Orthopedics,17,27-09-2026,Metro Hospital,New Delhi,33,250,1.3,1
Dr. Swati Desai,Cardiology,13,28-09-2026,City Hospital,New Delhi,14,155,1.13,1
Dr. Ravi Kumar,Orthopedics,9,29-09-2026,City Hospital,Kolkata,62,264,1.16,1
Dr. Anil Mehra,Orthopedics,15,30-09-2026,City Hospital,New Delhi,82,373,1.92,0
Dr. Swati Desai,Cardiology,11,01-10-2026,Govt Health Center,New Delhi,64,269,1.79,1
Dr. Ravi Kumar,Dermatology,12,02-10-2026,Metro Hospital,Kolkata,14,394,1.8,0
Dr. Ravi Kumar,Pediatrics,15,03-10-2026,Govt Health Center,Chennai,78,266,1.11,1
Dr. Anil Mehra,Orthopedics,15,04-10-2026,Metro Hospital,Mumbai,50,483,0.66,0
Dr. Rohit Verma,Cardiology,13,05-10-2026,City Hospital,Mumbai,16,78,2,1
Dr. Swati Desai,Orthopedics,11,06-10-2026,Govt Health Center,New Delhi,99,287,0.72,0
Dr. Anil Mehra,Pediatrics,8,07-10-2026,Govt Health Center,Chennai,10,113,1.27,1
Dr. Ravi Kumar,Dermatology,14,08-10-2026,City Hospital,Kolkata,61,474,0.9,0
Dr. Ravi Kumar,Dermatology,15,09-10-2026,Metro Hospital,New Delhi,35,145,1.27,1
Dr. Anil Mehra,Dermatology,16,10-10-2026,Metro Hospital,Kolkata,72,203,0.96,0
Dr. Swati Desai,Cardiology,9,11-10-2026,Metro Hospital,Mumbai,21,77,1.85,1
Dr. Rohit Verma,Cardiology,8,12-10-2026,Metro Hospital,Kolkata,79,389,1.95,0
Dr. Rohit Verma,Dermatology,11,13-10-2026,City Hospital,Mumbai,93,225,1.12,1
Dr. Ravi Kumar,Pediatrics,12,14-10-2026,City Hospital,Kolkata,28,300,0.61,0
Dr. Swati Desai,Pediatrics,17,15-10-2026,City Hospital,Kolkata,89,243,1.5,1
Dr. Rohit Verma,Cardiology,8,16-10-2026,City Hospital,Chennai,13,328,1.06,0
Dr. Swati Desai,Dermatology,12,17-10-2026,Govt Health Center,Kolkata,91,88,1.98,1
Dr. Swati Desai,Pediatrics,13,18-10-2026,Govt Health Center,New Delhi,14,118,0.63,0
Dr. Ravi Kumar,Pediatrics,10,19-10-2026,Govt Health Center,Chennai,63,326,0.68,0
Dr. Rohit Verma,Pediatrics,14,20-10-2026,City Hospital,New Delhi,79,169,1.55,1
Dr. Anil Mehra,Cardiology,13,21-10-2026,Metro Hospital,Kolkata,66,135,1.64,1
Dr. Ravi Kumar,Dermatology,11,22-10-2026,Govt Health Center,Kolkata,87,226,1.21,1
Dr. Rohit Verma,Orthopedics,10,23-10-2026,Govt Health Center,Chennai,61,143,0.92,0
Dr. Rohit Verma,Dermatology,12,24-10-2026,City Hospital,Mumbai,27,141,0.96,0
Dr. Rohit Verma,Dermatology,10,25-10-2026,Metro Hospital,Chennai,73,469,1.01,0
Dr. Rohit Verma,Cardiology,17,26-10-2026,Metro Hospital,Mumbai,19,130,0.84,0
Dr. Rohit Verma,Pediatrics,16,27-10-2026,Metro Hospital,Mumbai,32,390,1.78,0
Dr. Swati Desai,Pediatrics,16,28-10-2026,City Hospital,Kolkata,91,470,0.6,0
Dr. Ravi Kumar,Cardiology,13,29-10-2026,Metro Hospital,New Delhi,77,277,1.11,1
Dr. Swati Desai,Cardiology,13,30-10-2026,Govt Health Center,Chennai,61,432,1.62,0
Dr. Anil Mehra,Cardiology,11,31-10-2026,Govt Health Center,Chennai,56,137,0.51,0
Dr. Rohit Verma,Cardiology,11,01-11-2026,Govt Health Center,Kolkata,79,399,1.82,0
Dr. Ravi Kumar,Cardiology,9,02-11-2026,City Hospital,Kolkata,35,177,1.56,1
Dr. Rohit Verma,Orthopedics,17,03-11-2026,Metro Hospital,Chennai,79,347,0.61,0
Dr. Ravi Kumar,Dermatology,11,04-11-2026,City Hospital,Chennai,52,239,1.84,1
Dr. Swati Desai,Dermatology,15,05-11-2026,Metro Hospital,New Delhi,78,404,1.23,0
Dr. Ravi Kumar,Dermatology,17,06-11-2026,City Hospital,Kolkata,72,183,1.48,1
Dr. Anil Mehra,Pediatrics,9,07-11-2026,Govt Health Center,New Delhi,87,185,1.82,1
Dr. Anil Mehra,Orthopedics,16,08-11-2026,City Hospital,Kolkata,75,374,1.82,0
Dr. Ravi Kumar,Dermatology,8,09-11-2026,City Hospital,Kolkata,72,89,1.11,1
Dr. Ravi Kumar,Pediatrics,9,10-11-2026,City Hospital,New Delhi,22,187,0.86,0
Dr. Ravi Kumar,Orthopedics,9,11-11-2026,Govt Health Center,Mumbai,60,336,0.89,0
Dr. Ravi Kumar,Orthopedics,13,12-11-2026,City Hospital,Mumbai,14,305,1.65,0
Dr. Anil Mehra,Pediatrics,14,13-11-2026,City Hospital,Mumbai,56,335,1.89,0
Dr. Rohit Verma,Orthopedics,10,14-11-2026,Govt Health Center,Kolkata,45,484,0.61,0
Dr. Ravi Kumar,Pediatrics,16,15-11-2026,Metro Hospital,New Delhi,45,134,0.52,0
Dr. Ravi Kumar,Dermatology,12,16-11-2026,City Hospital,Mumbai,59,469,1.73,0
Dr. Anil Mehra,Pediatrics,12,17-11-2026,Govt Health Center,Chennai,65,366,1.08,0
Dr. Anil Mehra,Orthopedics,11,18-11-2026,City Hospital,Mumbai,28,76,0.91,0
Dr. Swati Desai,Dermatology,16,19-11-2026,Govt Health Center,New Delhi,29,279,0.78,0
Dr. Ravi Kumar,Dermatology,15,20-11-2026,Metro Hospital,Kolkata,31,340,1.02,0
Dr. Swati Desai,Cardiology,11,21-11-2026,Metro Hospital,New Delhi,40,365,1.96,0
Dr. Anil Mehra,Cardiology,11,22-11-2026,City Hospital,Kolkata,71,337,1.97,0
Dr. Anil Mehra,Orthopedics,9,23-11-2026,Govt Health Center,New Delhi,53,395,1,0
Dr. Rohit Verma,Pediatrics,16,24-11-2026,Metro Hospital,New Delhi,77,181,1.95,1
Dr. Ravi Kumar,Pediatrics,10,25-11-2026,Metro Hospital,Chennai,76,140,0.95,0
Dr. Swati Desai,Orthopedics,11,26-11-2026,Govt Health Center,Mumbai,98,405,1.78,0
Dr. Anil Mehra,Dermatology,14,27-11-2026,City Hospital,Mumbai,58,278,0.82,0
Dr. Anil Mehra,Orthopedics,17,28-11-2026,Metro Hospital,New Delhi,68,76,1.74,1
Dr. Swati Desai,Orthopedics,15,29-11-2026,Metro Hospital,Mumbai,13,352,1.03,0
Dr. Rohit Verma,Dermatology,15,30-11-2026,Metro Hospital,Chennai,48,439,0.79,0
Dr. Anil Mehra,Pediatrics,11,01-12-2026,City Hospital,New Delhi,16,331,1.9,0
Dr. Ravi Kumar,Orthopedics,14,02-12-2026,Metro Hospital,Mumbai,80,329,0.82,0
Dr. Anil Mehra,Pediatrics,17,03-12-2026,Govt Health Center,Mumbai,58,248,1.99,1
Dr. Ravi Kumar,Orthopedics,8,04-12-2026,City Hospital,Kolkata,98,424,0.66,0
Dr. Swati Desai,Dermatology,13,05-12-2026,Metro Hospital,Mumbai,24,349,0.52,0
Dr. Ravi Kumar,Dermatology,13,06-12-2026,Govt Health Center,Mumbai,16,447,1.81,0
Dr. Swati Desai,Cardiology,13,07-12-2026,Govt Health Center,Kolkata,56,446,1.38,0
Dr. Ravi Kumar,Dermatology,9,08-12-2026,City Hospital,New Delhi,77,203,1.13,1
Dr. Swati Desai,Cardiology,15,09-12-2026,Govt Health Center,New Delhi,54,348,0.62,0
Dr. Ravi Kumar,Orthopedics,12,10-12-2026,City Hospital,Chennai,28,92,1.36,1
Dr. Rohit Verma,Pediatrics,12,11-12-2026,City Hospital,Kolkata,56,371,1.09,0
Dr. Ravi Kumar,Dermatology,9,12-12-2026,City Hospital,New Delhi,62,159,1.23,1
Dr. Ravi Kumar,Dermatology,11,13-12-2026,Govt Health Center,Mumbai,36,160,1.45,1
Dr. Rohit Verma,Dermatology,16,14-12-2026,City Hospital,Mumbai,14,461,1.46,0
Dr. Anil Mehra,Orthopedics,16,15-12-2026,City Hospital,Mumbai,69,50,1.94,1
Dr. Anil Mehra,Cardiology,13,16-12-2026,Govt Health Center,Chennai,86,189,1.48,1
Dr. Ravi Kumar,Orthopedics,16,17-12-2026,City Hospital,New Delhi,71,415,1.01,0
Dr. Rohit Verma,Pediatrics,11,18-12-2026,Metro Hospital,Kolkata,68,227,0.99,0
Dr. Ravi Kumar,Orthopedics,8,19-12-2026,Govt Health Center,New Delhi,70,486,1.22,0
Dr. Swati Desai,Pediatrics,9,20-12-2026,Govt Health Center,Kolkata,65,109,0.89,0
Dr. Swati Desai,Dermatology,8,21-12-2026,Govt Health Center,Kolkata,87,232,1.06,1
Dr. Ravi Kumar,Pediatrics,15,22-12-2026,Metro Hospital,New Delhi,56,468,1.76,0
Dr. Anil Mehra,Pediatrics,16,23-12-2026,City Hospital,Mumbai,57,494,1.79,0
Dr. Anil Mehra,Cardiology,17,24-12-2026,Govt Health Center,Mumbai,19,331,1.44,0
Dr. Ravi Kumar,Pediatrics,13,25-12-2026,Govt Health Center,Kolkata,41,464,1.37,0
Dr. Ravi Kumar,Pediatrics,9,26-12-2026,Govt Health Center,Mumbai,74,362,1.14,0
Dr. Swati Desai,Orthopedics,13,27-12-2026,Metro Hospital,Chennai,33,445,1.45,0
Dr. Anil Mehra,Dermatology,16,28-12-2026,Metro Hospital,Chennai,38,270,1.71,1
Dr. Ravi Kumar,Orthopedics,10,29-12-2026,Metro Hospital,Kolkata,16,438,1.61,0
Dr. Swati Desai,Orthopedics,16,30-12-2026,City Hospital,Mumbai,26,276,0.55,0
Dr. Anil Mehra,Dermatology,9,31-12-2026,City Hospital,Kolkata,34,440,1.6,0
Dr. Rohit Verma,Dermatology,12,01-01-2027,Metro Hospital,Chennai,45,193,1.58,1
Dr. Swati Desai,Pediatrics,9,02-01-2027,City Hospital,Chennai,70,273,0.65,0
Dr. Anil Mehra,Pediatrics,14,03-01-2027,Metro Hospital,Chennai,80,101,0.73,0
Dr. Anil Mehra,Cardiology,17,04-01-2027,City Hospital,New Delhi,44,130,1.68,1
Dr. Swati Desai,Orthopedics,16,05-01-2027,City Hospital,Chennai,93,198,1.34,1
Dr. Rohit Verma,Dermatology,14,06-01-2027,Metro Hospital,Mumbai,87,76,1.73,1
Dr. Swati Desai,Pediatrics,12,07-01-2027,Govt Health Center,New Delhi,59,281,0.78,0
Dr. Anil Mehra,Dermatology,11,08-01-2027,Govt Health Center,Chennai,65,160,0.55,0
Dr. Ravi Kumar,Pediatrics,11,09-01-2027,City Hospital,Mumbai,74,421,0.74,0
Dr. Ravi Kumar,Cardiology,17,10-01-2027,City Hospital,Chennai,50,128,1.18,1
Dr. Swati Desai,Cardiology,15,11-01-2027,City Hospital,Mumbai,34,328,1.28,0
Dr. Anil Mehra,Dermatology,17,12-01-2027,City Hospital,Mumbai,43,176,1.79,1
Dr. Ravi Kumar,Cardiology,17,13-01-2027,City Hospital,Chennai,17,330,1.57,0
Dr. Anil Mehra,Dermatology,17,14-01-2027,City Hospital,Chennai,65,444,1.99,0
Dr. Swati Desai,Pediatrics,17,15-01-2027,Metro Hospital,New Delhi,93,368,0.62,0
Dr. Ravi Kumar,Orthopedics,17,16-01-2027,Govt Health Center,Chennai,39,490,0.7,0
Dr. Anil Mehra,Cardiology,8,17-01-2027,Govt Health Center,Mumbai,77,390,0.63,0
Dr. Ravi Kumar,Pediatrics,12,18-01-2027,Metro Hospital,Kolkata,30,231,1.31,1
Dr. Swati Desai,Orthopedics,9,19-01-2027,Metro Hospital,New Delhi,19,168,0.9,0
Dr. Anil Mehra,Orthopedics,16,20-01-2027,Govt Health Center,Mumbai,96,315,1.53,0
Dr. Ravi Kumar,Orthopedics,14,21-01-2027,Govt Health Center,Mumbai,42,227,0.7,0
Dr. Swati Desai,Pediatrics,17,22-01-2027,City Hospital,Kolkata,84,250,0.65,0
Dr. Ravi Kumar,Pediatrics,15,23-01-2027,Govt Health Center,Chennai,92,417,1.19,0
Dr. Ravi Kumar,Dermatology,13,24-01-2027,City Hospital,Mumbai,84,434,1.06,0
Dr. Rohit Verma,Orthopedics,16,25-01-2027,City Hospital,Kolkata,13,119,1.74,1
Dr. Rohit Verma,Orthopedics,13,26-01-2027,Govt Health Center,Kolkata,32,207,1.76,1
Dr. Swati Desai,Orthopedics,14,27-01-2027,City Hospital,Chennai,78,360,0.68,0
Dr. Rohit Verma,Dermatology,14,28-01-2027,City Hospital,Kolkata,62,147,1.72,1
Dr. Swati Desai,Orthopedics,16,29-01-2027,Metro Hospital,Kolkata,14,254,1.35,1
Dr. Rohit Verma,Pediatrics,15,30-01-2027,Govt Health Center,Kolkata,27,135,1.26,1
Dr. Ravi Kumar,Orthopedics,8,31-01-2027,Metro Hospital,Kolkata,26,439,0.64,0
Dr. Swati Desai,Cardiology,11,01-02-2027,City Hospital,Kolkata,67,410,1.61,0
Dr. Swati Desai,Pediatrics,14,02-02-2027,City Hospital,Kolkata,76,329,0.59,0
Dr. Ravi Kumar,Dermatology,15,03-02-2027,Metro Hospital,Mumbai,81,134,0.92,0
Dr. Swati Desai,Orthopedics,14,04-02-2027,Metro Hospital,New Delhi,65,408,0.64,0
Dr. Swati Desai,Cardiology,10,05-02-2027,Metro Hospital,Chennai,49,264,1.3,1
Dr. Rohit Verma,Dermatology,11,06-02-2027,City Hospital,New Delhi,96,182,1.47,1
Dr. Swati Desai,Dermatology,14,07-02-2027,Govt Health Center,Chennai,96,440,1.84,0
Dr. Anil Mehra,Pediatrics,15,08-02-2027,City Hospital,New Delhi,11,436,1.6,0
Dr. Ravi Kumar,Dermatology,14,09-02-2027,Metro Hospital,Chennai,30,296,1.94,1
Dr. Rohit Verma,Dermatology,13,10-02-2027,Govt Health Center,Kolkata,61,190,1.64,1
Dr. Rohit Verma,Dermatology,16,11-02-2027,Metro Hospital,New Delhi,33,487,0.95,0
Dr. Anil Mehra,Dermatology,16,12-02-2027,City Hospital,New Delhi,62,496,1.32,0
Dr. Ravi Kumar,Orthopedics,14,13-02-2027,Govt Health Center,Chennai,47,125,1.19,1
Dr. Ravi Kumar,Orthopedics,15,14-02-2027,Govt Health Center,Chennai,29,439,1.35,0
Dr. Rohit Verma,Orthopedics,13,15-02-2027,City Hospital,Mumbai,59,147,1.36,1
Dr. Swati Desai,Orthopedics,8,16-02-2027,Metro Hospital,Kolkata,48,352,1.55,0
Dr. Rohit Verma,Cardiology,8,17-02-2027,Metro Hospital,Kolkata,69,104,0.62,0
Dr. Ravi Kumar,Orthopedics,13,18-02-2027,Metro Hospital,Mumbai,48,354,1.62,0
Dr. Anil Mehra,Dermatology,9,19-02-2027,City Hospital,Chennai,80,490,0.72,0
Dr. Rohit Verma,Orthopedics,15,20-02-2027,Metro Hospital,Kolkata,42,308,0.54,0
Dr. Ravi Kumar,Orthopedics,8,21-02-2027,Govt Health Center,Chennai,38,71,1.28,1
Dr. Rohit Verma,Pediatrics,9,22-02-2027,Metro Hospital,Kolkata,83,84,1.37,1
Dr. Swati Desai,Dermatology,15,23-02-2027,Metro Hospital,New Delhi,19,77,0.55,0
Dr. Rohit Verma,Orthopedics,13,24-02-2027,Govt Health Center,New Delhi,85,219,1.27,1
Dr. Rohit Verma,Orthopedics,17,25-02-2027,Govt Health Center,Kolkata,76,189,1.3,1
Dr. Ravi Kumar,Orthopedics,9,26-02-2027,Metro Hospital,Kolkata,12,178,0.58,0
Dr. Ravi Kumar,Cardiology,9,27-02-2027,Govt Health Center,Kolkata,86,149,1.57,1
Dr. Ravi Kumar,Orthopedics,14,28-02-2027,City Hospital,Mumbai,40,422,0.82,0
Dr. Rohit Verma,Pediatrics,12,01-03-2027,Govt Health Center,Kolkata,36,296,1.69,1
Dr. Swati Desai,Dermatology,12,02-03-2027,City Hospital,Mumbai,79,72,0.97,0
Dr. Anil Mehra,Dermatology,15,03-03-2027,Govt Health Center,Mumbai,36,406,1.22,0
Dr. Anil Mehra,Orthopedics,14,04-03-2027,City Hospital,New Delhi,18,333,1.84,0
Dr. Ravi Kumar,Orthopedics,16,05-03-2027,City Hospital,Kolkata,15,162,1.71,1
Dr. Ravi Kumar,Orthopedics,11,06-03-2027,Metro Hospital,New Delhi,15,422,1.67,0
Dr. Rohit Verma,Dermatology,17,07-03-2027,Govt Health Center,New Delhi,35,246,0.74,0
Dr. Anil Mehra,Dermatology,11,08-03-2027,Govt Health Center,Mumbai,52,213,0.57,0
Dr. Ravi Kumar,Cardiology,9,09-03-2027,Govt Health Center,Chennai,28,430,1.41,0
Dr. Swati Desai,Pediatrics,10,10-03-2027,City Hospital,Mumbai,25,359,1.12,0
Dr. Swati Desai,Cardiology,8,11-03-2027,Metro Hospital,New Delhi,32,480,1.86,0
Dr. Ravi Kumar,Pediatrics,8,12-03-2027,Govt Health Center,Mumbai,84,105,1.02,1
Dr. Ravi Kumar,Cardiology,14,13-03-2027,Metro Hospital,Mumbai,89,59,1.12,1
Dr. Anil Mehra,Dermatology,12,14-03-2027,Metro Hospital,Mumbai,38,182,1.29,1
Dr. Anil Mehra,Cardiology,10,15-03-2027,City Hospital,Kolkata,47,447,1.69,0
Dr. Rohit Verma,Pediatrics,14,16-03-2027,Govt Health Center,Mumbai,68,201,0.9,0
Dr. Anil Mehra,Orthopedics,9,17-03-2027,Metro Hospital,New Delhi,57,240,1.91,1
Dr. Swati Desai,Pediatrics,10,18-03-2027,Govt Health Center,Mumbai,29,333,1.31,0
Dr. Swati Desai,Orthopedics,8,19-03-2027,Govt Health Center,Kolkata,30,326,1.76,0
Dr. Ravi Kumar,Dermatology,15,20-03-2027,Govt Health Center,New Delhi,37,292,1.29,1
Dr. Anil Mehra,Pediatrics,9,21-03-2027,Metro Hospital,Mumbai,59,381,1.66,0
Dr. Rohit Verma,Cardiology,14,22-03-2027,City Hospital,New Delhi,42,325,0.58,0
Dr. Swati Desai,Pediatrics,16,23-03-2027,City Hospital,Kolkata,49,239,1.7,1
Dr. Swati Desai,Orthopedics,13,24-03-2027,Metro Hospital,Chennai,99,164,1.29,1
Dr. Rohit Verma,Dermatology,9,25-03-2027,Govt Health Center,Kolkata,63,401,1.17,0
Dr. Rohit Verma,Cardiology,9,26-03-2027,Govt Health Center,Kolkata,19,356,0.67,0
Dr. Swati Desai,Pediatrics,16,27-03-2027,City Hospital,New Delhi,43,407,1.61,0
Dr. Swati Desai,Orthopedics,17,28-03-2027,Metro Hospital,New Delhi,82,345,0.7,0
Dr. Rohit Verma,Cardiology,15,29-03-2027,Metro Hospital,Chennai,45,283,0.79,0
Dr. Swati Desai,Dermatology,16,30-03-2027,City Hospital,Chennai,84,390,0.69,0
Dr. Ravi Kumar,Cardiology,11,31-03-2027,Metro Hospital,Chennai,83,130,0.51,0
Dr. Ravi Kumar,Dermatology,11,01-04-2027,Metro Hospital,Kolkata,16,242,1.49,1
Dr. Rohit Verma,Cardiology,9,02-04-2027,City Hospital,Kolkata,25,420,0.91,0
Dr. Anil Mehra,Pediatrics,17,03-04-2027,City Hospital,Chennai,60,413,0.72,0
Dr. Rohit Verma,Orthopedics,8,04-04-2027,Metro Hospital,Chennai,99,461,0.98,0
Dr. Rohit Verma,Pediatrics,17,05-04-2027,Metro Hospital,Chennai,70,487,1.25,0
Dr. Anil Mehra,Pediatrics,11,06-04-2027,City Hospital,Mumbai,40,307,1.26,0
Dr. Anil Mehra,Dermatology,17,07-04-2027,City Hospital,Mumbai,41,280,1.05,1
Dr. Anil Mehra,Dermatology,17,08-04-2027,Govt Health Center,Chennai,54,63,1.24,1
Dr. Ravi Kumar,Dermatology,15,09-04-2027,Metro Hospital,Kolkata,85,63,1.14,1
Dr. Swati Desai,Pediatrics,9,10-04-2027,Metro Hospital,New Delhi,36,93,1.73,1
Dr. Ravi Kumar,Cardiology,15,11-04-2027,City Hospital,Kolkata,31,259,0.54,0
Dr. Swati Desai,Cardiology,8,12-04-2027,City Hospital,New Delhi,24,89,1.8,1
Dr. Ravi Kumar,Pediatrics,8,13-04-2027,Govt Health Center,Chennai,17,83,0.87,0
Dr. Swati Desai,Pediatrics,11,14-04-2027,Govt Health Center,Mumbai,77,284,1.58,1
Dr. Ravi Kumar,Orthopedics,14,15-04-2027,City Hospital,Mumbai,17,370,1.11,0
Dr. Anil Mehra,Dermatology,16,16-04-2027,Metro Hospital,New Delhi,96,283,0.94,0
Dr. Rohit Verma,Dermatology,12,17-04-2027,Govt Health Center,Chennai,25,323,1.42,0
Dr. Ravi Kumar,Pediatrics,9,18-04-2027,City Hospital,Mumbai,57,417,1.65,0
Dr. Swati Desai,Pediatrics,14,19-04-2027,City Hospital,Chennai,43,339,1.17,0
Dr. Anil Mehra,Cardiology,9,20-04-2027,City Hospital,Chennai,95,392,1.2,0
Dr. Ravi Kumar,Pediatrics,16,21-04-2027,Metro Hospital,New Delhi,96,482,0.59,0
Dr. Ravi Kumar,Cardiology,16,22-04-2027,City Hospital,Chennai,66,385,1.89,0
Dr. Anil Mehra,Pediatrics,10,23-04-2027,City Hospital,Chennai,14,278,1.77,1
Dr. Ravi Kumar,Orthopedics,15,24-04-2027,Metro Hospital,New Delhi,53,429,1.1,0
Dr. Rohit Verma,Orthopedics,11,25-04-2027,City Hospital,Mumbai,80,488,1.65,0
Dr. Ravi Kumar,Cardiology,10,26-04-2027,City Hospital,Kolkata,46,367,0.97,0
Dr. Rohit Verma,Dermatology,8,27-04-2027,Govt Health Center,Chennai,99,177,1.6,1
Dr. Rohit Verma,Orthopedics,12,28-04-2027,City Hospital,New Delhi,37,375,1.28,0
Dr. Anil Mehra,Cardiology,11,29-04-2027,Metro Hospital,Mumbai,77,457,1.19,0
Dr. Ravi Kumar,Pediatrics,8,30-04-2027,Govt Health Center,Chennai,47,258,0.58,0
Dr. Anil Mehra,Pediatrics,17,01-05-2027,City Hospital,Kolkata,55,353,1.95,0
Dr. Ravi Kumar,Cardiology,15,02-05-2027,Metro Hospital,Mumbai,82,129,1.76,1
Dr. Ravi Kumar,Dermatology,15,03-05-2027,City Hospital,New Delhi,35,344,1.69,0
Dr. Swati Desai,Cardiology,15,04-05-2027,Govt Health Center,Chennai,84,225,0.96,0
Dr. Ravi Kumar,Cardiology,10,05-05-2027,Metro Hospital,New Delhi,93,282,0.93,0
Dr. Anil Mehra,Orthopedics,13,06-05-2027,Govt Health Center,Kolkata,62,375,1.36,0
Dr. Rohit Verma,Cardiology,14,07-05-2027,Metro Hospital,Kolkata,72,385,1.77,0
Dr. Ravi Kumar,Cardiology,16,08-05-2027,Metro Hospital,New Delhi,72,314,1.9,0
Dr. Swati Desai,Pediatrics,12,09-05-2027,City Hospital,Chennai,47,334,0.9,0
Dr. Anil Mehra,Orthopedics,16,10-05-2027,Metro Hospital,New Delhi,24,493,1.41,0
Dr. Ravi Kumar,Pediatrics,13,11-05-2027,Metro Hospital,Mumbai,18,459,1.59,0
Dr. Anil Mehra,Pediatrics,17,12-05-2027,City Hospital,New Delhi,84,167,0.84,0
Dr. Swati Desai,Dermatology,17,13-05-2027,Metro Hospital,Kolkata,31,215,1.11,1
Dr. Swati Desai,Dermatology,17,14-05-2027,Metro Hospital,Chennai,79,367,0.78,0
Dr. Anil Mehra,Orthopedics,11,15-05-2027,Metro Hospital,Chennai,65,459,1.55,0
Dr. Ravi Kumar,Orthopedics,8,16-05-2027,Metro Hospital,Kolkata,46,191,1.8,1
Dr. Rohit Verma,Dermatology,8,17-05-2027,City Hospital,Kolkata,66,296,1.82,1
Dr. Swati Desai,Dermatology,17,18-05-2027,City Hospital,Mumbai,69,226,1.51,1
Dr. Ravi Kumar,Dermatology,12,19-05-2027,Govt Health Center,Kolkata,94,348,1.02,0
Dr. Ravi Kumar,Dermatology,10,20-05-2027,Metro Hospital,Kolkata,21,393,1.49,0
Dr. Rohit Verma,Dermatology,12,21-05-2027,City Hospital,Kolkata,16,313,1.8,0
Dr. Swati Desai,Pediatrics,12,22-05-2027,Metro Hospital,Chennai,75,217,1.44,1
Dr. Swati Desai,Orthopedics,8,23-05-2027,City Hospital,Kolkata,50,74,1.12,1
Dr. Ravi Kumar,Pediatrics,15,24-05-2027,Govt Health Center,New Delhi,33,240,1.88,1
Dr. Ravi Kumar,Pediatrics,12,25-05-2027,Metro Hospital,New Delhi,99,437,1.75,0
Dr. Rohit Verma,Cardiology,12,26-05-2027,Govt Health Center,Chennai,34,64,1.82,1
Dr. Rohit Verma,Pediatrics,16,27-05-2027,Govt Health Center,Mumbai,71,65,1.85,1
Dr. Swati Desai,Dermatology,15,28-05-2027,Govt Health Center,Mumbai,93,359,1.09,0
Dr. Anil Mehra,Dermatology,8,29-05-2027,City Hospital,Chennai,53,176,1.79,1
Dr. Swati Desai,Cardiology,10,30-05-2027,Metro Hospital,New Delhi,11,316,1.36,0
Dr. Ravi Kumar,Cardiology,14,31-05-2027,City Hospital,Chennai,51,77,0.56,0
Dr. Swati Desai,Cardiology,8,01-06-2027,City Hospital,Kolkata,42,312,1.45,0
Dr. Anil Mehra,Cardiology,8,02-06-2027,Metro Hospital,Chennai,26,419,1.21,0
Dr. Rohit Verma,Cardiology,12,03-06-2027,Metro Hospital,Mumbai,72,433,0.91,0
Dr. Anil Mehra,Pediatrics,16,04-06-2027,Metro Hospital,New Delhi,31,343,1.96,0
Dr. Anil Mehra,Cardiology,13,05-06-2027,Metro Hospital,Mumbai,10,201,0.58,0
Dr. Anil Mehra,Pediatrics,17,06-06-2027,City Hospital,Mumbai,79,117,1.92,1
Dr. Rohit Verma,Orthopedics,9,07-06-2027,Metro Hospital,New Delhi,63,86,0.74,0
Dr. Anil Mehra,Cardiology,16,08-06-2027,Metro Hospital,Kolkata,23,425,1.07,0
Dr. Anil Mehra,Cardiology,13,09-06-2027,Metro Hospital,New Delhi,62,84,1.13,1
Dr. Anil Mehra,Pediatrics,12,10-06-2027,Govt Health Center,New Delhi,15,183,1.6,1
Dr. Ravi Kumar,Orthopedics,12,11-06-2027,Metro Hospital,Chennai,99,415,0.82,0
Dr. Anil Mehra,Pediatrics,10,12-06-2027,Metro Hospital,New Delhi,73,210,1.98,1
Dr. Rohit Verma,Pediatrics,13,13-06-2027,City Hospital,Chennai,97,421,1.62,0
Dr. Anil Mehra,Cardiology,11,14-06-2027,Govt Health Center,Mumbai,42,273,1.68,1
Dr. Anil Mehra,Dermatology,17,15-06-2027,City Hospital,New Delhi,81,159,0.66,0
Dr. Rohit Verma,Dermatology,9,16-06-2027,Govt Health Center,Kolkata,53,151,1.21,1
Dr. Anil Mehra,Pediatrics,10,17-06-2027,City Hospital,Chennai,43,404,1.92,0
Dr. Rohit Verma,Cardiology,16,18-06-2027,City Hospital,Chennai,43,231,0.91,0
Dr. Anil Mehra,Orthopedics,16,19-06-2027,Metro Hospital,Kolkata,33,447,0.72,0
Dr. Rohit Verma,Dermatology,13,20-06-2027,Metro Hospital,Chennai,11,196,1.23,1
Dr. Anil Mehra,Orthopedics,17,21-06-2027,Govt Health Center,Chennai,17,265,1.9,1
Dr. Anil Mehra,Dermatology,17,22-06-2027,Govt Health Center,Kolkata,34,188,1.23,1
Dr. Ravi Kumar,Cardiology,16,23-06-2027,Govt Health Center,Mumbai,41,376,1.11,0
Dr. Ravi Kumar,Pediatrics,11,24-06-2027,Metro Hospital,New Delhi,65,478,1.48,0
Dr. Anil Mehra,Orthopedics,12,25-06-2027,City Hospital,New Delhi,16,237,1.91,1
Dr. Anil Mehra,Orthopedics,17,26-06-2027,Govt Health Center,New Delhi,57,137,0.57,0
Dr. Swati Desai,Pediatrics,13,27-06-2027,Metro Hospital,New Delhi,97,296,0.73,0
Dr. Rohit Verma,Orthopedics,16,28-06-2027,Metro Hospital,New Delhi,63,235,0.7,0
Dr. Swati Desai,Dermatology,12,29-06-2027,City Hospital,New Delhi,72,137,0.63,0
Dr. Ravi Kumar,Pediatrics,15,30-06-2027,City Hospital,Chennai,82,383,0.95,0
Dr. Ravi Kumar,Dermatology,8,01-07-2027,Metro Hospital,New Delhi,89,201,0.84,0
Dr. Ravi Kumar,Dermatology,12,02-07-2027,City Hospital,Chennai,11,316,1.32,0
Dr. Ravi Kumar,Cardiology,17,03-07-2027,City Hospital,Kolkata,44,249,0.99,0
Dr. Anil Mehra,Dermatology,8,04-07-2027,Metro Hospital,Mumbai,31,432,1.11,0
Dr. Ravi Kumar,Cardiology,17,05-07-2027,Govt Health Center,Chennai,92,477,1.91,0
Dr. Anil Mehra,Orthopedics,13,06-07-2027,Govt Health Center,Mumbai,73,384,0.73,0
Dr. Anil Mehra,Orthopedics,14,07-07-2027,Metro Hospital,Kolkata,68,295,1.08,1
Dr. Ravi Kumar,Cardiology,12,08-07-2027,Govt Health Center,New Delhi,58,499,0.89,0
Dr. Ravi Kumar,Dermatology,8,09-07-2027,Metro Hospital,Mumbai,61,265,1.32,1
Dr. Rohit Verma,Pediatrics,13,10-07-2027,Metro Hospital,Mumbai,30,478,1.6,0
Dr. Swati Desai,Pediatrics,17,11-07-2027,City Hospital,Kolkata,21,123,1.73,1
Dr. Ravi Kumar,Cardiology,12,12-07-2027,Govt Health Center,Kolkata,20,209,1.27,1
Dr. Rohit Verma,Orthopedics,13,13-07-2027,Metro Hospital,Kolkata,63,304,1.78,0
Dr. Rohit Verma,Orthopedics,17,14-07-2027,Govt Health Center,Chennai,92,66,1.68,1
Dr. Swati Desai,Pediatrics,14,15-07-2027,Govt Health Center,Chennai,79,487,0.74,0
Dr. Anil Mehra,Cardiology,14,16-07-2027,Govt Health Center,Mumbai,23,187,0.87,0
Dr. Ravi Kumar,Pediatrics,9,17-07-2027,Metro Hospital,Kolkata,42,55,1.51,1
Dr. Swati Desai,Dermatology,10,18-07-2027,City Hospital,Mumbai,86,268,1.96,1
Dr. Ravi Kumar,Dermatology,13,19-07-2027,Govt Health Center,New Delhi,35,453,1.06,0
Dr. Rohit Verma,Cardiology,10,20-07-2027,Metro Hospital,Kolkata,23,50,0.84,0
Dr. Rohit Verma,Cardiology,9,21-07-2027,Govt Health Center,Chennai,97,113,1.8,1
Dr. Anil Mehra,Dermatology,11,22-07-2027,City Hospital,Kolkata,57,258,0.8,0
Dr. Rohit Verma,Orthopedics,12,23-07-2027,Govt Health Center,Mumbai,74,50,1.55,1
Dr. Rohit Verma,Cardiology,17,24-07-2027,Metro Hospital,Chennai,55,406,0.55,0
Dr. Swati Desai,Dermatology,16,25-07-2027,Govt Health Center,New Delhi,64,238,0.53,0
Dr. Ravi Kumar,Dermatology,10,26-07-2027,Govt Health Center,New Delhi,83,296,1.18,1
Dr. Ravi Kumar,Orthopedics,10,27-07-2027,Govt Health Center,Mumbai,83,306,1.48,0
Dr. Swati Desai,Orthopedics,13,28-07-2027,City Hospital,Kolkata,77,223,0.71,0
Dr. Anil Mehra,Orthopedics,12,29-07-2027,Govt Health Center,New Delhi,87,158,1.65,1
Dr. Ravi Kumar,Orthopedics,13,30-07-2027,Metro Hospital,Mumbai,21,109,0.69,0
Dr. Rohit Verma,Pediatrics,14,31-07-2027,Govt Health Center,Chennai,63,92,1.3,1
Dr. Ravi Kumar,Orthopedics,10,01-08-2027,Govt Health Center,Chennai,73,477,0.96,0
Dr. Rohit Verma,Pediatrics,12,02-08-2027,Govt Health Center,Mumbai,56,87,1.63,1
Dr. Anil Mehra,Cardiology,15,03-08-2027,City Hospital,Kolkata,46,412,1.71,0
Dr. Swati Desai,Dermatology,11,04-08-2027,Metro Hospital,Kolkata,83,307,0.6,0
Dr. Ravi Kumar,Pediatrics,17,05-08-2027,Govt Health Center,Kolkata,50,131,0.79,0
Dr. Swati Desai,Cardiology,9,06-08-2027,Metro Hospital,Kolkata,36,445,1.84,0
Dr. Ravi Kumar,Cardiology,11,07-08-2027,Metro Hospital,Mumbai,51,270,1.12,1
Dr. Rohit Verma,Pediatrics,9,08-08-2027,City Hospital,Mumbai,85,456,1.22,0
Dr. Swati Desai,Cardiology,10,09-08-2027,Metro Hospital,Chennai,95,160,0.75,0
Dr. Ravi Kumar,Cardiology,11,10-08-2027,Govt Health Center,Chennai,77,314,1.99,0
Dr. Rohit Verma,Pediatrics,11,11-08-2027,City Hospital,Kolkata,38,185,1.88,1
Dr. Swati Desai,Cardiology,17,12-08-2027,City Hospital,New Delhi,45,483,0.5,0
Dr. Swati Desai,Orthopedics,16,13-08-2027,Metro Hospital,New Delhi,66,385,1.33,0
Dr. Ravi Kumar,Orthopedics,17,14-08-2027,City Hospital,Chennai,87,367,1.81,0
Dr. Ravi Kumar,Dermatology,13,15-08-2027,Metro Hospital,Chennai,21,72,1.15,1
Dr. Ravi Kumar,Cardiology,16,16-08-2027,Metro Hospital,Mumbai,54,398,1.16,0
Dr. Rohit Verma,Dermatology,11,17-08-2027,City Hospital,Chennai,29,108,1.07,1
Dr. Ravi Kumar,Orthopedics,16,18-08-2027,Govt Health Center,Chennai,54,315,0.54,0
Dr. Swati Desai,Orthopedics,16,19-08-2027,Metro Hospital,Kolkata,32,189,1.69,1
Dr. Swati Desai,Orthopedics,13,20-08-2027,City Hospital,New Delhi,71,495,1.19,0
Dr. Ravi Kumar,Cardiology,12,21-08-2027,City Hospital,New Delhi,95,430,1.3,0
Dr. Ravi Kumar,Cardiology,10,22-08-2027,Metro Hospital,Mumbai,43,165,0.88,0
Dr. Anil Mehra,Orthopedics,12,23-08-2027,Metro Hospital,New Delhi,30,253,1.68,1
Dr. Swati Desai,Dermatology,10,24-08-2027,Metro Hospital,Kolkata,60,207,1.69,1
Dr. Rohit Verma,Dermatology,12,25-08-2027,Metro Hospital,Kolkata,18,379,1.33,0
Dr. Anil Mehra,Pediatrics,12,26-08-2027,Govt Health Center,Mumbai,83,245,1.86,1
Dr. Ravi Kumar,Orthopedics,9,27-08-2027,Govt Health Center,Chennai,19,480,0.67,0
Dr. Ravi Kumar,Dermatology,16,28-08-2027,Govt Health Center,Chennai,61,261,1.68,1
Dr. Swati Desai,Orthopedics,14,29-08-2027,Govt Health Center,Kolkata,54,90,1.34,1
Dr. Ravi Kumar,Dermatology,13,30-08-2027,City Hospital,Mumbai,61,408,0.85,0
Dr. Rohit Verma,Pediatrics,12,31-08-2027,Metro Hospital,Kolkata,39,56,0.7,0
Dr. Swati Desai,Pediatrics,11,01-09-2027,City Hospital,New Delhi,73,399,0.95,0
Dr. Ravi Kumar,Orthopedics,15,02-09-2027,City Hospital,New Delhi,11,421,1.78,0
Dr. Swati Desai,Dermatology,9,03-09-2027,Govt Health Center,Kolkata,58,154,1.68,1
Dr. Ravi Kumar,Cardiology,15,04-09-2027,City Hospital,Chennai,54,357,1.47,0
Dr. Ravi Kumar,Pediatrics,8,05-09-2027,Govt Health Center,New Delhi,26,94,0.64,0
Dr. Ravi Kumar,Orthopedics,17,06-09-2027,Metro Hospital,Mumbai,37,87,1.93,1
Dr. Rohit Verma,Orthopedics,8,07-09-2027,Govt Health Center,Chennai,54,213,0.96,0
Dr. Rohit Verma,Dermatology,10,08-09-2027,Metro Hospital,New Delhi,26,130,1.41,1
Dr. Swati Desai,Orthopedics,12,09-09-2027,Govt Health Center,Kolkata,68,390,1.7,0
Dr. Ravi Kumar,Pediatrics,13,10-09-2027,City Hospital,Chennai,23,107,0.7,0
Dr. Ravi Kumar,Orthopedics,11,11-09-2027,City Hospital,Chennai,19,351,1.48,0
Dr. Rohit Verma,Orthopedics,14,12-09-2027,Govt Health Center,New Delhi,87,172,0.55,0
Dr. Ravi Kumar,Cardiology,14,13-09-2027,Metro Hospital,Mumbai,90,244,0.65,0
Dr. Rohit Verma,Cardiology,9,14-09-2027,Metro Hospital,New Delhi,95,242,1.58,1
Dr. Ravi Kumar,Pediatrics,9,15-09-2027,Govt Health Center,New Delhi,27,451,0.73,0
Dr. Swati Desai,Dermatology,9,16-09-2027,City Hospital,New Delhi,44,435,1.17,0
Dr. Ravi Kumar,Cardiology,9,17-09-2027,Metro Hospital,New Delhi,57,153,0.87,0
Dr. Ravi Kumar,Dermatology,16,18-09-2027,Govt Health Center,New Delhi,67,161,1.13,1
Dr. Anil Mehra,Pediatrics,12,19-09-2027,Metro Hospital,Kolkata,27,181,0.62,0
Dr. Rohit Verma,Cardiology,15,20-09-2027,City Hospital,New Delhi,61,145,1.63,1
Dr. Ravi Kumar,Dermatology,12,21-09-2027,Metro Hospital,Mumbai,39,132,0.62,0
Dr. Ravi Kumar,Cardiology,12,22-09-2027,Govt Health Center,Chennai,46,219,1.76,1
Dr. Anil Mehra,Pediatrics,8,23-09-2027,Metro Hospital,Kolkata,49,98,1.49,1
Dr. Anil Mehra,Pediatrics,13,24-09-2027,Metro Hospital,Mumbai,15,482,1.12,0
Dr. Rohit Verma,Cardiology,11,25-09-2027,City Hospital,New Delhi,88,422,1.8,0
Dr. Anil Mehra,Dermatology,10,26-09-2027,City Hospital,Mumbai,44,184,0.78,0
Dr. Swati Desai,Orthopedics,13,27-09-2027,City Hospital,Chennai,35,314,0.9,0
Dr. Anil Mehra,Orthopedics,9,28-09-2027,City Hospital,Mumbai,39,248,0.71,0
Dr. Swati Desai,Cardiology,15,29-09-2027,Govt Health Center,New Delhi,84,332,1.07,0
Dr. Rohit Verma,Dermatology,8,30-09-2027,Metro Hospital,Chennai,33,454,1.98,0
Dr. Rohit Verma,Orthopedics,16,01-10-2027,Metro Hospital,New Delhi,64,84,0.74,0
Dr. Rohit Verma,Pediatrics,15,02-10-2027,Metro Hospital,New Delhi,87,393,1.75,0
Dr. Rohit Verma,Dermatology,8,03-10-2027,Metro Hospital,Kolkata,96,253,1.48,1
Dr. Rohit Verma,Orthopedics,17,04-10-2027,Govt Health Center,Chennai,18,469,0.52,0
Dr. Swati Desai,Dermatology,16,05-10-2027,City Hospital,Chennai,71,290,1.92,1
Dr. Swati Desai,Cardiology,9,06-10-2027,Metro Hospital,New Delhi,27,398,1.96,0
Dr. Rohit Verma,Dermatology,10,07-10-2027,Metro Hospital,Mumbai,60,372,1.89,0
Dr. Anil Mehra,Orthopedics,9,08-10-2027,City Hospital,Chennai,28,92,1.25,1
Dr. Ravi Kumar,Cardiology,15,09-10-2027,City Hospital,Mumbai,78,313,0.83,0
Dr. Rohit Verma,Dermatology,9,10-10-2027,Metro Hospital,Mumbai,91,426,1.09,0
Dr. Anil Mehra,Pediatrics,17,11-10-2027,City Hospital,Chennai,42,127,1.42,1
Dr. Ravi Kumar,Orthopedics,9,12-10-2027,Metro Hospital,Mumbai,47,85,1.07,1
Dr. Rohit Verma,Cardiology,8,13-10-2027,Metro Hospital,Chennai,22,432,1.56,0
Dr. Rohit Verma,Dermatology,14,14-10-2027,Metro Hospital,Kolkata,58,353,1.69,0
Dr. Swati Desai,Pediatrics,9,15-10-2027,Metro Hospital,Chennai,82,223,0.81,0
Dr. Ravi Kumar,Orthopedics,17,16-10-2027,Metro Hospital,Chennai,99,465,1.11,0
Dr. Ravi Kumar,Pediatrics,12,17-10-2027,Metro Hospital,Chennai,62,184,1.94,1
Dr. Anil Mehra,Dermatology,12,18-10-2027,City Hospital,Kolkata,10,379,0.87,0
Dr. Swati Desai,Dermatology,10,19-10-2027,Govt Health Center,Mumbai,21,189,1.02,1
Dr. Swati Desai,Cardiology,10,20-10-2027,Govt Health Center,Kolkata,33,104,0.55,0
Dr. Swati Desai,Pediatrics,10,21-10-2027,Metro Hospital,Mumbai,10,301,1,0
Dr. Swati Desai,Cardiology,13,22-10-2027,City Hospital,Chennai,77,328,1.06,0
Dr. Ravi Kumar,Orthopedics,11,23-10-2027,Metro Hospital,Chennai,16,229,0.65,0
Dr. Ravi Kumar,Cardiology,10,24-10-2027,City Hospital,Kolkata,78,62,0.5,0
Dr. Rohit Verma,Orthopedics,9,25-10-2027,Metro Hospital,Kolkata,48,253,1.36,1
Dr. Rohit Verma,Dermatology,10,26-10-2027,Metro Hospital,Kolkata,41,358,0.95,0
Dr. Swati Desai,Dermatology,11,27-10-2027,Govt Health Center,Kolkata,58,112,0.53,0
Dr. Swati Desai,Pediatrics,13,28-10-2027,City Hospital,Chennai,40,123,1.79,1
Dr. Swati Desai,Orthopedics,11,29-10-2027,City Hospital,Chennai,88,356,1.38,0
Dr. Rohit Verma,Dermatology,15,30-10-2027,Govt Health Center,New Delhi,12,491,0.76,0
Dr. Anil Mehra,Pediatrics,10,31-10-2027,Govt Health Center,Kolkata,56,204,1.8,1
Dr. Anil Mehra,Pediatrics,10,01-11-2027,Govt Health Center,Kolkata,24,56,0.88,0
Dr. Rohit Verma,Cardiology,10,02-11-2027,Govt Health Center,Mumbai,60,424,0.84,0
Dr. Rohit Verma,Pediatrics,15,03-11-2027,City Hospital,Mumbai,91,355,1.84,0
Dr. Rohit Verma,Dermatology,11,04-11-2027,City Hospital,Chennai,94,457,0.77,0
Dr. Rohit Verma,Cardiology,8,05-11-2027,Govt Health Center,New Delhi,83,392,1.82,0
Dr. Rohit Verma,Orthopedics,9,06-11-2027,Metro Hospital,Kolkata,30,202,1.7,1
Dr. Rohit Verma,Orthopedics,17,07-11-2027,Metro Hospital,New Delhi,99,93,0.96,0
Dr. Swati Desai,Dermatology,9,08-11-2027,Metro Hospital,New Delhi,50,85,0.55,0
Dr. Swati Desai,Dermatology,10,09-11-2027,Metro Hospital,Chennai,12,490,0.62,0
Dr. Swati Desai,Cardiology,13,10-11-2027,City Hospital,New Delhi,10,146,0.66,0
Dr. Swati Desai,Cardiology,15,11-11-2027,City Hospital,Kolkata,30,214,1.84,1
Dr. Rohit Verma,Dermatology,8,12-11-2027,City Hospital,Chennai,84,283,1.11,1
Dr. Anil Mehra,Dermatology,16,13-11-2027,Metro Hospital,New Delhi,89,152,0.55,0
Dr. Ravi Kumar,Orthopedics,8,14-11-2027,Govt Health Center,Chennai,30,485,1.33,0
Dr. Rohit Verma,Orthopedics,17,15-11-2027,Metro Hospital,Chennai,84,430,0.81,0
Dr. Ravi Kumar,Orthopedics,9,16-11-2027,City Hospital,Mumbai,58,496,0.85,0
Dr. Anil Mehra,Dermatology,10,17-11-2027,Metro Hospital,Chennai,74,56,0.74,0
Dr. Swati Desai,Pediatrics,14,18-11-2027,Govt Health Center,New Delhi,50,143,1.64,1
Dr. Anil Mehra,Dermatology,16,19-11-2027,Govt Health Center,Mumbai,76,493,0.5,0
Dr. Rohit Verma,Dermatology,10,20-11-2027,Metro Hospital,Kolkata,51,170,1.16,1
Dr. Swati Desai,Orthopedics,15,21-11-2027,City Hospital,Kolkata,78,414,0.63,0
Dr. Rohit Verma,Dermatology,16,22-11-2027,City Hospital,Kolkata,66,86,1.33,1
Dr. Swati Desai,Cardiology,17,23-11-2027,City Hospital,Kolkata,52,70,1.02,1
Dr. Ravi Kumar,Dermatology,14,24-11-2027,Metro Hospital,Kolkata,21,147,0.54,0
Dr. Ravi Kumar,Dermatology,11,25-11-2027,City Hospital,New Delhi,87,351,1.19,0
Dr. Ravi Kumar,Dermatology,11,26-11-2027,Metro Hospital,Chennai,73,70,1.36,1
Dr. Anil Mehra,Dermatology,11,27-11-2027,City Hospital,Mumbai,60,281,0.87,0
Dr. Rohit Verma,Pediatrics,13,28-11-2027,Govt Health Center,Chennai,82,403,1.65,0
Dr. Anil Mehra,Dermatology,11,29-11-2027,Govt Health Center,Chennai,69,121,1.06,1
Dr. Ravi Kumar,Cardiology,12,30-11-2027,City Hospital,New Delhi,80,401,1.62,0
Dr. Rohit Verma,Cardiology,16,01-12-2027,Metro Hospital,New Delhi,89,101,1.37,1
Dr. Ravi Kumar,Dermatology,14,02-12-2027,City Hospital,New Delhi,37,271,1.8,1
Dr. Anil Mehra,Orthopedics,15,03-12-2027,Metro Hospital,Mumbai,80,334,1.32,0
Dr. Anil Mehra,Pediatrics,12,04-12-2027,Govt Health Center,New Delhi,23,374,0.78,0
Dr. Anil Mehra,Dermatology,12,05-12-2027,Metro Hospital,Chennai,41,216,1.73,1
Dr. Ravi Kumar,Dermatology,14,06-12-2027,City Hospital,Mumbai,17,332,1.67,0
Dr. Rohit Verma,Dermatology,15,07-12-2027,Govt Health Center,New Delhi,36,254,1.96,1
Dr. Rohit Verma,Orthopedics,16,08-12-2027,Metro Hospital,New Delhi,59,416,0.64,0
Dr. Ravi Kumar,Orthopedics,9,09-12-2027,Metro Hospital,New Delhi,68,187,1.39,1
Dr. Rohit Verma,Orthopedics,10,10-12-2027,Govt Health Center,Chennai,66,85,1.24,1
Dr. Ravi Kumar,Pediatrics,9,11-12-2027,City Hospital,New Delhi,12,144,1.51,1
Dr. Rohit Verma,Cardiology,17,12-12-2027,Govt Health Center,Chennai,36,65,1.97,1
Dr. Swati Desai,Pediatrics,14,13-12-2027,City Hospital,Mumbai,43,286,1.3,1
Dr. Swati Desai,Orthopedics,9,14-12-2027,City Hospital,New Delhi,35,213,1.53,1
Dr. Anil Mehra,Cardiology,9,15-12-2027,Metro Hospital,Kolkata,49,139,1.02,1
Dr. Swati Desai,Cardiology,9,16-12-2027,City Hospital,Kolkata,95,157,0.95,0
Dr. Swati Desai,Orthopedics,11,17-12-2027,City Hospital,Chennai,41,133,1,0
Dr. Swati Desai,Orthopedics,8,18-12-2027,Govt Health Center,New Delhi,50,304,0.56,0
Dr. Ravi Kumar,Pediatrics,9,19-12-2027,Govt Health Center,New Delhi,11,467,0.93,0
Dr. Swati Desai,Orthopedics,10,20-12-2027,City Hospital,Kolkata,81,214,0.76,0
Dr. Swati Desai,Cardiology,14,21-12-2027,Metro Hospital,Mumbai,16,249,1.19,1
Dr. Anil Mehra,Dermatology,17,22-12-2027,Govt Health Center,Mumbai,28,373,1.19,0
Dr. Swati Desai,Orthopedics,8,23-12-2027,Metro Hospital,Chennai,42,364,1.65,0
Dr. Swati Desai,Orthopedics,13,24-12-2027,Govt Health Center,Kolkata,11,206,1.25,1
Dr. Rohit Verma,Pediatrics,10,25-12-2027,Govt Health Center,Chennai,76,80,1.19,1
Dr. Anil Mehra,Pediatrics,10,26-12-2027,City Hospital,Chennai,87,115,0.85,0
Dr. Anil Mehra,Orthopedics,11,27-12-2027,Govt Health Center,Mumbai,24,138,1.78,1
Dr. Anil Mehra,Cardiology,11,28-12-2027,Govt Health Center,Kolkata,30,308,0.64,0
Dr. Anil Mehra,Cardiology,14,29-12-2027,Metro Hospital,Chennai,87,302,1.97,0
Dr. Anil Mehra,Dermatology,10,30-12-2027,Govt Health Center,Mumbai,68,283,1.21,1
Dr. Anil Mehra,Orthopedics,15,31-12-2027,Govt Health Center,Mumbai,91,156,0.78,0
Dr. Ravi Kumar,Pediatrics,15,01-01-2028,Metro Hospital,New Delhi,48,118,1.03,1
Dr. Swati Desai,Cardiology,14,02-01-2028,City Hospital,Kolkata,29,327,0.52,0
Dr. Anil Mehra,Dermatology,9,03-01-2028,City Hospital,Kolkata,10,385,0.75,0
Dr. Swati Desai,Orthopedics,12,04-01-2028,Govt Health Center,New Delhi,82,250,1,0
Dr. Swati Desai,Cardiology,13,05-01-2028,Govt Health Center,Chennai,18,102,1.33,1
Dr. Ravi Kumar,Orthopedics,17,06-01-2028,Metro Hospital,Mumbai,60,481,0.69,0
Dr. Anil Mehra,Orthopedics,11,07-01-2028,City Hospital,Mumbai,47,290,1.51,1
Dr. Rohit Verma,Cardiology,17,08-01-2028,City Hospital,Mumbai,24,381,1.77,0
Dr. Ravi Kumar,Cardiology,12,09-01-2028,City Hospital,New Delhi,93,224,1.36,1
Dr. Rohit Verma,Cardiology,16,10-01-2028,Metro Hospital,Mumbai,50,91,0.95,0
Dr. Swati Desai,Orthopedics,14,11-01-2028,Metro Hospital,Chennai,56,309,0.68,0
Dr. Swati Desai,Orthopedics,9,12-01-2028,Metro Hospital,Chennai,35,418,0.52,0
Dr. Ravi Kumar,Dermatology,8,13-01-2028,Govt Health Center,New Delhi,63,259,1.6,1
Dr. Ravi Kumar,Pediatrics,9,14-01-2028,City Hospital,Chennai,79,91,1.44,1
Dr. Rohit Verma,Orthopedics,10,15-01-2028,Govt Health Center,Kolkata,48,476,1.21,0
Dr. Anil Mehra,Pediatrics,9,16-01-2028,Govt Health Center,Kolkata,26,402,0.65,0
Dr. Rohit Verma,Cardiology,10,17-01-2028,Metro Hospital,Mumbai,79,219,0.81,0
Dr. Ravi Kumar,Orthopedics,17,18-01-2028,City Hospital,Mumbai,18,431,1.72,0
Dr. Rohit Verma,Dermatology,16,19-01-2028,Govt Health Center,Kolkata,55,308,1.22,0
Dr. Ravi Kumar,Dermatology,11,20-01-2028,City Hospital,Chennai,15,492,1.94,0
Dr. Rohit Verma,Pediatrics,16,21-01-2028,Govt Health Center,New Delhi,77,386,2,0
Dr. Ravi Kumar,Cardiology,10,22-01-2028,Metro Hospital,Mumbai,25,253,1.7,1
Dr. Ravi Kumar,Pediatrics,8,23-01-2028,Govt Health Center,Mumbai,96,444,0.89,0
Dr. Ravi Kumar,Cardiology,12,24-01-2028,Metro Hospital,Kolkata,96,386,0.85,0
Dr. Anil Mehra,Dermatology,17,25-01-2028,City Hospital,Kolkata,38,212,0.88,0
Dr. Rohit Verma,Pediatrics,17,26-01-2028,Govt Health Center,New Delhi,50,154,1.98,1
Dr. Rohit Verma,Dermatology,9,27-01-2028,Govt Health Center,Mumbai,77,227,1,0
Dr. Rohit Verma,Dermatology,11,28-01-2028,Metro Hospital,Chennai,71,240,1.56,1
Dr. Ravi Kumar,Cardiology,9,29-01-2028,Metro Hospital,Chennai,49,173,1.94,1
Dr. Rohit Verma,Pediatrics,9,30-01-2028,City Hospital,Kolkata,71,247,1.73,1
Dr. Rohit Verma,Pediatrics,10,31-01-2028,Metro Hospital,New Delhi,33,148,1.4,1
Dr. Ravi Kumar,Dermatology,12,01-02-2028,City Hospital,Kolkata,15,55,0.75,0
Dr. Swati Desai,Dermatology,11,02-02-2028,Govt Health Center,New Delhi,49,337,0.76,0
Dr. Ravi Kumar,Cardiology,9,03-02-2028,City Hospital,Chennai,79,316,1.24,0
Dr. Rohit Verma,Orthopedics,17,04-02-2028,City Hospital,New Delhi,67,92,1.93,1
Dr. Ravi Kumar,Orthopedics,9,05-02-2028,City Hospital,Chennai,23,344,1.86,0
Dr. Swati Desai,Dermatology,13,06-02-2028,Govt Health Center,New Delhi,87,190,0.75,0
Dr. Ravi Kumar,Orthopedics,14,07-02-2028,Govt Health Center,Kolkata,54,318,0.93,0
Dr. Rohit Verma,Orthopedics,17,08-02-2028,Metro Hospital,Chennai,15,88,1.38,1
Dr. Swati Desai,Orthopedics,13,09-02-2028,City Hospital,Mumbai,32,479,1.22,0
Dr. Anil Mehra,Orthopedics,14,10-02-2028,Govt Health Center,Mumbai,71,211,0.68,0
Dr. Rohit Verma,Dermatology,8,11-02-2028,City Hospital,Chennai,93,244,1.05,1
Dr. Swati Desai,Orthopedics,13,12-02-2028,City Hospital,Mumbai,26,465,1.93,0
Dr. Swati Desai,Orthopedics,10,13-02-2028,City Hospital,Chennai,93,373,1.93,0
Dr. Anil Mehra,Cardiology,8,14-02-2028,Govt Health Center,Kolkata,79,153,1.34,1
Dr. Ravi Kumar,Dermatology,15,15-02-2028,City Hospital,Kolkata,37,294,1.45,1
Dr. Ravi Kumar,Pediatrics,11,16-02-2028,City Hospital,New Delhi,22,114,0.83,0
Dr. Rohit Verma,Pediatrics,17,17-02-2028,Metro Hospital,Mumbai,38,250,1.61,1
Dr. Anil Mehra,Cardiology,15,18-02-2028,City Hospital,Mumbai,54,418,0.58,0
Dr. Ravi Kumar,Cardiology,17,19-02-2028,Metro Hospital,Mumbai,29,291,0.83,0
Dr. Anil Mehra,Dermatology,11,20-02-2028,City Hospital,Chennai,67,56,0.51,0
Dr. Ravi Kumar,Pediatrics,11,21-02-2028,Metro Hospital,Kolkata,90,268,1.08,1
Dr. Swati Desai,Orthopedics,17,22-02-2028,Govt Health Center,Mumbai,63,52,1.78,1
Dr. Ravi Kumar,Cardiology,11,23-02-2028,Govt Health Center,New Delhi,73,391,1.97,0
Dr. Anil Mehra,Pediatrics,13,24-02-2028,City Hospital,Mumbai,61,354,1.5,0
Dr. Swati Desai,Dermatology,16,25-02-2028,Metro Hospital,New Delhi,52,363,1.62,0
Dr. Swati Desai,Orthopedics,12,26-02-2028,Govt Health Center,Mumbai,96,333,0.89,0
Dr. Swati Desai,Dermatology,17,27-02-2028,City Hospital,Mumbai,27,420,1.28,0
Dr. Anil Mehra,Cardiology,15,28-02-2028,City Hospital,Kolkata,93,460,1.6,0
Dr. Rohit Verma,Pediatrics,15,29-02-2028,Metro Hospital,New Delhi,63,71,1.25,1
Dr. Rohit Verma,Pediatrics,11,01-03-2028,Metro Hospital,Mumbai,69,143,0.63,0
Dr. Rohit Verma,Pediatrics,17,02-03-2028,City Hospital,New Delhi,80,406,1.61,0
Dr. Anil Mehra,Pediatrics,16,03-03-2028,Metro Hospital,New Delhi,10,120,0.83,0
Dr. Swati Desai,Orthopedics,16,04-03-2028,Metro Hospital,Kolkata,46,419,0.65,0
Dr. Rohit Verma,Orthopedics,12,05-03-2028,Govt Health Center,Kolkata,58,271,1.22,1
Dr. Anil Mehra,Dermatology,13,06-03-2028,Metro Hospital,New Delhi,44,62,0.61,0
Dr. Rohit Verma,Orthopedics,12,07-03-2028,City Hospital,Kolkata,76,455,1.44,0
Dr. Ravi Kumar,Cardiology,10,08-03-2028,Metro Hospital,Mumbai,44,54,1.46,1
Dr. Rohit Verma,Cardiology,15,09-03-2028,City Hospital,Mumbai,18,71,0.89,0
Dr. Rohit Verma,Pediatrics,16,10-03-2028,City Hospital,Kolkata,46,432,1.95,0
Dr. Swati Desai,Cardiology,11,11-03-2028,Metro Hospital,New Delhi,69,358,1.74,0
Dr. Anil Mehra,Dermatology,16,12-03-2028,Metro Hospital,Mumbai,65,344,0.66,0
Dr. Swati Desai,Orthopedics,16,13-03-2028,Metro Hospital,Chennai,98,86,1.62,1
Dr. Swati Desai,Orthopedics,14,14-03-2028,Govt Health Center,New Delhi,21,80,1.03,1
Dr. Swati Desai,Orthopedics,15,15-03-2028,Govt Health Center,New Delhi,80,111,1.63,1
Dr. Swati Desai,Cardiology,10,16-03-2028,Metro Hospital,Chennai,80,270,1.7,1
Dr. Swati Desai,Orthopedics,12,17-03-2028,City Hospital,Chennai,13,408,0.73,0
Dr. Rohit Verma,Pediatrics,10,18-03-2028,Metro Hospital,New Delhi,70,130,1.49,1
Dr. Swati Desai,Pediatrics,14,19-03-2028,Govt Health Center,Chennai,54,432,1.79,0
Dr. Swati Desai,Pediatrics,13,20-03-2028,Govt Health Center,Kolkata,59,282,0.99,0
Dr. Anil Mehra,Cardiology,10,21-03-2028,Metro Hospital,Kolkata,59,55,0.62,0
Dr. Ravi Kumar,Orthopedics,16,22-03-2028,City Hospital,New Delhi,83,154,0.54,0
Dr. Rohit Verma,Cardiology,8,23-03-2028,City Hospital,Kolkata,57,386,0.67,0
Dr. Rohit Verma,Orthopedics,17,24-03-2028,Govt Health Center,Mumbai,32,211,0.51,0
Dr. Rohit Verma,Dermatology,10,25-03-2028,Govt Health Center,Kolkata,99,392,0.99,0
Dr. Swati Desai,Dermatology,17,26-03-2028,Govt Health Center,Kolkata,96,101,0.95,0
Dr. Swati Desai,Cardiology,14,27-03-2028,City Hospital,Chennai,17,207,0.67,0
Dr. Swati Desai,Pediatrics,10,28-03-2028,Govt Health Center,Kolkata,92,62,1.48,1
Dr. Anil Mehra,Cardiology,10,29-03-2028,Govt Health Center,New Delhi,38,235,1.99,1
Dr. Ravi Kumar,Pediatrics,9,30-03-2028,City Hospital,Kolkata,52,271,1.85,1
Dr. Swati Desai,Orthopedics,16,31-03-2028,Govt Health Center,Kolkata,62,290,0.88,0
Dr. Ravi Kumar,Pediatrics,11,01-04-2028,Govt Health Center,New Delhi,15,358,1.65,0
Dr. Anil Mehra,Pediatrics,17,02-04-2028,Metro Hospital,New Delhi,33,197,1.91,1
Dr. Rohit Verma,Orthopedics,13,03-04-2028,Govt Health Center,Chennai,83,439,1.86,0
Dr. Swati Desai,Dermatology,9,04-04-2028,Metro Hospital,Mumbai,23,104,1.83,1
Dr. Ravi Kumar,Orthopedics,16,05-04-2028,Govt Health Center,Kolkata,61,464,1.68,0
Dr. Ravi Kumar,Cardiology,14,06-04-2028,Govt Health Center,Mumbai,79,108,0.94,0
Dr. Swati Desai,Cardiology,17,07-04-2028,Metro Hospital,Chennai,13,452,0.63,0
Dr. Rohit Verma,Cardiology,12,08-04-2028,Govt Health Center,New Delhi,67,247,1.23,1
Dr. Rohit Verma,Cardiology,14,09-04-2028,Metro Hospital,New Delhi,88,147,0.58,0
Dr. Rohit Verma,Cardiology,11,10-04-2028,Govt Health Center,New Delhi,46,205,2,1
Dr. Anil Mehra,Dermatology,17,11-04-2028,Metro Hospital,Chennai,57,299,1.04,1
Dr. Ravi Kumar,Dermatology,14,12-04-2028,Metro Hospital,Kolkata,48,446,1.94,0
Dr. Ravi Kumar,Pediatrics,9,13-04-2028,Govt Health Center,Chennai,75,229,1.66,1
Dr. Ravi Kumar,Cardiology,14,14-04-2028,Govt Health Center,New Delhi,22,123,1.12,1
Dr. Anil Mehra,Orthopedics,11,15-04-2028,Metro Hospital,Kolkata,75,110,0.68,0
Dr. Ravi Kumar,Cardiology,11,16-04-2028,City Hospital,New Delhi,69,474,0.86,0
Dr. Anil Mehra,Dermatology,8,17-04-2028,Govt Health Center,New Delhi,50,94,1.51,1
Dr. Rohit Verma,Cardiology,10,18-04-2028,Govt Health Center,Chennai,41,184,1.74,1
Dr. Swati Desai,Dermatology,12,19-04-2028,City Hospital,Chennai,61,259,1.97,1
Dr. Ravi Kumar,Pediatrics,12,20-04-2028,City Hospital,Mumbai,14,135,0.7,0
Dr. Ravi Kumar,Pediatrics,9,21-04-2028,Metro Hospital,New Delhi,76,319,0.73,0
Dr. Rohit Verma,Pediatrics,11,22-04-2028,Govt Health Center,Kolkata,75,341,0.56,0
Dr. Swati Desai,Dermatology,8,23-04-2028,Metro Hospital,New Delhi,87,313,0.89,0
Dr. Anil Mehra,Cardiology,16,24-04-2028,Govt Health Center,Kolkata,61,317,1.73,0
Dr. Swati Desai,Cardiology,8,25-04-2028,City Hospital,Mumbai,58,473,0.8,0
Dr. Rohit Verma,Orthopedics,13,26-04-2028,Metro Hospital,New Delhi,38,274,1.32,1
Dr. Rohit Verma,Dermatology,14,27-04-2028,Govt Health Center,Kolkata,47,265,1.17,1
Dr. Swati Desai,Orthopedics,10,28-04-2028,Govt Health Center,Kolkata,79,411,0.99,0
Dr. Anil Mehra,Pediatrics,8,29-04-2028,City Hospital,Mumbai,17,280,1.43,1
Dr. Anil Mehra,Cardiology,14,30-04-2028,City Hospital,Chennai,68,239,1.25,1
Dr. Ravi Kumar,Dermatology,10,01-05-2028,Govt Health Center,Mumbai,64,191,1,0
Dr. Anil Mehra,Orthopedics,17,02-05-2028,City Hospital,Kolkata,11,226,1.53,1
Dr. Swati Desai,Orthopedics,13,03-05-2028,City Hospital,Mumbai,35,100,0.92,0
Dr. Rohit Verma,Orthopedics,13,04-05-2028,Metro Hospital,Chennai,72,239,1.46,1
Dr. Ravi Kumar,Cardiology,11,05-05-2028,Govt Health Center,New Delhi,26,54,1.94,1
Dr. Ravi Kumar,Cardiology,13,06-05-2028,Metro Hospital,Mumbai,68,260,1.59,1
Dr. Rohit Verma,Cardiology,17,07-05-2028,City Hospital,Mumbai,97,244,1.13,1
Dr. Anil Mehra,Dermatology,11,08-05-2028,Govt Health Center,New Delhi,25,50,1.62,1
Dr. Rohit Verma,Cardiology,15,09-05-2028,City Hospital,Mumbai,67,153,1.71,1
Dr. Anil Mehra,Dermatology,16,10-05-2028,City Hospital,Chennai,73,410,0.99,0
Dr. Rohit Verma,Orthopedics,9,11-05-2028,Govt Health Center,Kolkata,59,150,1.56,1
Dr. Swati Desai,Orthopedics,14,12-05-2028,City Hospital,Mumbai,94,177,1.15,1
Dr. Anil Mehra,Pediatrics,16,13-05-2028,Metro Hospital,New Delhi,35,402,1.73,0
Dr. Swati Desai,Cardiology,16,14-05-2028,Govt Health Center,New Delhi,26,354,0.94,0
Dr. Ravi Kumar,Orthopedics,12,15-05-2028,City Hospital,Mumbai,55,298,1.91,1
Dr. Rohit Verma,Cardiology,8,16-05-2028,City Hospital,New Delhi,77,450,1.36,0
Dr. Ravi Kumar,Dermatology,13,17-05-2028,City Hospital,Kolkata,59,400,1.03,0
Dr. Ravi Kumar,Orthopedics,15,18-05-2028,Govt Health Center,Kolkata,52,340,1.13,0
Dr. Ravi Kumar,Cardiology,8,19-05-2028,Metro Hospital,New Delhi,57,318,1.02,0
Dr. Ravi Kumar,Orthopedics,9,20-05-2028,City Hospital,Mumbai,77,421,0.72,0
Dr. Rohit Verma,Orthopedics,8,21-05-2028,City Hospital,Mumbai,28,470,0.6,0
Dr. Ravi Kumar,Cardiology,12,22-05-2028,City Hospital,New Delhi,34,87,0.98,0
Dr. Rohit Verma,Orthopedics,9,23-05-2028,Govt Health Center,Kolkata,81,383,1.19,0
Dr. Rohit Verma,Orthopedics,17,24-05-2028,City Hospital,Kolkata,27,439,1.04,0
Dr. Swati Desai,Orthopedics,17,25-05-2028,City Hospital,Mumbai,60,299,0.52,0
Dr. Anil Mehra,Orthopedics,11,26-05-2028,City Hospital,Kolkata,27,270,1.37,1
Dr. Anil Mehra,Dermatology,8,27-05-2028,Govt Health Center,Chennai,67,112,0.72,0
Dr. Rohit Verma,Orthopedics,14,28-05-2028,Metro Hospital,Kolkata,73,302,0.82,0
Dr. Swati Desai,Pediatrics,15,29-05-2028,Govt Health Center,Mumbai,80,482,0.68,0
Dr. Rohit Verma,Orthopedics,12,30-05-2028,Metro Hospital,Kolkata,66,314,1.28,0
Dr. Rohit Verma,Cardiology,9,31-05-2028,Metro Hospital,Kolkata,26,213,0.64,0
Dr. Rohit Verma,Pediatrics,15,01-06-2028,Govt Health Center,New Delhi,68,72,0.88,0
Dr. Swati Desai,Dermatology,8,02-06-2028,City Hospital,Chennai,76,128,1.18,1
Dr. Anil Mehra,Pediatrics,14,03-06-2028,Metro Hospital,New Delhi,95,167,0.75,0
Dr. Swati Desai,Pediatrics,8,04-06-2028,City Hospital,Kolkata,24,234,1.17,1
Dr. Ravi Kumar,Pediatrics,13,05-06-2028,Metro Hospital,Kolkata,35,483,1.01,0
Dr. Swati Desai,Cardiology,13,06-06-2028,City Hospital,New Delhi,57,108,1.79,1
Dr. Swati Desai,Cardiology,12,07-06-2028,City Hospital,Chennai,23,419,1.69,0
Dr. Swati Desai,Cardiology,9,08-06-2028,Govt Health Center,Mumbai,90,440,1.99,0
Dr. Swati Desai,Dermatology,9,09-06-2028,City Hospital,New Delhi,18,352,1.29,0
Dr. Anil Mehra,Cardiology,16,10-06-2028,Metro Hospital,Kolkata,16,301,1.36,0
Dr. Ravi Kumar,Cardiology,12,11-06-2028,City Hospital,Kolkata,64,138,1.92,1
Dr. Anil Mehra,Pediatrics,12,12-06-2028,City Hospital,Mumbai,21,278,1.1,1
Dr. Anil Mehra,Cardiology,14,13-06-2028,City Hospital,Kolkata,26,392,1.33,0
Dr. Swati Desai,Orthopedics,13,14-06-2028,Metro Hospital,Kolkata,82,380,1.07,0
Dr. Rohit Verma,Cardiology,9,15-06-2028,Metro Hospital,Mumbai,17,489,1.32,0
Dr. Rohit Verma,Dermatology,8,16-06-2028,Metro Hospital,Kolkata,51,287,0.62,0
Dr. Anil Mehra,Dermatology,12,17-06-2028,City Hospital,Kolkata,85,441,1.68,0
Dr. Anil Mehra,Orthopedics,11,18-06-2028,Govt Health Center,Chennai,46,341,1.98,0
Dr. Swati Desai,Dermatology,10,19-06-2028,Metro Hospital,New Delhi,29,475,0.6,0
Dr. Anil Mehra,Dermatology,9,20-06-2028,City Hospital,Chennai,10,344,1.7,0
Dr. Swati Desai,Pediatrics,17,21-06-2028,Metro Hospital,Chennai,18,370,0.86,0
Dr. Rohit Verma,Orthopedics,9,22-06-2028,Govt Health Center,Kolkata,33,93,0.8,0
Dr. Rohit Verma,Pediatrics,11,23-06-2028,City Hospital,New Delhi,43,382,1.54,0
Dr. Ravi Kumar,Pediatrics,9,24-06-2028,Metro Hospital,New Delhi,45,129,0.57,0
Dr. Rohit Verma,Cardiology,11,25-06-2028,Metro Hospital,Kolkata,13,223,1.19,1
Dr. Anil Mehra,Orthopedics,10,26-06-2028,Govt Health Center,Chennai,38,190,0.5,0
Dr. Rohit Verma,Cardiology,16,27-06-2028,Metro Hospital,Chennai,96,86,1.33,1
Dr. Swati Desai,Cardiology,14,28-06-2028,City Hospital,Chennai,25,63,1.19,1
Dr. Rohit Verma,Pediatrics,10,29-06-2028,City Hospital,New Delhi,17,171,1.87,1
Dr. Ravi Kumar,Dermatology,15,30-06-2028,Govt Health Center,Kolkata,48,446,1.58,0
Dr. Rohit Verma,Orthopedics,16,01-07-2028,Govt Health Center,New Delhi,67,287,0.69,0
Dr. Swati Desai,Dermatology,14,02-07-2028,Govt Health Center,Chennai,21,445,1.03,0
Dr. Swati Desai,Pediatrics,13,03-07-2028,City Hospital,New Delhi,53,104,1.9,1
Dr. Anil Mehra,Pediatrics,11,04-07-2028,Govt Health Center,New Delhi,13,461,1.59,0
Dr. Rohit Verma,Pediatrics,12,05-07-2028,Metro Hospital,Kolkata,34,71,1.39,1
Dr. Swati Desai,Pediatrics,15,06-07-2028,Metro Hospital,Kolkata,79,389,1.34,0
Dr. Ravi Kumar,Pediatrics,10,07-07-2028,City Hospital,New Delhi,76,452,1.1,0
Dr. Anil Mehra,Pediatrics,9,08-07-2028,Metro Hospital,Mumbai,48,252,1.38,1
Dr. Ravi Kumar,Dermatology,10,09-07-2028,Govt Health Center,Kolkata,33,463,1.66,0
Dr. Rohit Verma,Cardiology,14,10-07-2028,Metro Hospital,Mumbai,94,487,0.69,0
Dr. Rohit Verma,Dermatology,15,11-07-2028,Govt Health Center,Kolkata,15,395,1.95,0
Dr. Rohit Verma,Orthopedics,8,12-07-2028,Metro Hospital,Chennai,81,64,0.86,0
Dr. Anil Mehra,Dermatology,14,13-07-2028,City Hospital,Mumbai,42,79,1.17,1
Dr. Swati Desai,Pediatrics,16,14-07-2028,Govt Health Center,Chennai,57,78,0.53,0
Dr. Anil Mehra,Dermatology,10,15-07-2028,Metro Hospital,Chennai,76,301,1.33,0
Dr. Ravi Kumar,Cardiology,10,16-07-2028,City Hospital,New Delhi,11,209,1.07,1
Dr. Anil Mehra,Orthopedics,15,17-07-2028,Metro Hospital,Chennai,47,166,0.87,0
Dr. Ravi Kumar,Dermatology,11,18-07-2028,City Hospital,Chennai,49,207,1.98,1
Dr. Anil Mehra,Cardiology,15,19-07-2028,Metro Hospital,Chennai,65,157,1.14,1
Dr. Swati Desai,Dermatology,12,20-07-2028,Govt Health Center,Chennai,97,164,1.12,1
Dr. Ravi Kumar,Orthopedics,10,21-07-2028,Govt Health Center,New Delhi,30,321,1.19,0
Dr. Rohit Verma,Dermatology,11,22-07-2028,Govt Health Center,New Delhi,91,469,0.67,0
Dr. Rohit Verma,Pediatrics,11,23-07-2028,Govt Health Center,Chennai,44,387,1.09,0
Dr. Anil Mehra,Dermatology,15,24-07-2028,Govt Health Center,Mumbai,84,225,1,0
Dr. Rohit Verma,Cardiology,13,25-07-2028,Metro Hospital,Kolkata,84,280,1.2,1
Dr. Ravi Kumar,Dermatology,14,26-07-2028,Metro Hospital,Mumbai,76,333,1.78,0
Dr. Rohit Verma,Cardiology,16,27-07-2028,Metro Hospital,Chennai,69,367,0.79,0
Dr. Swati Desai,Orthopedics,13,28-07-2028,Metro Hospital,New Delhi,32,299,1.41,1
Dr. Swati Desai,Dermatology,10,29-07-2028,Govt Health Center,Chennai,74,489,0.56,0
Dr. Anil Mehra,Orthopedics,10,30-07-2028,City Hospital,Chennai,72,105,0.98,0
Dr. Ravi Kumar,Orthopedics,10,31-07-2028,Govt Health Center,New Delhi,32,380,1.21,0
Dr. Swati Desai,Dermatology,17,01-08-2028,Metro Hospital,Mumbai,95,322,0.61,0
Dr. Swati Desai,Cardiology,9,02-08-2028,Govt Health Center,Kolkata,51,239,1.32,1
Dr. Ravi Kumar,Orthopedics,8,03-08-2028,Govt Health Center,Chennai,73,70,0.97,0
Dr. Rohit Verma,Orthopedics,17,04-08-2028,Govt Health Center,New Delhi,75,214,1.99,1
Dr. Rohit Verma,Dermatology,8,05-08-2028,City Hospital,Kolkata,90,420,1.45,0
Dr. Anil Mehra,Dermatology,11,06-08-2028,Govt Health Center,Kolkata,50,467,0.87,0
Dr. Rohit Verma,Dermatology,10,07-08-2028,Govt Health Center,Kolkata,29,334,0.65,0
Dr. Ravi Kumar,Dermatology,12,08-08-2028,City Hospital,New Delhi,18,117,0.56,0
Dr. Swati Desai,Dermatology,16,09-08-2028,Govt Health Center,Chennai,66,493,0.64,0
Dr. Rohit Verma,Pediatrics,15,10-08-2028,Govt Health Center,New Delhi,84,316,1.52,0
Dr. Anil Mehra,Dermatology,16,11-08-2028,Govt Health Center,Chennai,26,267,1.78,1
Dr. Rohit Verma,Cardiology,12,12-08-2028,Govt Health Center,Mumbai,87,387,0.74,0
Dr. Ravi Kumar,Orthopedics,15,13-08-2028,Govt Health Center,Kolkata,91,433,1.1,0
Dr. Anil Mehra,Cardiology,11,14-08-2028,Metro Hospital,Chennai,27,422,1.03,0
Dr. Rohit Verma,Cardiology,12,15-08-2028,Govt Health Center,Mumbai,72,145,1.47,1
Dr. Anil Mehra,Pediatrics,10,16-08-2028,City Hospital,New Delhi,81,237,0.77,0
Dr. Ravi Kumar,Dermatology,12,17-08-2028,Govt Health Center,Kolkata,81,257,1.93,1
Dr. Swati Desai,Orthopedics,10,18-08-2028,Metro Hospital,Chennai,35,123,1.59,1
Dr. Ravi Kumar,Cardiology,12,19-08-2028,City Hospital,Kolkata,81,413,1.93,0
Dr. Ravi Kumar,Dermatology,12,20-08-2028,City Hospital,Kolkata,93,211,0.92,0
Dr. Ravi Kumar,Dermatology,13,21-08-2028,Govt Health Center,Kolkata,81,210,1.38,1
Dr. Ravi Kumar,Pediatrics,16,22-08-2028,Metro Hospital,New Delhi,87,443,1.6,0
Dr. Swati Desai,Pediatrics,8,23-08-2028,Govt Health Center,Kolkata,22,109,1.57,1
Dr. Swati Desai,Pediatrics,17,24-08-2028,Metro Hospital,Chennai,26,75,0.53,0
Dr. Anil Mehra,Orthopedics,13,25-08-2028,Metro Hospital,New Delhi,35,411,2,0
Dr. Rohit Verma,Cardiology,8,26-08-2028,Govt Health Center,Mumbai,15,74,1.89,1
Dr. Swati Desai,Pediatrics,13,27-08-2028,Metro Hospital,Chennai,90,307,0.68,0
Dr. Swati Desai,Pediatrics,9,28-08-2028,Govt Health Center,New Delhi,13,395,1.32,0
Dr. Rohit Verma,Pediatrics,15,29-08-2028,Metro Hospital,Chennai,98,389,0.97,0
Dr. Swati Desai,Cardiology,10,30-08-2028,City Hospital,Chennai,16,52,1.82,1
Dr. Ravi Kumar,Cardiology,17,31-08-2028,Govt Health Center,Mumbai,26,337,1.55,0
Dr. Ravi Kumar,Pediatrics,13,01-09-2028,Metro Hospital,New Delhi,95,306,0.84,0
Dr. Rohit Verma,Pediatrics,13,02-09-2028,City Hospital,Kolkata,59,329,0.55,0
Dr. Anil Mehra,Dermatology,11,03-09-2028,City Hospital,Chennai,15,355,0.94,0
Dr. Anil Mehra,Pediatrics,12,04-09-2028,City Hospital,Chennai,39,476,0.56,0
Dr. Rohit Verma,Orthopedics,9,05-09-2028,City Hospital,Chennai,83,297,0.71,0
Dr. Rohit Verma,Orthopedics,17,06-09-2028,Govt Health Center,Chennai,65,93,1.45,1
Dr. Ravi Kumar,Pediatrics,17,07-09-2028,Metro Hospital,Chennai,48,82,1.62,1
Dr. Anil Mehra,Cardiology,15,08-09-2028,City Hospital,New Delhi,23,343,1.2,0
Dr. Swati Desai,Dermatology,17,09-09-2028,Metro Hospital,Chennai,63,161,1.4,1
Dr. Ravi Kumar,Cardiology,14,10-09-2028,Metro Hospital,Chennai,31,357,0.73,0
Dr. Rohit Verma,Pediatrics,17,11-09-2028,Metro Hospital,Chennai,66,340,0.98,0
Dr. Anil Mehra,Orthopedics,13,12-09-2028,Govt Health Center,Kolkata,50,322,1.57,0
Dr. Swati Desai,Dermatology,14,13-09-2028,Govt Health Center,Kolkata,99,363,1.05,0
Dr. Swati Desai,Cardiology,8,14-09-2028,City Hospital,New Delhi,19,353,1.02,0
Dr. Ravi Kumar,Cardiology,12,15-09-2028,Metro Hospital,Chennai,11,92,0.79,0
Dr. Anil Mehra,Pediatrics,14,16-09-2028,Govt Health Center,Chennai,76,353,1.39,0
Dr. Anil Mehra,Dermatology,8,17-09-2028,Govt Health Center,Mumbai,57,93,1.71,1
Dr. Rohit Verma,Orthopedics,9,18-09-2028,Govt Health Center,Kolkata,51,338,1.2,0
Dr. Anil Mehra,Pediatrics,16,19-09-2028,City Hospital,Mumbai,20,136,0.67,0
Dr. Anil Mehra,Dermatology,10,20-09-2028,Govt Health Center,Chennai,83,279,1.76,1
Dr. Ravi Kumar,Cardiology,13,21-09-2028,Metro Hospital,Chennai,21,132,0.61,0
Dr. Anil Mehra,Pediatrics,14,22-09-2028,Govt Health Center,Mumbai,23,253,1.21,1
Dr. Swati Desai,Cardiology,16,23-09-2028,Govt Health Center,New Delhi,39,179,0.89,0
Dr. Ravi Kumar,Cardiology,12,24-09-2028,City Hospital,New Delhi,69,187,1.9,1
Dr. Ravi Kumar,Pediatrics,11,25-09-2028,Metro Hospital,Mumbai,86,132,1.61,1
Dr. Rohit Verma,Pediatrics,9,26-09-2028,Govt Health Center,Chennai,39,461,1.35,0
Dr. Anil Mehra,Pediatrics,10,27-09-2028,Metro Hospital,Mumbai,47,224,1.5,1
Dr. Rohit Verma,Pediatrics,12,28-09-2028,Metro Hospital,Kolkata,84,185,1.3,1
Dr. Swati Desai,Pediatrics,9,29-09-2028,Govt Health Center,New Delhi,74,156,0.72,0
Dr. Ravi Kumar,Cardiology,11,30-09-2028,City Hospital,Mumbai,56,200,1.56,1
Dr. Ravi Kumar,Orthopedics,8,01-10-2028,Metro Hospital,New Delhi,48,481,1.24,0
Dr. Ravi Kumar,Orthopedics,11,02-10-2028,Govt Health Center,Kolkata,58,158,1.45,1
Dr. Swati Desai,Pediatrics,14,03-10-2028,Metro Hospital,Chennai,82,271,0.57,0
Dr. Swati Desai,Cardiology,10,04-10-2028,Metro Hospital,Chennai,67,397,0.71,0
Dr. Rohit Verma,Orthopedics,17,05-10-2028,Metro Hospital,Chennai,99,368,1.38,0
Dr. Rohit Verma,Orthopedics,15,06-10-2028,Govt Health Center,New Delhi,98,382,1.19,0
Dr. Rohit Verma,Orthopedics,13,07-10-2028,Metro Hospital,Kolkata,26,296,0.84,0
Dr. Anil Mehra,Cardiology,13,08-10-2028,Metro Hospital,Mumbai,15,86,0.86,0
Dr. Ravi Kumar,Pediatrics,8,09-10-2028,City Hospital,Chennai,24,317,1.45,0
Dr. Ravi Kumar,Pediatrics,12,10-10-2028,Govt Health Center,New Delhi,76,123,0.59,0
Dr. Rohit Verma,Pediatrics,10,11-10-2028,Govt Health Center,Chennai,37,164,1.15,1
Dr. Ravi Kumar,Dermatology,17,12-10-2028,Metro Hospital,Kolkata,82,130,1.28,1
Dr. Rohit Verma,Dermatology,8,13-10-2028,City Hospital,Mumbai,53,242,0.96,0
Dr. Anil Mehra,Dermatology,15,14-10-2028,Metro Hospital,Chennai,27,263,1.73,1
Dr. Anil Mehra,Cardiology,14,15-10-2028,Metro Hospital,Kolkata,41,64,0.59,0
Dr. Swati Desai,Orthopedics,14,16-10-2028,Govt Health Center,New Delhi,92,385,1.8,0
Dr. Anil Mehra,Orthopedics,17,17-10-2028,City Hospital,Kolkata,78,133,1.58,1
Dr. Rohit Verma,Cardiology,17,18-10-2028,Metro Hospital,New Delhi,53,424,1.17,0
Dr. Anil Mehra,Cardiology,17,19-10-2028,Govt Health Center,Chennai,79,315,1.89,0
Dr. Swati Desai,Pediatrics,11,20-10-2028,Metro Hospital,Chennai,72,347,1.55,0
Dr. Ravi Kumar,Pediatrics,13,21-10-2028,Metro Hospital,Kolkata,85,203,1.9,1
Dr. Rohit Verma,Dermatology,16,22-10-2028,City Hospital,New Delhi,67,354,1.21,0
Dr. Ravi Kumar,Dermatology,10,23-10-2028,City Hospital,Kolkata,56,302,1.18,0
Dr. Swati Desai,Cardiology,16,24-10-2028,City Hospital,Kolkata,26,456,1.3,0
Dr. Swati Desai,Dermatology,11,25-10-2028,Metro Hospital,Chennai,48,497,0.6,0
Dr. Swati Desai,Orthopedics,12,26-10-2028,City Hospital,Chennai,68,322,1.86,0
Dr. Ravi Kumar,Cardiology,14,27-10-2028,Govt Health Center,Chennai,16,467,1.5,0
Dr. Ravi Kumar,Cardiology,13,28-10-2028,Metro Hospital,Kolkata,72,410,1.43,0
Dr. Ravi Kumar,Orthopedics,17,29-10-2028,City Hospital,Kolkata,66,362,1.89,0
Dr. Ravi Kumar,Pediatrics,15,30-10-2028,Metro Hospital,Mumbai,84,391,1.99,0
Dr. Swati Desai,Pediatrics,15,31-10-2028,Metro Hospital,Mumbai,43,181,0.75,0
Dr. Swati Desai,Orthopedics,15,01-11-2028,Govt Health Center,Kolkata,62,248,1.62,1
Dr. Rohit Verma,Orthopedics,10,02-11-2028,Govt Health Center,Mumbai,75,374,1.37,0
Dr. Rohit Verma,Dermatology,17,03-11-2028,Govt Health Center,Kolkata,87,400,1.19,0
Dr. Ravi Kumar,Cardiology,13,04-11-2028,Metro Hospital,Chennai,91,132,1.97,1
Dr. Anil Mehra,Dermatology,14,05-11-2028,Metro Hospital,New Delhi,57,355,1.78,0
Dr. Anil Mehra,Orthopedics,16,06-11-2028,Govt Health Center,Chennai,69,175,1.55,1
Dr. Swati Desai,Dermatology,17,07-11-2028,Metro Hospital,Kolkata,52,263,1.07,1
Dr. Swati Desai,Orthopedics,17,08-11-2028,Govt Health Center,Chennai,82,372,1.5,0
Dr. Swati Desai,Dermatology,11,09-11-2028,Govt Health Center,Kolkata,13,264,1.3,1
Dr. Rohit Verma,Dermatology,12,10-11-2028,City Hospital,Kolkata,87,287,0.87,0
Dr. Rohit Verma,Pediatrics,15,11-11-2028,Govt Health Center,Mumbai,84,137,1.18,1
Dr. Swati Desai,Orthopedics,8,12-11-2028,City Hospital,Kolkata,61,433,0.82,0
Dr. Swati Desai,Dermatology,13,13-11-2028,Govt Health Center,New Delhi,41,492,1.25,0
Dr. Swati Desai,Cardiology,11,14-11-2028,Metro Hospital,Mumbai,99,162,1.58,1
Dr. Anil Mehra,Dermatology,12,15-11-2028,City Hospital,New Delhi,60,154,0.55,0
Dr. Rohit Verma,Dermatology,12,16-11-2028,Metro Hospital,Kolkata,19,420,1.65,0
Dr. Anil Mehra,Cardiology,9,17-11-2028,Metro Hospital,Chennai,21,112,0.53,0
Dr. Anil Mehra,Orthopedics,15,18-11-2028,Govt Health Center,Kolkata,91,288,1.28,1
Dr. Swati Desai,Pediatrics,9,19-11-2028,Govt Health Center,Kolkata,48,75,1.36,1
Dr. Swati Desai,Pediatrics,11,20-11-2028,Metro Hospital,Chennai,89,177,1.64,1
Dr. Ravi Kumar,Pediatrics,12,21-11-2028,Govt Health Center,Chennai,77,50,1.64,1
Dr. Ravi Kumar,Cardiology,8,22-11-2028,Govt Health Center,New Delhi,19,143,1.13,1
Dr. Anil Mehra,Dermatology,13,23-11-2028,Govt Health Center,Mumbai,91,420,0.6,0
Dr. Rohit Verma,Orthopedics,9,24-11-2028,Metro Hospital,Mumbai,82,451,1.54,0
Dr. Swati Desai,Dermatology,12,25-11-2028,City Hospital,Mumbai,95,61,1.27,1
Dr. Swati Desai,Pediatrics,13,26-11-2028,City Hospital,New Delhi,19,215,1,0
Dr. Anil Mehra,Dermatology,15,27-11-2028,Metro Hospital,New Delhi,32,347,0.85,0
Dr. Ravi Kumar,Cardiology,16,28-11-2028,Govt Health Center,Chennai,86,469,0.68,0
Dr. Rohit Verma,Cardiology,13,29-11-2028,Govt Health Center,Mumbai,97,321,0.94,0
Dr. Ravi Kumar,Orthopedics,12,30-11-2028,City Hospital,Kolkata,22,498,1.19,0
Dr. Ravi Kumar,Orthopedics,11,01-12-2028,Metro Hospital,New Delhi,57,116,1.22,1
Dr. Ravi Kumar,Pediatrics,9,02-12-2028,Metro Hospital,Kolkata,98,216,1.37,1
Dr. Ravi Kumar,Orthopedics,9,03-12-2028,Govt Health Center,Mumbai,53,303,1.04,0
Dr. Swati Desai,Dermatology,14,04-12-2028,Govt Health Center,Mumbai,89,404,1.88,0
Dr. Swati Desai,Cardiology,12,05-12-2028,Govt Health Center,New Delhi,73,302,1.24,0
Dr. Ravi Kumar,Cardiology,14,06-12-2028,Metro Hospital,New Delhi,49,295,1.14,1
Dr. Rohit Verma,Cardiology,8,07-12-2028,City Hospital,Chennai,15,108,0.57,0
Dr. Anil Mehra,Orthopedics,8,08-12-2028,Metro Hospital,Kolkata,81,343,1.4,0
Dr. Rohit Verma,Cardiology,12,09-12-2028,Metro Hospital,Chennai,91,193,1.4,1
Dr. Rohit Verma,Cardiology,9,10-12-2028,Metro Hospital,Chennai,52,258,1.37,1
Dr. Rohit Verma,Cardiology,15,11-12-2028,City Hospital,Kolkata,41,275,1.83,1
Dr. Ravi Kumar,Pediatrics,10,12-12-2028,Govt Health Center,Mumbai,58,444,1.64,0
Dr. Swati Desai,Pediatrics,8,13-12-2028,Govt Health Center,Kolkata,83,333,1.8,0
Dr. Rohit Verma,Orthopedics,9,14-12-2028,Metro Hospital,Mumbai,96,140,0.59,0
Dr. Ravi Kumar,Cardiology,17,15-12-2028,Metro Hospital,Chennai,28,160,0.98,0
Dr. Rohit Verma,Orthopedics,17,16-12-2028,City Hospital,Mumbai,93,289,0.98,0
Dr. Rohit Verma,Cardiology,14,17-12-2028,City Hospital,Mumbai,61,399,1.49,0
Dr. Ravi Kumar,Cardiology,13,18-12-2028,Govt Health Center,Mumbai,61,382,1.17,0
Dr. Swati Desai,Cardiology,15,19-12-2028,Metro Hospital,Kolkata,43,129,1.67,1
Dr. Swati Desai,Orthopedics,14,20-12-2028,City Hospital,Mumbai,68,435,1.08,0
Dr. Anil Mehra,Orthopedics,17,21-12-2028,City Hospital,Kolkata,90,453,0.83,0
Dr. Ravi Kumar,Cardiology,15,22-12-2028,Metro Hospital,New Delhi,14,253,0.94,0
Dr. Anil Mehra,Dermatology,10,23-12-2028,Metro Hospital,New Delhi,75,287,0.77,0
Dr. Anil Mehra,Orthopedics,13,24-12-2028,Metro Hospital,Chennai,50,377,0.8,0
Dr. Anil Mehra,Pediatrics,14,25-12-2028,Metro Hospital,Chennai,43,343,0.83,0
Dr. Swati Desai,Orthopedics,17,26-12-2028,Metro Hospital,Kolkata,63,233,0.52,0
Dr. Ravi Kumar,Cardiology,8,27-12-2028,Metro Hospital,Mumbai,29,261,1.57,1
Dr. Anil Mehra,Dermatology,8,28-12-2028,City Hospital,Mumbai,63,300,1.1,0
Dr. Ravi Kumar,Cardiology,14,29-12-2028,Metro Hospital,New Delhi,75,276,0.53,0
Dr. Ravi Kumar,Pediatrics,10,30-12-2028,Govt Health Center,Kolkata,27,216,1.06,1
Dr. Swati Desai,Orthopedics,10,31-12-2028,Metro Hospital,Mumbai,53,80,1.86,1
Dr. Anil Mehra,Orthopedics,12,01-01-2029,Govt Health Center,Mumbai,57,385,1.27,0
Dr. Anil Mehra,Cardiology,13,02-01-2029,Govt Health Center,Kolkata,44,200,1.98,1
Dr. Ravi Kumar,Cardiology,9,03-01-2029,Govt Health Center,Chennai,88,211,1.31,1
Dr. Rohit Verma,Pediatrics,10,04-01-2029,Metro Hospital,Kolkata,48,145,1.94,1
Dr. Swati Desai,Dermatology,13,05-01-2029,Metro Hospital,Kolkata,12,322,0.8,0
Dr. Swati Desai,Pediatrics,10,06-01-2029,Govt Health Center,Mumbai,28,412,0.93,0
Dr. Swati Desai,Dermatology,12,07-01-2029,Metro Hospital,New Delhi,96,73,1.55,1
Dr. Swati Desai,Orthopedics,16,08-01-2029,City Hospital,Mumbai,92,468,1.98,0
Dr. Anil Mehra,Dermatology,10,09-01-2029,City Hospital,Mumbai,27,167,1.74,1
Dr. Anil Mehra,Dermatology,13,10-01-2029,City Hospital,Mumbai,92,456,1.33,0
Dr. Rohit Verma,Orthopedics,12,11-01-2029,City Hospital,Kolkata,14,441,0.63,0
Dr. Swati Desai,Orthopedics,12,12-01-2029,Metro Hospital,Kolkata,64,487,1.05,0
Dr. Swati Desai,Orthopedics,13,13-01-2029,Govt Health Center,Mumbai,22,136,0.63,0
Dr. Ravi Kumar,Pediatrics,13,14-01-2029,Metro Hospital,Mumbai,43,454,0.97,0
Dr. Anil Mehra,Orthopedics,8,15-01-2029,City Hospital,New Delhi,97,324,0.89,0
Dr. Swati Desai,Cardiology,16,16-01-2029,Metro Hospital,Chennai,27,464,1.08,0
Dr. Rohit Verma,Orthopedics,12,17-01-2029,Metro Hospital,Mumbai,77,99,1.76,1
Dr. Rohit Verma,Orthopedics,8,18-01-2029,City Hospital,Kolkata,81,376,0.73,0
Dr. Anil Mehra,Orthopedics,15,19-01-2029,Govt Health Center,Chennai,52,161,0.96,0
Dr. Rohit Verma,Dermatology,14,20-01-2029,Metro Hospital,Chennai,74,329,0.89,0
Dr. Rohit Verma,Pediatrics,14,21-01-2029,Metro Hospital,New Delhi,50,351,0.94,0
Dr. Anil Mehra,Orthopedics,12,22-01-2029,City Hospital,Chennai,47,185,1.04,1
Dr. Swati Desai,Pediatrics,8,23-01-2029,Govt Health Center,Mumbai,47,382,0.87,0
Dr. Swati Desai,Cardiology,16,24-01-2029,City Hospital,Mumbai,22,52,1.91,1
Dr. Rohit Verma,Cardiology,16,25-01-2029,City Hospital,Kolkata,31,211,1.13,1
Dr. Rohit Verma,Orthopedics,15,26-01-2029,Metro Hospital,Mumbai,38,126,0.67,0
Dr. Swati Desai,Cardiology,12,27-01-2029,Govt Health Center,Mumbai,18,234,1.2,1
Dr. Anil Mehra,Pediatrics,10,28-01-2029,City Hospital,New Delhi,77,423,0.78,0
Dr. Rohit Verma,Dermatology,15,29-01-2029,Metro Hospital,Chennai,26,107,0.82,0
Dr. Ravi Kumar,Orthopedics,8,30-01-2029,City Hospital,New Delhi,46,212,0.93,0
Dr. Anil Mehra,Cardiology,10,31-01-2029,Metro Hospital,Chennai,73,70,0.69,0
Dr. Rohit Verma,Pediatrics,14,01-02-2029,Govt Health Center,New Delhi,76,114,1.58,1
Dr. Rohit Verma,Pediatrics,11,02-02-2029,City Hospital,Kolkata,13,115,1.69,1
Dr. Ravi Kumar,Cardiology,14,03-02-2029,Govt Health Center,New Delhi,49,490,1.09,0
Dr. Ravi Kumar,Pediatrics,12,04-02-2029,Govt Health Center,New Delhi,25,347,1.53,0
Dr. Swati Desai,Pediatrics,13,05-02-2029,Metro Hospital,Kolkata,20,348,1.08,0
Dr. Anil Mehra,Orthopedics,14,06-02-2029,City Hospital,Mumbai,35,331,0.75,0
Dr. Anil Mehra,Pediatrics,17,07-02-2029,City Hospital,Mumbai,81,459,1.1,0
Dr. Swati Desai,Cardiology,14,08-02-2029,Metro Hospital,Kolkata,74,441,1.34,0
Dr. Anil Mehra,Orthopedics,14,09-02-2029,Metro Hospital,Kolkata,11,224,0.56,0
Dr. Anil Mehra,Cardiology,14,10-02-2029,Govt Health Center,New Delhi,54,214,1.48,1
Dr. Anil Mehra,Dermatology,14,11-02-2029,City Hospital,Kolkata,52,131,1.61,1
Dr. Anil Mehra,Cardiology,10,12-02-2029,City Hospital,Kolkata,12,195,1.79,1
Dr. Anil Mehra,Cardiology,10,13-02-2029,Metro Hospital,Chennai,43,253,0.65,0
Dr. Ravi Kumar,Orthopedics,14,14-02-2029,Metro Hospital,Chennai,89,213,0.5,0
Dr. Anil Mehra,Pediatrics,9,15-02-2029,Metro Hospital,Mumbai,74,153,0.61,0
Dr. Ravi Kumar,Cardiology,9,16-02-2029,City Hospital,Kolkata,73,179,1.89,1
Dr. Anil Mehra,Orthopedics,10,17-02-2029,City Hospital,New Delhi,16,133,1.65,1
Dr. Swati Desai,Dermatology,11,18-02-2029,Govt Health Center,Mumbai,44,169,1.75,1
Dr. Rohit Verma,Orthopedics,13,19-02-2029,Metro Hospital,Mumbai,31,308,1.28,0
Dr. Ravi Kumar,Orthopedics,15,20-02-2029,Govt Health Center,Mumbai,57,153,1.29,1
Dr. Anil Mehra,Pediatrics,17,21-02-2029,City Hospital,Kolkata,41,413,0.95,0
Dr. Swati Desai,Cardiology,17,22-02-2029,Govt Health Center,Kolkata,35,83,1.76,1
Dr. Rohit Verma,Dermatology,14,23-02-2029,Govt Health Center,New Delhi,15,431,1.74,0
Dr. Ravi Kumar,Orthopedics,11,24-02-2029,Govt Health Center,New Delhi,55,418,1.09,0
Dr. Rohit Verma,Cardiology,9,25-02-2029,Metro Hospital,Mumbai,64,415,0.99,0
Dr. Swati Desai,Cardiology,9,26-02-2029,City Hospital,Kolkata,84,223,1.61,1
Dr. Ravi Kumar,Orthopedics,11,27-02-2029,Metro Hospital,New Delhi,64,495,0.54,0
Dr. Rohit Verma,Cardiology,13,28-02-2029,Govt Health Center,Chennai,94,375,1.79,0
Dr. Anil Mehra,Orthopedics,10,01-03-2029,Metro Hospital,Chennai,66,281,1.17,1
Dr. Ravi Kumar,Orthopedics,13,02-03-2029,City Hospital,Mumbai,95,234,1.16,1
Dr. Rohit Verma,Orthopedics,12,03-03-2029,City Hospital,Chennai,72,443,1.5,0
Dr. Swati Desai,Dermatology,12,04-03-2029,Govt Health Center,Mumbai,10,393,1.47,0
Dr. Swati Desai,Orthopedics,9,05-03-2029,Govt Health Center,Kolkata,30,67,0.9,0
Dr. Ravi Kumar,Pediatrics,15,06-03-2029,Metro Hospital,Mumbai,29,466,1.91,0
Dr. Rohit Verma,Cardiology,12,07-03-2029,City Hospital,Mumbai,82,280,1.98,1
Dr. Ravi Kumar,Dermatology,9,08-03-2029,City Hospital,Kolkata,38,184,1.29,1
Dr. Ravi Kumar,Cardiology,14,09-03-2029,Metro Hospital,New Delhi,52,94,1.34,1
Dr. Rohit Verma,Dermatology,16,10-03-2029,City Hospital,New Delhi,54,161,1.33,1
Dr. Rohit Verma,Pediatrics,16,11-03-2029,Govt Health Center,New Delhi,74,462,1.23,0
Dr. Anil Mehra,Dermatology,8,12-03-2029,Govt Health Center,New Delhi,12,132,1.92,1
Dr. Rohit Verma,Dermatology,14,13-03-2029,Metro Hospital,Mumbai,29,471,0.87,0
Dr. Swati Desai,Dermatology,16,14-03-2029,Metro Hospital,New Delhi,90,88,0.66,0
Dr. Ravi Kumar,Cardiology,13,15-03-2029,Metro Hospital,Chennai,46,303,1.89,0
Dr. Ravi Kumar,Orthopedics,8,16-03-2029,Govt Health Center,Chennai,47,458,0.82,0
Dr. Swati Desai,Cardiology,9,17-03-2029,Metro Hospital,New Delhi,83,194,1.62,1
Dr. Rohit Verma,Orthopedics,11,18-03-2029,City Hospital,Chennai,54,366,0.81,0
Dr. Swati Desai,Cardiology,11,19-03-2029,Metro Hospital,Chennai,51,100,1.94,1
Dr. Swati Desai,Pediatrics,9,20-03-2029,City Hospital,Kolkata,55,342,1.69,0
Dr. Anil Mehra,Pediatrics,15,21-03-2029,Govt Health Center,Kolkata,69,116,1.88,1
Dr. Swati Desai,Dermatology,9,22-03-2029,City Hospital,New Delhi,22,73,1.93,1
Dr. Ravi Kumar,Pediatrics,10,23-03-2029,City Hospital,Mumbai,40,171,0.63,0
Dr. Swati Desai,Dermatology,11,24-03-2029,City Hospital,Mumbai,77,98,1.15,1
Dr. Ravi Kumar,Orthopedics,16,25-03-2029,Govt Health Center,Kolkata,71,198,1.47,1
Dr. Ravi Kumar,Pediatrics,17,26-03-2029,City Hospital,Kolkata,58,234,1.7,1
Dr. Ravi Kumar,Orthopedics,8,27-03-2029,City Hospital,Mumbai,27,299,0.86,0
Dr. Rohit Verma,Cardiology,15,28-03-2029,Metro Hospital,New Delhi,84,474,1.87,0
Dr. Anil Mehra,Orthopedics,12,29-03-2029,Metro Hospital,Mumbai,62,194,0.83,0
Dr. Ravi Kumar,Cardiology,14,30-03-2029,Metro Hospital,Mumbai,27,292,1.8,1
Dr. Ravi Kumar,Orthopedics,15,31-03-2029,City Hospital,Chennai,60,414,1.27,0
Dr. Rohit Verma,Orthopedics,12,01-04-2029,City Hospital,Mumbai,50,407,1.27,0
Dr. Ravi Kumar,Pediatrics,15,02-04-2029,Govt Health Center,Kolkata,76,198,1.06,1
Dr. Swati Desai,Orthopedics,17,03-04-2029,City Hospital,New Delhi,74,117,0.66,0
Dr. Swati Desai,Pediatrics,15,04-04-2029,City Hospital,Mumbai,92,273,1.02,1
Dr. Anil Mehra,Pediatrics,16,05-04-2029,Govt Health Center,Chennai,15,259,1.14,1
Dr. Ravi Kumar,Dermatology,9,06-04-2029,City Hospital,Kolkata,83,241,1.22,1
Dr. Rohit Verma,Dermatology,10,07-04-2029,Govt Health Center,Kolkata,46,349,1.61,0
Dr. Swati Desai,Cardiology,8,08-04-2029,Govt Health Center,Chennai,21,173,1.03,1
Dr. Rohit Verma,Orthopedics,11,09-04-2029,Metro Hospital,Kolkata,90,333,1.11,0
Dr. Rohit Verma,Cardiology,12,10-04-2029,City Hospital,Chennai,11,341,1.86,0
Dr. Swati Desai,Orthopedics,8,11-04-2029,Metro Hospital,Kolkata,62,470,1.63,0
Dr. Rohit Verma,Dermatology,15,12-04-2029,City Hospital,Kolkata,34,432,0.53,0
Dr. Swati Desai,Dermatology,9,13-04-2029,Metro Hospital,Kolkata,37,349,1.72,0
Dr. Rohit Verma,Orthopedics,8,14-04-2029,Govt Health Center,Kolkata,54,99,1.98,1
Dr. Swati Desai,Orthopedics,9,15-04-2029,Govt Health Center,Chennai,46,418,1.91,0
Dr. Ravi Kumar,Dermatology,12,16-04-2029,Govt Health Center,Mumbai,26,232,1.75,1
Dr. Anil Mehra,Dermatology,16,17-04-2029,Govt Health Center,Kolkata,78,296,1.44,1
Dr. Swati Desai,Cardiology,16,18-04-2029,City Hospital,Chennai,65,137,0.92,0
Dr. Swati Desai,Dermatology,9,19-04-2029,City Hospital,Chennai,67,187,1.48,1
Dr. Anil Mehra,Orthopedics,9,20-04-2029,Metro Hospital,Chennai,92,87,1.54,1
Dr. Swati Desai,Cardiology,10,21-04-2029,City Hospital,Mumbai,13,98,0.92,0
Dr. Swati Desai,Orthopedics,14,22-04-2029,City Hospital,New Delhi,64,121,0.88,0
Dr. Rohit Verma,Pediatrics,10,23-04-2029,Metro Hospital,Chennai,58,307,1.1,0
Dr. Anil Mehra,Cardiology,8,24-04-2029,Govt Health Center,Chennai,47,93,1.46,1
Dr. Ravi Kumar,Orthopedics,13,25-04-2029,Metro Hospital,Chennai,54,340,0.94,0
Dr. Swati Desai,Dermatology,10,26-04-2029,Metro Hospital,Mumbai,39,165,1.33,1
Dr. Anil Mehra,Pediatrics,8,27-04-2029,Govt Health Center,Kolkata,46,198,1.85,1
Dr. Rohit Verma,Orthopedics,11,28-04-2029,Metro Hospital,Mumbai,65,362,0.94,0
Dr. Ravi Kumar,Cardiology,8,29-04-2029,Metro Hospital,Chennai,36,396,1.95,0
Dr. Anil Mehra,Orthopedics,8,30-04-2029,Metro Hospital,New Delhi,41,328,1.21,0
Dr. Ravi Kumar,Pediatrics,9,01-05-2029,City Hospital,Chennai,20,337,0.65,0
Dr. Ravi Kumar,Cardiology,17,02-05-2029,Govt Health Center,Kolkata,67,267,0.58,0
Dr. Ravi Kumar,Pediatrics,15,03-05-2029,Govt Health Center,New Delhi,86,120,1.01,1
Dr. Swati Desai,Orthopedics,9,04-05-2029,Metro Hospital,New Delhi,44,210,0.89,0
Dr. Swati Desai,Dermatology,9,05-05-2029,City Hospital,Mumbai,26,322,1.77,0
Dr. Rohit Verma,Dermatology,17,06-05-2029,Govt Health Center,Mumbai,39,176,1.61,1
Dr. Rohit Verma,Orthopedics,17,07-05-2029,Govt Health Center,Kolkata,27,219,1.83,1
Dr. Anil Mehra,Orthopedics,15,08-05-2029,Metro Hospital,Mumbai,39,66,1.38,1
Dr. Rohit Verma,Orthopedics,13,09-05-2029,Metro Hospital,Kolkata,99,353,1.15,0
Dr. Ravi Kumar,Cardiology,11,10-05-2029,Metro Hospital,New Delhi,25,288,0.91,0
Dr. Ravi Kumar,Pediatrics,10,11-05-2029,Govt Health Center,New Delhi,84,225,1.37,1
Dr. Swati Desai,Pediatrics,8,12-05-2029,Metro Hospital,New Delhi,63,259,1.43,1
Dr. Ravi Kumar,Pediatrics,10,13-05-2029,Metro Hospital,Kolkata,13,106,1.09,1
Dr. Anil Mehra,Orthopedics,16,14-05-2029,Metro Hospital,Mumbai,24,408,1.9,0
Dr. Ravi Kumar,Pediatrics,12,15-05-2029,City Hospital,Mumbai,85,238,1.46,1
Dr. Ravi Kumar,Orthopedics,13,16-05-2029,Metro Hospital,Mumbai,36,93,1.76,1
Dr. Anil Mehra,Cardiology,12,17-05-2029,Govt Health Center,Chennai,13,456,1.43,0
Dr. Rohit Verma,Dermatology,8,18-05-2029,Metro Hospital,New Delhi,44,171,0.97,0
Dr. Rohit Verma,Orthopedics,17,19-05-2029,Govt Health Center,New Delhi,94,358,1.6,0
Dr. Anil Mehra,Orthopedics,8,20-05-2029,City Hospital,Chennai,72,82,0.85,0
Dr. Swati Desai,Dermatology,11,21-05-2029,City Hospital,New Delhi,75,361,1.39,0
Dr. Ravi Kumar,Dermatology,10,22-05-2029,Metro Hospital,New Delhi,48,77,1.1,1
Dr. Anil Mehra,Cardiology,15,23-05-2029,Govt Health Center,Chennai,37,200,0.72,0
Dr. Ravi Kumar,Pediatrics,14,24-05-2029,Metro Hospital,New Delhi,43,112,1.12,1
Dr. Swati Desai,Orthopedics,14,25-05-2029,Metro Hospital,Mumbai,42,56,0.97,0
Dr. Ravi Kumar,Pediatrics,15,26-05-2029,Govt Health Center,Chennai,59,160,0.67,0
Dr. Anil Mehra,Orthopedics,17,27-05-2029,Govt Health Center,New Delhi,69,179,1.74,1
Dr. Ravi Kumar,Cardiology,14,28-05-2029,Govt Health Center,Mumbai,81,498,1.25,0
Dr. Rohit Verma,Dermatology,17,29-05-2029,Govt Health Center,Kolkata,81,181,1.02,1
Dr. Swati Desai,Cardiology,9,30-05-2029,Govt Health Center,New Delhi,51,57,1.26,1
Dr. Swati Desai,Dermatology,11,31-05-2029,City Hospital,Chennai,95,431,1.63,0
Dr. Swati Desai,Pediatrics,13,01-06-2029,City Hospital,Mumbai,37,354,0.53,0
Dr. Anil Mehra,Pediatrics,10,02-06-2029,City Hospital,Kolkata,84,78,1.32,1
Dr. Swati Desai,Cardiology,10,03-06-2029,Govt Health Center,Kolkata,36,387,1.22,0
Dr. Rohit Verma,Dermatology,13,04-06-2029,Govt Health Center,New Delhi,10,360,1.84,0
Dr. Anil Mehra,Cardiology,8,05-06-2029,Govt Health Center,Kolkata,17,470,1.33,0
Dr. Rohit Verma,Dermatology,8,06-06-2029,Metro Hospital,Chennai,55,400,0.71,0
Dr. Ravi Kumar,Dermatology,12,07-06-2029,City Hospital,Kolkata,33,55,1.08,1
Dr. Ravi Kumar,Pediatrics,8,08-06-2029,City Hospital,New Delhi,49,457,1.43,0
Dr. Ravi Kumar,Pediatrics,17,09-06-2029,Metro Hospital,Kolkata,60,161,0.57,0
Dr. Ravi Kumar,Dermatology,15,10-06-2029,Metro Hospital,New Delhi,33,154,1.83,1
Dr. Rohit Verma,Dermatology,9,11-06-2029,City Hospital,Kolkata,31,256,0.6,0
Dr. Anil Mehra,Dermatology,13,12-06-2029,Govt Health Center,Mumbai,83,89,0.55,0
Dr. Anil Mehra,Pediatrics,17,13-06-2029,City Hospital,New Delhi,77,317,0.5,0
Dr. Swati Desai,Pediatrics,17,14-06-2029,Govt Health Center,Chennai,17,369,1.53,0
Dr. Rohit Verma,Orthopedics,12,15-06-2029,City Hospital,Chennai,67,95,1.18,1
Dr. Ravi Kumar,Dermatology,17,16-06-2029,City Hospital,Kolkata,24,290,0.65,0
Dr. Rohit Verma,Orthopedics,11,17-06-2029,Metro Hospital,Mumbai,17,319,1.78,0
Dr. Swati Desai,Dermatology,8,18-06-2029,Metro Hospital,Kolkata,51,204,0.8,0
Dr. Swati Desai,Pediatrics,10,19-06-2029,Govt Health Center,Kolkata,48,165,0.99,0
Dr. Rohit Verma,Orthopedics,11,20-06-2029,Govt Health Center,Mumbai,44,86,0.77,0
Dr. Rohit Verma,Orthopedics,9,21-06-2029,City Hospital,New Delhi,50,254,1.89,1
Dr. Rohit Verma,Cardiology,9,22-06-2029,Metro Hospital,Chennai,57,298,1.64,1
Dr. Anil Mehra,Dermatology,9,23-06-2029,Govt Health Center,Mumbai,87,159,1.59,1
Dr. Ravi Kumar,Pediatrics,8,24-06-2029,Govt Health Center,Kolkata,80,367,0.57,0
Dr. Rohit Verma,Cardiology,17,25-06-2029,Govt Health Center,New Delhi,53,372,1.28,0
Dr. Rohit Verma,Cardiology,9,26-06-2029,City Hospital,Kolkata,44,129,1.36,1
Dr. Rohit Verma,Dermatology,13,27-06-2029,Govt Health Center,New Delhi,36,125,1.07,1
Dr. Swati Desai,Cardiology,10,28-06-2029,Govt Health Center,Chennai,74,319,0.98,0
Dr. Swati Desai,Dermatology,17,29-06-2029,Metro Hospital,Chennai,79,147,1.78,1
Dr. Anil Mehra,Cardiology,12,30-06-2029,Metro Hospital,New Delhi,75,472,0.53,0
Dr. Ravi Kumar,Dermatology,8,01-07-2029,Metro Hospital,Chennai,80,438,1.44,0
Dr. Anil Mehra,Pediatrics,15,02-07-2029,City Hospital,Kolkata,81,125,1.09,1
Dr. Ravi Kumar,Dermatology,11,03-07-2029,Metro Hospital,New Delhi,72,331,1.5,0
Dr. Swati Desai,Dermatology,16,04-07-2029,Metro Hospital,Kolkata,89,130,0.8,0
Dr. Swati Desai,Orthopedics,11,05-07-2029,Metro Hospital,New Delhi,38,413,0.86,0
Dr. Swati Desai,Pediatrics,9,06-07-2029,Metro Hospital,Kolkata,40,358,1.38,0
Dr. Anil Mehra,Pediatrics,10,07-07-2029,Govt Health Center,Chennai,73,112,1.97,1
Dr. Rohit Verma,Pediatrics,12,08-07-2029,City Hospital,Mumbai,95,316,1.96,0
Dr. Rohit Verma,Cardiology,17,09-07-2029,Govt Health Center,Kolkata,62,82,0.87,0
Dr. Swati Desai,Orthopedics,13,10-07-2029,Govt Health Center,New Delhi,83,346,0.65,0
Dr. Rohit Verma,Pediatrics,14,11-07-2029,City Hospital,Chennai,77,89,1.39,1
Dr. Rohit Verma,Cardiology,11,12-07-2029,Govt Health Center,New Delhi,34,223,1.13,1
Dr. Anil Mehra,Cardiology,14,13-07-2029,Metro Hospital,Kolkata,22,309,1.64,0
Dr. Ravi Kumar,Cardiology,17,14-07-2029,City Hospital,New Delhi,90,273,1.29,1
Dr. Swati Desai,Orthopedics,10,15-07-2029,Govt Health Center,New Delhi,49,272,1.27,1
Dr. Swati Desai,Cardiology,14,16-07-2029,Govt Health Center,Kolkata,81,316,1.47,0
Dr. Anil Mehra,Orthopedics,11,17-07-2029,Metro Hospital,Chennai,96,204,0.69,0
Dr. Anil Mehra,Dermatology,15,18-07-2029,Govt Health Center,Chennai,16,313,1.52,0
Dr. Rohit Verma,Cardiology,16,19-07-2029,Govt Health Center,Kolkata,41,198,1.23,1
Dr. Swati Desai,Pediatrics,14,20-07-2029,Govt Health Center,Chennai,33,274,1.73,1
Dr. Ravi Kumar,Cardiology,15,21-07-2029,City Hospital,Mumbai,10,432,0.71,0
Dr. Anil Mehra,Dermatology,15,22-07-2029,City Hospital,New Delhi,56,176,0.95,0
Dr. Ravi Kumar,Dermatology,9,23-07-2029,Govt Health Center,Kolkata,60,54,1.93,1
Dr. Ravi Kumar,Cardiology,16,24-07-2029,Govt Health Center,Mumbai,45,495,1.33,0
Dr. Swati Desai,Dermatology,13,25-07-2029,Metro Hospital,New Delhi,36,337,1.89,0
Dr. Swati Desai,Orthopedics,11,26-07-2029,City Hospital,Kolkata,79,394,1.53,0
Dr. Anil Mehra,Orthopedics,12,27-07-2029,City Hospital,Chennai,51,107,1.89,1
Dr. Swati Desai,Cardiology,17,28-07-2029,City Hospital,Kolkata,85,121,0.98,0
Dr. Swati Desai,Orthopedics,12,29-07-2029,Govt Health Center,Kolkata,99,204,0.64,0
Dr. Swati Desai,Orthopedics,14,30-07-2029,Metro Hospital,New Delhi,98,331,1.7,0
Dr. Ravi Kumar,Pediatrics,16,31-07-2029,Metro Hospital,New Delhi,77,217,1.71,1
Dr. Anil Mehra,Cardiology,14,01-08-2029,Govt Health Center,New Delhi,79,78,1.43,1
Dr. Rohit Verma,Dermatology,16,02-08-2029,Govt Health Center,Mumbai,22,131,1.37,1
Dr. Ravi Kumar,Cardiology,11,03-08-2029,Metro Hospital,Chennai,34,312,1.87,0
Dr. Swati Desai,Orthopedics,17,04-08-2029,Metro Hospital,Kolkata,31,155,0.76,0
Dr. Ravi Kumar,Pediatrics,17,05-08-2029,City Hospital,Kolkata,30,326,1.42,0
Dr. Swati Desai,Cardiology,11,06-08-2029,Govt Health Center,Chennai,24,401,0.57,0
Dr. Swati Desai,Cardiology,13,07-08-2029,City Hospital,Kolkata,76,59,0.71,0
Dr. Ravi Kumar,Orthopedics,15,08-08-2029,Metro Hospital,New Delhi,46,111,1.16,1
Dr. Anil Mehra,Orthopedics,16,09-08-2029,City Hospital,Kolkata,54,273,1.73,1
Dr. Swati Desai,Cardiology,8,10-08-2029,Metro Hospital,Chennai,35,185,1.6,1
Dr. Anil Mehra,Orthopedics,8,11-08-2029,Metro Hospital,Mumbai,90,273,1.96,1
Dr. Rohit Verma,Orthopedics,15,12-08-2029,City Hospital,Mumbai,64,163,0.57,0
Dr. Swati Desai,Orthopedics,14,13-08-2029,Govt Health Center,Chennai,59,309,1.07,0
Dr. Anil Mehra,Orthopedics,16,14-08-2029,City Hospital,Kolkata,44,206,0.74,0
Dr. Anil Mehra,Orthopedics,10,15-08-2029,City Hospital,Kolkata,50,445,0.56,0
Dr. Rohit Verma,Pediatrics,17,16-08-2029,Govt Health Center,Mumbai,81,278,0.9,0
Dr. Anil Mehra,Orthopedics,12,17-08-2029,Govt Health Center,Kolkata,20,149,0.87,0
Dr. Anil Mehra,Dermatology,10,18-08-2029,City Hospital,Mumbai,97,304,1.13,0
Dr. Rohit Verma,Cardiology,12,19-08-2029,Metro Hospital,Chennai,17,228,0.71,0
Dr. Swati Desai,Pediatrics,17,20-08-2029,City Hospital,Chennai,63,324,1.23,0
Dr. Anil Mehra,Pediatrics,8,21-08-2029,Metro Hospital,Kolkata,10,278,1.88,1
Dr. Anil Mehra,Orthopedics,11,22-08-2029,Govt Health Center,New Delhi,29,416,1.62,0
Dr. Anil Mehra,Cardiology,13,23-08-2029,Govt Health Center,New Delhi,43,80,1.76,1
Dr. Ravi Kumar,Dermatology,9,24-08-2029,Metro Hospital,Mumbai,66,157,1.71,1
Dr. Rohit Verma,Orthopedics,14,25-08-2029,City Hospital,Chennai,22,331,1.08,0
Dr. Ravi Kumar,Cardiology,15,26-08-2029,Govt Health Center,Mumbai,63,158,1.56,1
Dr. Rohit Verma,Orthopedics,8,27-08-2029,Metro Hospital,Chennai,62,439,1.63,0
Dr. Swati Desai,Orthopedics,11,28-08-2029,Metro Hospital,Mumbai,61,78,0.81,0
Dr. Swati Desai,Orthopedics,11,29-08-2029,City Hospital,Mumbai,15,66,1.79,1
Dr. Anil Mehra,Orthopedics,12,30-08-2029,Metro Hospital,Mumbai,45,453,1.19,0
Dr. Rohit Verma,Orthopedics,11,31-08-2029,Metro Hospital,Kolkata,34,219,0.52,0
Dr. Swati Desai,Orthopedics,16,01-09-2029,City Hospital,New Delhi,67,415,1.47,0
Dr. Rohit Verma,Orthopedics,14,02-09-2029,Govt Health Center,Chennai,64,224,1.52,1
Dr. Swati Desai,Dermatology,9,03-09-2029,Govt Health Center,Mumbai,12,123,1.33,1
Dr. Ravi Kumar,Pediatrics,8,04-09-2029,Govt Health Center,New Delhi,37,289,0.82,0
Dr. Swati Desai,Dermatology,16,05-09-2029,Metro Hospital,Mumbai,77,145,1.22,1
Dr. Ravi Kumar,Orthopedics,8,06-09-2029,Metro Hospital,Mumbai,90,51,1.1,1
Dr. Swati Desai,Orthopedics,13,07-09-2029,City Hospital,Chennai,47,251,1.96,1
Dr. Anil Mehra,Dermatology,9,08-09-2029,Metro Hospital,Kolkata,43,86,1.74,1
Dr. Ravi Kumar,Dermatology,11,09-09-2029,Metro Hospital,Mumbai,93,140,1.64,1
Dr. Swati Desai,Pediatrics,13,10-09-2029,Govt Health Center,Chennai,22,282,0.77,0
Dr. Anil Mehra,Dermatology,12,11-09-2029,Metro Hospital,Kolkata,14,196,1,0
Dr. Ravi Kumar,Pediatrics,13,12-09-2029,Metro Hospital,Kolkata,69,346,1.07,0
Dr. Anil Mehra,Orthopedics,10,13-09-2029,Metro Hospital,New Delhi,97,449,1.24,0
Dr. Rohit Verma,Cardiology,12,14-09-2029,City Hospital,New Delhi,26,302,0.55,0
Dr. Rohit Verma,Cardiology,9,15-09-2029,Metro Hospital,Mumbai,66,420,1.39,0
Dr. Ravi Kumar,Cardiology,14,16-09-2029,City Hospital,New Delhi,40,261,1.04,1
Dr. Swati Desai,Cardiology,10,17-09-2029,Govt Health Center,Chennai,74,493,1.34,0
Dr. Ravi Kumar,Orthopedics,8,18-09-2029,Metro Hospital,Chennai,75,490,0.51,0
Dr. Anil Mehra,Cardiology,15,19-09-2029,City Hospital,New Delhi,42,113,0.98,0
Dr. Swati Desai,Dermatology,15,20-09-2029,Govt Health Center,Chennai,13,54,1.65,1
Dr. Rohit Verma,Dermatology,10,21-09-2029,Metro Hospital,Chennai,91,195,1.25,1
Dr. Swati Desai,Cardiology,14,22-09-2029,City Hospital,Mumbai,64,121,1.68,1
Dr. Rohit Verma,Dermatology,16,23-09-2029,City Hospital,Mumbai,33,446,1.55,0
Dr. Swati Desai,Pediatrics,15,24-09-2029,Govt Health Center,Chennai,41,154,1.78,1
Dr. Swati Desai,Orthopedics,10,25-09-2029,Metro Hospital,New Delhi,82,379,0.51,0
Dr. Swati Desai,Cardiology,9,26-09-2029,Metro Hospital,Chennai,56,85,0.89,0
Dr. Anil Mehra,Cardiology,17,27-09-2029,Metro Hospital,Kolkata,25,196,1.32,1
Dr. Anil Mehra,Orthopedics,14,28-09-2029,City Hospital,Kolkata,30,464,1.91,0
Dr. Ravi Kumar,Dermatology,14,29-09-2029,Metro Hospital,Kolkata,76,305,1.52,0
Dr. Ravi Kumar,Orthopedics,16,30-09-2029,City Hospital,Mumbai,40,277,1.18,1
Dr. Rohit Verma,Orthopedics,12,01-10-2029,City Hospital,New Delhi,23,398,0.7,0
Dr. Anil Mehra,Dermatology,11,02-10-2029,Govt Health Center,Chennai,15,414,1.24,0
Dr. Rohit Verma,Orthopedics,15,03-10-2029,City Hospital,New Delhi,78,328,1.16,0
Dr. Ravi Kumar,Dermatology,11,04-10-2029,Govt Health Center,New Delhi,38,465,1.67,0
Dr. Rohit Verma,Dermatology,11,05-10-2029,Govt Health Center,New Delhi,64,162,1.12,1
Dr. Ravi Kumar,Orthopedics,9,06-10-2029,Metro Hospital,Kolkata,46,60,0.98,0
Dr. Anil Mehra,Pediatrics,8,07-10-2029,Govt Health Center,Chennai,68,243,0.63,0
Dr. Swati Desai,Dermatology,11,08-10-2029,Metro Hospital,Mumbai,45,273,0.57,0
Dr. Anil Mehra,Orthopedics,14,09-10-2029,Govt Health Center,New Delhi,94,299,1.16,1
Dr. Rohit Verma,Dermatology,16,10-10-2029,City Hospital,New Delhi,85,438,1.02,0
Dr. Rohit Verma,Pediatrics,16,11-10-2029,Metro Hospital,Kolkata,68,298,1.33,1
Dr. Anil Mehra,Pediatrics,17,12-10-2029,City Hospital,Kolkata,96,400,1.57,0
Dr. Anil Mehra,Cardiology,8,13-10-2029,Metro Hospital,Chennai,87,318,0.56,0
Dr. Ravi Kumar,Dermatology,12,14-10-2029,City Hospital,Mumbai,73,391,1.24,0
Dr. Rohit Verma,Dermatology,14,15-10-2029,Govt Health Center,Mumbai,52,497,1.79,0
Dr. Rohit Verma,Orthopedics,14,16-10-2029,Metro Hospital,Kolkata,51,340,1.18,0
Dr. Anil Mehra,Dermatology,17,17-10-2029,Metro Hospital,Chennai,83,132,1.28,1
Dr. Swati Desai,Cardiology,13,18-10-2029,Metro Hospital,New Delhi,69,78,1.23,1
Dr. Rohit Verma,Pediatrics,17,19-10-2029,Govt Health Center,Chennai,71,456,1.08,0
Dr. Swati Desai,Pediatrics,11,20-10-2029,City Hospital,Mumbai,73,388,0.67,0
Dr. Anil Mehra,Cardiology,10,21-10-2029,Govt Health Center,Kolkata,67,129,0.69,0
Dr. Anil Mehra,Dermatology,16,22-10-2029,Govt Health Center,New Delhi,11,144,0.77,0
Dr. Ravi Kumar,Dermatology,17,23-10-2029,Govt Health Center,New Delhi,87,449,1.69,0
Dr. Rohit Verma,Cardiology,11,24-10-2029,City Hospital,Mumbai,80,459,0.91,0
Dr. Swati Desai,Orthopedics,15,25-10-2029,Govt Health Center,New Delhi,90,308,1.92,0
Dr. Ravi Kumar,Pediatrics,8,26-10-2029,Metro Hospital,Chennai,93,171,1.72,1
Dr. Rohit Verma,Cardiology,14,27-10-2029,Govt Health Center,Mumbai,17,173,1.53,1
Dr. Ravi Kumar,Cardiology,13,28-10-2029,City Hospital,Mumbai,65,72,1.58,1
Dr. Anil Mehra,Dermatology,8,29-10-2029,Metro Hospital,New Delhi,93,490,0.57,0
Dr. Rohit Verma,Pediatrics,11,30-10-2029,City Hospital,Mumbai,45,442,1.35,0
Dr. Ravi Kumar,Dermatology,12,31-10-2029,Govt Health Center,Kolkata,78,484,1.91,0
Dr. Ravi Kumar,Cardiology,15,01-11-2029,City Hospital,Chennai,22,265,0.56,0
Dr. Swati Desai,Orthopedics,11,02-11-2029,Metro Hospital,Mumbai,48,338,0.94,0
Dr. Ravi Kumar,Pediatrics,10,03-11-2029,City Hospital,Kolkata,90,141,0.58,0
Dr. Rohit Verma,Cardiology,9,04-11-2029,Metro Hospital,New Delhi,15,73,1.35,1
Dr. Rohit Verma,Cardiology,11,05-11-2029,Metro Hospital,Mumbai,28,156,0.67,0
Dr. Swati Desai,Orthopedics,17,06-11-2029,Govt Health Center,Kolkata,34,355,1.22,0
Dr. Rohit Verma,Cardiology,11,07-11-2029,Govt Health Center,New Delhi,12,101,1.58,1
Dr. Anil Mehra,Cardiology,17,08-11-2029,Metro Hospital,Kolkata,62,248,0.75,0
Dr. Rohit Verma,Pediatrics,12,09-11-2029,City Hospital,New Delhi,37,343,1.63,0
Dr. Rohit Verma,Pediatrics,14,10-11-2029,Metro Hospital,Chennai,35,349,0.59,0
Dr. Ravi Kumar,Pediatrics,16,11-11-2029,Govt Health Center,Mumbai,56,394,0.72,0
Dr. Ravi Kumar,Dermatology,9,12-11-2029,City Hospital,Chennai,17,431,0.92,0
Dr. Rohit Verma,Orthopedics,12,13-11-2029,Metro Hospital,Chennai,66,105,1.69,1
Dr. Swati Desai,Pediatrics,17,14-11-2029,Govt Health Center,Mumbai,64,243,1.78,1
Dr. Ravi Kumar,Dermatology,16,15-11-2029,Metro Hospital,Chennai,88,94,0.83,0
Dr. Swati Desai,Dermatology,10,16-11-2029,Metro Hospital,Chennai,10,485,0.64,0
Dr. Rohit Verma,Orthopedics,8,17-11-2029,Metro Hospital,Kolkata,49,434,1.77,0
Dr. Rohit Verma,Orthopedics,9,18-11-2029,City Hospital,New Delhi,32,392,1.47,0
Dr. Anil Mehra,Cardiology,13,19-11-2029,Govt Health Center,Chennai,63,288,0.74,0
Dr. Ravi Kumar,Dermatology,12,20-11-2029,Govt Health Center,Mumbai,51,421,1.34,0
Dr. Rohit Verma,Pediatrics,8,21-11-2029,Metro Hospital,Kolkata,89,281,1.81,1
Dr. Anil Mehra,Orthopedics,8,22-11-2029,Metro Hospital,New Delhi,59,369,0.6,0
Dr. Ravi Kumar,Dermatology,11,23-11-2029,Metro Hospital,Chennai,13,288,0.63,0
Dr. Rohit Verma,Pediatrics,11,24-11-2029,City Hospital,Chennai,17,441,0.91,0
Dr. Rohit Verma,Dermatology,13,25-11-2029,Govt Health Center,Mumbai,45,476,1.48,0
Dr. Ravi Kumar,Orthopedics,13,26-11-2029,Metro Hospital,Chennai,19,185,0.77,0
Dr. Ravi Kumar,Cardiology,17,27-11-2029,Govt Health Center,Mumbai,39,334,1.72,0
Dr. Ravi Kumar,Dermatology,13,28-11-2029,Metro Hospital,Chennai,25,62,1.63,1
Dr. Rohit Verma,Pediatrics,8,29-11-2029,Govt Health Center,Chennai,39,434,1.34,0
Dr. Rohit Verma,Orthopedics,17,30-11-2029,Metro Hospital,Mumbai,73,78,0.67,0
Dr. Anil Mehra,Cardiology,16,01-12-2029,City Hospital,New Delhi,83,227,1.98,1
Dr. Swati Desai,Pediatrics,14,02-12-2029,Metro Hospital,Kolkata,20,342,1.24,0
Dr. Ravi Kumar,Pediatrics,14,03-12-2029,Metro Hospital,Mumbai,43,306,1.18,0
Dr. Rohit Verma,Pediatrics,14,04-12-2029,Metro Hospital,New Delhi,89,157,1.99,1
Dr. Rohit Verma,Dermatology,9,05-12-2029,Metro Hospital,New Delhi,64,118,1.8,1
Dr. Ravi Kumar,Orthopedics,9,06-12-2029,Metro Hospital,Mumbai,92,422,1.18,0
Dr. Swati Desai,Pediatrics,13,07-12-2029,Govt Health Center,Kolkata,13,225,1.13,1
Dr. Ravi Kumar,Dermatology,14,08-12-2029,Govt Health Center,Mumbai,58,232,0.64,0
Dr. Swati Desai,Orthopedics,10,09-12-2029,City Hospital,Chennai,53,291,1.89,1
Dr. Rohit Verma,Orthopedics,11,10-12-2029,Metro Hospital,Chennai,40,243,1.77,1
Dr. Swati Desai,Dermatology,10,11-12-2029,Govt Health Center,New Delhi,57,416,0.97,0
Dr. Anil Mehra,Dermatology,14,12-12-2029,Govt Health Center,Chennai,35,368,1.63,0
Dr. Rohit Verma,Pediatrics,14,13-12-2029,Metro Hospital,Kolkata,79,71,1.64,1
Dr. Anil Mehra,Orthopedics,11,14-12-2029,Metro Hospital,Mumbai,21,399,0.84,0
Dr. Ravi Kumar,Cardiology,14,15-12-2029,City Hospital,Kolkata,54,60,1.42,1
Dr. Ravi Kumar,Dermatology,12,16-12-2029,City Hospital,New Delhi,17,334,0.88,0
Dr. Ravi Kumar,Orthopedics,8,17-12-2029,Govt Health Center,Chennai,18,411,1.68,0
Dr. Swati Desai,Orthopedics,17,18-12-2029,City Hospital,Chennai,10,308,0.73,0
Dr. Rohit Verma,Pediatrics,11,19-12-2029,Govt Health Center,Mumbai,14,222,1.5,1
Dr. Ravi Kumar,Cardiology,14,20-12-2029,City Hospital,Kolkata,80,254,0.99,0
Dr. Ravi Kumar,Pediatrics,9,21-12-2029,Metro Hospital,Kolkata,91,297,0.55,0
Dr. Rohit Verma,Cardiology,9,22-12-2029,City Hospital,Mumbai,63,308,0.69,0
Dr. Ravi Kumar,Cardiology,8,23-12-2029,Govt Health Center,Chennai,33,379,1.48,0
Dr. Anil Mehra,Dermatology,9,24-12-2029,City Hospital,New Delhi,35,319,0.86,0
Dr. Rohit Verma,Orthopedics,17,25-12-2029,Govt Health Center,New Delhi,19,130,1.45,1
Dr. Rohit Verma,Orthopedics,15,26-12-2029,Govt Health Center,Mumbai,70,370,1.12,0
Dr. Rohit Verma,Orthopedics,15,27-12-2029,City Hospital,Mumbai,49,490,1.54,0
Dr. Anil Mehra,Cardiology,15,28-12-2029,City Hospital,Mumbai,53,448,1.24,0
Dr. Rohit Verma,Orthopedics,8,29-12-2029,Govt Health Center,Kolkata,21,237,0.96,0
Dr. Anil Mehra,Dermatology,8,30-12-2029,Metro Hospital,Chennai,31,487,0.72,0
Dr. Rohit Verma,Cardiology,17,31-12-2029,City Hospital,Chennai,36,422,1.01,0
Dr. Swati Desai,Cardiology,11,01-01-2030,Govt Health Center,Mumbai,76,435,1.45,0
Dr. Ravi Kumar,Cardiology,13,02-01-2030,Metro Hospital,New Delhi,91,387,1.61,0
Dr. Swati Desai,Cardiology,15,03-01-2030,Govt Health Center,Kolkata,78,497,0.74,0
Dr. Ravi Kumar,Dermatology,9,04-01-2030,City Hospital,Mumbai,23,280,1.5,1
Dr. Anil Mehra,Orthopedics,10,05-01-2030,Govt Health Center,Kolkata,34,77,0.77,0
Dr. Swati Desai,Dermatology,13,06-01-2030,Govt Health Center,Mumbai,61,399,0.83,0
Dr. Rohit Verma,Orthopedics,17,07-01-2030,Govt Health Center,Kolkata,94,372,1.3,0
Dr. Ravi Kumar,Dermatology,11,08-01-2030,City Hospital,New Delhi,68,52,0.93,0
Dr. Ravi Kumar,Pediatrics,9,09-01-2030,Metro Hospital,New Delhi,47,286,1.49,1
Dr. Swati Desai,Pediatrics,14,10-01-2030,Metro Hospital,New Delhi,29,230,1.93,1
Dr. Anil Mehra,Pediatrics,11,11-01-2030,Metro Hospital,New Delhi,87,459,0.72,0
Dr. Swati Desai,Pediatrics,15,12-01-2030,Metro Hospital,Chennai,29,53,1.36,1
Dr. Anil Mehra,Cardiology,15,13-01-2030,City Hospital,Chennai,65,449,1.88,0
Dr. Anil Mehra,Cardiology,14,14-01-2030,Govt Health Center,Kolkata,39,397,0.76,0
Dr. Ravi Kumar,Dermatology,17,15-01-2030,Metro Hospital,Mumbai,50,121,1.05,1
Dr. Swati Desai,Dermatology,16,16-01-2030,Metro Hospital,Chennai,93,231,0.69,0
Dr. Swati Desai,Pediatrics,11,17-01-2030,City Hospital,Mumbai,80,153,1.46,1
Dr. Anil Mehra,Orthopedics,14,18-01-2030,Govt Health Center,Kolkata,72,321,1.5,0
Dr. Swati Desai,Pediatrics,17,19-01-2030,Govt Health Center,Mumbai,78,336,1.5,0
Dr. Rohit Verma,Dermatology,17,20-01-2030,Metro Hospital,New Delhi,38,136,1.31,1
Dr. Rohit Verma,Pediatrics,8,21-01-2030,Metro Hospital,New Delhi,88,435,1.62,0
Dr. Swati Desai,Dermatology,11,22-01-2030,Govt Health Center,Chennai,98,122,0.55,0
Dr. Swati Desai,Pediatrics,9,23-01-2030,City Hospital,Kolkata,86,140,1.94,1
Dr. Anil Mehra,Orthopedics,16,24-01-2030,Govt Health Center,Chennai,53,222,0.83,0
Dr. Rohit Verma,Pediatrics,12,25-01-2030,Govt Health Center,Chennai,97,359,0.68,0
Dr. Rohit Verma,Orthopedics,10,26-01-2030,Metro Hospital,Chennai,88,236,1.91,1
Dr. Ravi Kumar,Orthopedics,11,27-01-2030,City Hospital,Kolkata,97,492,1.75,0
Dr. Anil Mehra,Dermatology,13,28-01-2030,City Hospital,New Delhi,99,455,1.65,0
Dr. Ravi Kumar,Orthopedics,17,29-01-2030,City Hospital,New Delhi,92,285,0.66,0
Dr. Rohit Verma,Cardiology,8,30-01-2030,Metro Hospital,Chennai,66,211,1.71,1
Dr. Anil Mehra,Cardiology,14,31-01-2030,City Hospital,Mumbai,33,122,1.41,1
Dr. Swati Desai,Cardiology,15,01-02-2030,City Hospital,New Delhi,28,274,1.6,1
Dr. Anil Mehra,Dermatology,14,02-02-2030,Metro Hospital,New Delhi,26,433,1.97,0
Dr. Swati Desai,Cardiology,14,03-02-2030,Govt Health Center,Kolkata,78,279,0.79,0
Dr. Swati Desai,Dermatology,16,04-02-2030,City Hospital,New Delhi,70,303,1.26,0
Dr. Anil Mehra,Dermatology,11,05-02-2030,Govt Health Center,New Delhi,13,489,1.63,0
Dr. Swati Desai,Cardiology,14,06-02-2030,City Hospital,Chennai,31,211,1.15,1
Dr. Ravi Kumar,Orthopedics,16,07-02-2030,Govt Health Center,Chennai,83,404,0.58,0
Dr. Rohit Verma,Pediatrics,12,08-02-2030,Govt Health Center,Kolkata,94,299,0.67,0
Dr. Swati Desai,Dermatology,9,09-02-2030,Metro Hospital,Kolkata,98,459,1.4,0
Dr. Ravi Kumar,Cardiology,12,10-02-2030,Metro Hospital,Mumbai,15,248,0.93,0
Dr. Swati Desai,Dermatology,11,11-02-2030,City Hospital,New Delhi,39,478,0.71,0
Dr. Rohit Verma,Orthopedics,15,12-02-2030,City Hospital,Chennai,84,289,1.01,1
Dr. Ravi Kumar,Orthopedics,12,13-02-2030,Metro Hospital,Chennai,20,286,0.8,0
Dr. Rohit Verma,Cardiology,16,14-02-2030,City Hospital,New Delhi,57,125,0.54,0
Dr. Rohit Verma,Dermatology,16,15-02-2030,City Hospital,Kolkata,55,454,0.73,0
Dr. Ravi Kumar,Pediatrics,10,16-02-2030,Metro Hospital,Chennai,36,476,1.82,0
Dr. Ravi Kumar,Pediatrics,17,17-02-2030,Govt Health Center,Kolkata,28,391,0.52,0
Dr. Ravi Kumar,Dermatology,13,18-02-2030,City Hospital,Chennai,95,344,1.66,0
Dr. Anil Mehra,Dermatology,13,19-02-2030,Metro Hospital,Chennai,68,446,1.63,0
Dr. Ravi Kumar,Dermatology,11,20-02-2030,City Hospital,Mumbai,77,475,1.35,0
Dr. Ravi Kumar,Cardiology,17,21-02-2030,City Hospital,Chennai,63,94,0.81,0
Dr. Ravi Kumar,Orthopedics,10,22-02-2030,Metro Hospital,New Delhi,92,392,1.82,0
Dr. Ravi Kumar,Pediatrics,8,23-02-2030,Metro Hospital,New Delhi,26,228,1.21,1
Dr. Swati Desai,Cardiology,14,24-02-2030,City Hospital,New Delhi,59,271,0.76,0
Dr. Anil Mehra,Dermatology,12,25-02-2030,City Hospital,Kolkata,49,424,1.14,0
Dr. Rohit Verma,Dermatology,17,26-02-2030,Govt Health Center,Chennai,96,66,0.79,0
Dr. Ravi Kumar,Orthopedics,14,27-02-2030,Govt Health Center,Kolkata,20,268,1.06,1
Dr. Swati Desai,Dermatology,8,28-02-2030,Metro Hospital,Mumbai,23,133,1.25,1
Dr. Swati Desai,Cardiology,15,01-03-2030,City Hospital,Chennai,22,240,1.04,1
Dr. Swati Desai,Cardiology,10,02-03-2030,Metro Hospital,New Delhi,97,440,1.49,0
Dr. Rohit Verma,Orthopedics,14,03-03-2030,Metro Hospital,Mumbai,89,488,1.9,0
Dr. Ravi Kumar,Cardiology,10,04-03-2030,City Hospital,Mumbai,37,181,1.02,1
Dr. Anil Mehra,Pediatrics,10,05-03-2030,Govt Health Center,Chennai,53,336,1.03,0
Dr. Anil Mehra,Cardiology,17,06-03-2030,Metro Hospital,New Delhi,72,143,1.61,1
Dr. Swati Desai,Cardiology,16,07-03-2030,Metro Hospital,Kolkata,70,144,1.3,1
Dr. Rohit Verma,Cardiology,9,08-03-2030,City Hospital,Chennai,26,233,1.14,1
Dr. Rohit Verma,Pediatrics,11,09-03-2030,Govt Health Center,New Delhi,59,181,1.72,1
Dr. Rohit Verma,Dermatology,13,10-03-2030,Govt Health Center,Mumbai,35,131,1.84,1
Dr. Anil Mehra,Cardiology,10,11-03-2030,City Hospital,Chennai,16,389,1.39,0
Dr. Swati Desai,Orthopedics,17,12-03-2030,Metro Hospital,Mumbai,88,345,0.78,0
Dr. Ravi Kumar,Pediatrics,17,13-03-2030,City Hospital,New Delhi,25,409,1.2,0
Dr. Anil Mehra,Orthopedics,14,14-03-2030,City Hospital,Kolkata,94,161,1.26,1
Dr. Swati Desai,Cardiology,14,15-03-2030,Govt Health Center,Kolkata,26,352,1.15,0
Dr. Swati Desai,Orthopedics,12,16-03-2030,Metro Hospital,Mumbai,99,355,0.89,0
Dr. Ravi Kumar,Cardiology,10,17-03-2030,Metro Hospital,Mumbai,44,456,1.21,0
Dr. Ravi Kumar,Pediatrics,9,18-03-2030,Govt Health Center,Mumbai,93,100,1.17,1
Dr. Ravi Kumar,Orthopedics,11,19-03-2030,Metro Hospital,Chennai,93,343,0.81,0
Dr. Rohit Verma,Orthopedics,11,20-03-2030,Metro Hospital,New Delhi,32,442,1.86,0
Dr. Ravi Kumar,Cardiology,15,21-03-2030,City Hospital,Mumbai,78,238,1.83,1
Dr. Swati Desai,Cardiology,15,22-03-2030,City Hospital,Mumbai,18,257,1.64,1
Dr. Ravi Kumar,Dermatology,12,23-03-2030,City Hospital,Mumbai,96,198,1.1,1
Dr. Swati Desai,Cardiology,13,24-03-2030,Metro Hospital,Kolkata,27,314,1.06,0
Dr. Anil Mehra,Cardiology,15,25-03-2030,Metro Hospital,Mumbai,84,421,1.57,0
Dr. Rohit Verma,Dermatology,8,26-03-2030,Metro Hospital,New Delhi,57,330,1.41,0
Dr. Anil Mehra,Cardiology,12,27-03-2030,Metro Hospital,Kolkata,81,162,1.4,1
Dr. Anil Mehra,Cardiology,11,28-03-2030,Govt Health Center,New Delhi,75,85,0.69,0
Dr. Swati Desai,Dermatology,11,29-03-2030,Govt Health Center,Kolkata,32,160,1.43,1
Dr. Anil Mehra,Pediatrics,9,30-03-2030,Metro Hospital,Kolkata,94,220,1.85,1
Dr. Swati Desai,Pediatrics,17,31-03-2030,City Hospital,Chennai,19,127,0.63,0
Dr. Ravi Kumar,Cardiology,8,01-04-2030,City Hospital,Kolkata,47,386,1.01,0
Dr. Ravi Kumar,Cardiology,13,02-04-2030,Govt Health Center,Kolkata,68,77,1.26,1
Dr. Swati Desai,Dermatology,14,03-04-2030,Govt Health Center,New Delhi,77,497,1.53,0
Dr. Ravi Kumar,Dermatology,12,04-04-2030,Metro Hospital,New Delhi,94,94,0.63,0
Dr. Rohit Verma,Pediatrics,15,05-04-2030,Metro Hospital,Mumbai,52,410,1.81,0
Dr. Anil Mehra,Orthopedics,16,06-04-2030,Metro Hospital,Chennai,21,489,0.56,0
Dr. Rohit Verma,Cardiology,9,07-04-2030,Metro Hospital,Kolkata,62,353,1.79,0
Dr. Anil Mehra,Orthopedics,11,08-04-2030,Metro Hospital,Chennai,23,441,0.54,0
Dr. Ravi Kumar,Orthopedics,16,09-04-2030,City Hospital,Mumbai,61,191,0.73,0
Dr. Rohit Verma,Dermatology,12,10-04-2030,City Hospital,Chennai,93,64,1.7,1
Dr. Ravi Kumar,Cardiology,10,11-04-2030,Metro Hospital,Kolkata,81,177,1.79,1
Dr. Anil Mehra,Cardiology,13,12-04-2030,City Hospital,New Delhi,70,216,1.97,1
Dr. Swati Desai,Dermatology,10,13-04-2030,Metro Hospital,Chennai,50,202,0.67,0
Dr. Swati Desai,Orthopedics,12,14-04-2030,Metro Hospital,Kolkata,30,112,1.29,1
Dr. Rohit Verma,Dermatology,10,15-04-2030,Govt Health Center,Mumbai,57,108,0.62,0
Dr. Ravi Kumar,Pediatrics,13,16-04-2030,City Hospital,Kolkata,65,252,0.73,0
Dr. Ravi Kumar,Cardiology,17,17-04-2030,City Hospital,Chennai,44,206,0.76,0
Dr. Rohit Verma,Pediatrics,12,18-04-2030,Govt Health Center,Kolkata,53,52,0.6,0
Dr. Swati Desai,Dermatology,16,19-04-2030,City Hospital,Kolkata,48,88,1.84,1
Dr. Anil Mehra,Cardiology,10,20-04-2030,Govt Health Center,Chennai,24,327,0.69,0
Dr. Rohit Verma,Pediatrics,13,21-04-2030,City Hospital,Chennai,21,150,1.44,1
Dr. Anil Mehra,Pediatrics,15,22-04-2030,Metro Hospital,Mumbai,17,432,1.44,0
Dr. Swati Desai,Orthopedics,14,23-04-2030,Govt Health Center,Kolkata,76,218,0.8,0
Dr. Ravi Kumar,Cardiology,13,24-04-2030,Metro Hospital,New Delhi,10,69,2,1
Dr. Swati Desai,Pediatrics,9,25-04-2030,Metro Hospital,Chennai,89,452,1.02,0
Dr. Rohit Verma,Pediatrics,14,26-04-2030,City Hospital,Kolkata,51,190,1.86,1
Dr. Ravi Kumar,Orthopedics,15,27-04-2030,Govt Health Center,New Delhi,40,396,1.92,0
Dr. Rohit Verma,Pediatrics,8,28-04-2030,Metro Hospital,New Delhi,83,324,1.92,0
Dr. Rohit Verma,Pediatrics,16,29-04-2030,Metro Hospital,Kolkata,39,371,1.63,0
Dr. Swati Desai,Pediatrics,11,30-04-2030,Govt Health Center,Kolkata,52,242,0.88,0
Dr. Rohit Verma,Orthopedics,15,01-05-2030,City Hospital,Kolkata,35,436,0.68,0
Dr. Swati Desai,Pediatrics,17,02-05-2030,Metro Hospital,New Delhi,21,201,1.35,1
Dr. Ravi Kumar,Pediatrics,14,03-05-2030,City Hospital,Kolkata,68,285,1.04,1
Dr. Swati Desai,Cardiology,17,04-05-2030,Govt Health Center,Chennai,78,343,1.75,0
Dr. Ravi Kumar,Cardiology,14,05-05-2030,City Hospital,New Delhi,82,435,1.62,0
Dr. Swati Desai,Orthopedics,9,06-05-2030,Govt Health Center,Chennai,20,489,0.91,0
Dr. Anil Mehra,Dermatology,8,07-05-2030,City Hospital,Chennai,56,257,0.53,0
Dr. Anil Mehra,Cardiology,11,08-05-2030,City Hospital,Kolkata,32,86,0.86,0
Dr. Rohit Verma,Orthopedics,9,09-05-2030,Metro Hospital,Chennai,90,437,1.35,0
Dr. Swati Desai,Pediatrics,15,10-05-2030,City Hospital,Kolkata,52,127,0.62,0
Dr. Swati Desai,Pediatrics,17,11-05-2030,Metro Hospital,New Delhi,86,221,1.49,1
Dr. Ravi Kumar,Orthopedics,14,12-05-2030,Govt Health Center,Chennai,90,94,1.51,1
Dr. Rohit Verma,Pediatrics,15,13-05-2030,Govt Health Center,Kolkata,96,386,0.75,0
Dr. Swati Desai,Pediatrics,13,14-05-2030,Metro Hospital,Mumbai,48,133,1.39,1
Dr. Rohit Verma,Dermatology,8,15-05-2030,City Hospital,Kolkata,82,429,1.41,0
Dr. Anil Mehra,Pediatrics,16,16-05-2030,Govt Health Center,Mumbai,91,480,1.22,0
Dr. Swati Desai,Cardiology,13,17-05-2030,Govt Health Center,Kolkata,64,142,1.93,1
Dr. Swati Desai,Pediatrics,17,18-05-2030,Govt Health Center,Mumbai,27,203,0.66,0
Dr. Rohit Verma,Orthopedics,8,19-05-2030,Metro Hospital,Chennai,51,155,1.11,1
Dr. Swati Desai,Dermatology,8,20-05-2030,Govt Health Center,Mumbai,35,407,1.82,0
Dr. Rohit Verma,Pediatrics,15,21-05-2030,Govt Health Center,Chennai,27,258,1.08,1
Dr. Swati Desai,Orthopedics,13,22-05-2030,Govt Health Center,Chennai,94,253,1.14,1
Dr. Ravi Kumar,Cardiology,15,23-05-2030,Govt Health Center,Kolkata,50,297,1.5,1
Dr. Rohit Verma,Pediatrics,15,24-05-2030,Metro Hospital,Chennai,51,397,1.5,0
Dr. Swati Desai,Dermatology,15,25-05-2030,Metro Hospital,New Delhi,42,442,0.53,0
Dr. Anil Mehra,Pediatrics,17,26-05-2030,City Hospital,Mumbai,52,401,1.18,0
Dr. Swati Desai,Orthopedics,14,27-05-2030,Govt Health Center,Kolkata,23,275,1,0
Dr. Anil Mehra,Dermatology,14,28-05-2030,Metro Hospital,Chennai,64,385,1.44,0
Dr. Anil Mehra,Pediatrics,17,29-05-2030,City Hospital,Mumbai,67,97,1.33,1
Dr. Ravi Kumar,Cardiology,11,30-05-2030,City Hospital,Mumbai,19,295,1.48,1
Dr. Rohit Verma,Dermatology,16,31-05-2030,Govt Health Center,New Delhi,37,80,1.48,1
Dr. Swati Desai,Cardiology,9,01-06-2030,City Hospital,Mumbai,23,232,0.88,0
Dr. Ravi Kumar,Orthopedics,16,02-06-2030,Metro Hospital,Kolkata,92,306,0.87,0
Dr. Swati Desai,Pediatrics,17,03-06-2030,City Hospital,Kolkata,35,175,1.06,1
Dr. Anil Mehra,Cardiology,10,04-06-2030,City Hospital,Chennai,83,268,0.86,0
Dr. Rohit Verma,Orthopedics,9,05-06-2030,Metro Hospital,Chennai,26,294,1.52,1
Dr. Swati Desai,Pediatrics,11,06-06-2030,City Hospital,Kolkata,43,492,1.4,0
Dr. Swati Desai,Orthopedics,12,07-06-2030,City Hospital,Mumbai,23,188,0.82,0
Dr. Anil Mehra,Cardiology,9,08-06-2030,City Hospital,Mumbai,35,276,1.83,1
Dr. Swati Desai,Orthopedics,8,09-06-2030,City Hospital,New Delhi,43,435,1.19,0
Dr. Swati Desai,Dermatology,17,10-06-2030,Govt Health Center,Chennai,92,351,0.69,0
Dr. Anil Mehra,Pediatrics,12,11-06-2030,Govt Health Center,Mumbai,33,306,0.82,0
Dr. Ravi Kumar,Orthopedics,16,12-06-2030,Metro Hospital,Mumbai,79,304,1.31,0
Dr. Anil Mehra,Cardiology,12,13-06-2030,City Hospital,Chennai,29,119,1.01,1
Dr. Ravi Kumar,Pediatrics,17,14-06-2030,Metro Hospital,Kolkata,48,115,1.78,1
Dr. Rohit Verma,Dermatology,16,15-06-2030,Govt Health Center,Mumbai,54,51,1.24,1
Dr. Ravi Kumar,Pediatrics,17,16-06-2030,City Hospital,New Delhi,43,374,1.87,0
Dr. Ravi Kumar,Dermatology,13,17-06-2030,City Hospital,Mumbai,31,318,0.65,0
Dr. Rohit Verma,Pediatrics,10,18-06-2030,Govt Health Center,Mumbai,80,452,1.5,0
Dr. Ravi Kumar,Orthopedics,11,19-06-2030,City Hospital,New Delhi,42,388,1.83,0
Dr. Anil Mehra,Orthopedics,11,20-06-2030,City Hospital,Kolkata,15,352,0.94,0
Dr. Ravi Kumar,Cardiology,8,21-06-2030,Govt Health Center,New Delhi,25,178,0.7,0
Dr. Rohit Verma,Dermatology,10,22-06-2030,Metro Hospital,New Delhi,81,195,1.18,1
Dr. Anil Mehra,Cardiology,10,23-06-2030,Metro Hospital,Chennai,32,162,1.94,1
Dr. Rohit Verma,Orthopedics,8,24-06-2030,City Hospital,Mumbai,27,337,1.45,0
Dr. Rohit Verma,Dermatology,16,25-06-2030,Govt Health Center,Kolkata,23,145,1.47,1
Dr. Swati Desai,Cardiology,8,26-06-2030,Metro Hospital,Mumbai,59,316,1.51,0
Dr. Swati Desai,Cardiology,16,27-06-2030,Metro Hospital,Kolkata,70,453,0.56,0
Dr. Rohit Verma,Cardiology,8,28-06-2030,City Hospital,New Delhi,45,57,1.17,1
Dr. Rohit Verma,Cardiology,9,29-06-2030,Metro Hospital,Chennai,24,269,0.62,0
Dr. Rohit Verma,Cardiology,9,30-06-2030,Govt Health Center,New Delhi,14,262,0.97,0
Dr. Swati Desai,Dermatology,13,01-07-2030,Metro Hospital,Mumbai,62,151,1.73,1
Dr. Swati Desai,Cardiology,14,02-07-2030,Govt Health Center,Chennai,57,215,1.48,1
Dr. Ravi Kumar,Dermatology,8,03-07-2030,Govt Health Center,Chennai,88,311,1.99,0
Dr. Ravi Kumar,Cardiology,10,04-07-2030,City Hospital,Mumbai,20,51,0.76,0
Dr. Rohit Verma,Orthopedics,9,05-07-2030,Metro Hospital,Kolkata,11,251,1.1,1
Dr. Anil Mehra,Orthopedics,15,06-07-2030,City Hospital,Chennai,96,378,1.71,0
Dr. Anil Mehra,Cardiology,16,07-07-2030,Metro Hospital,Kolkata,33,232,0.82,0
Dr. Swati Desai,Pediatrics,9,08-07-2030,City Hospital,Kolkata,91,308,0.73,0
Dr. Swati Desai,Orthopedics,9,09-07-2030,City Hospital,Kolkata,77,371,1.14,0
Dr. Swati Desai,Dermatology,17,10-07-2030,City Hospital,Chennai,88,277,1.08,1
Dr. Rohit Verma,Cardiology,16,11-07-2030,Metro Hospital,New Delhi,21,249,1.97,1
Dr. Anil Mehra,Dermatology,11,12-07-2030,City Hospital,Chennai,68,75,1.18,1
Dr. Ravi Kumar,Pediatrics,12,13-07-2030,Govt Health Center,New Delhi,76,481,1.79,0
Dr. Rohit Verma,Cardiology,16,14-07-2030,Metro Hospital,Chennai,41,399,1.83,0
Dr. Ravi Kumar,Orthopedics,13,15-07-2030,Govt Health Center,New Delhi,45,151,0.74,0
Dr. Ravi Kumar,Dermatology,17,16-07-2030,City Hospital,New Delhi,30,185,1.57,1
Dr. Rohit Verma,Orthopedics,16,17-07-2030,City Hospital,Chennai,79,380,0.92,0
Dr. Ravi Kumar,Orthopedics,16,18-07-2030,Govt Health Center,Kolkata,75,394,0.64,0
Dr. Anil Mehra,Cardiology,14,19-07-2030,City Hospital,Kolkata,18,421,1.81,0
Dr. Ravi Kumar,Dermatology,17,20-07-2030,Metro Hospital,New Delhi,85,246,0.94,0
Dr. Anil Mehra,Pediatrics,16,21-07-2030,Govt Health Center,Mumbai,53,79,1.02,1
Dr. Anil Mehra,Orthopedics,12,22-07-2030,Metro Hospital,Mumbai,68,460,0.99,0
Dr. Anil Mehra,Cardiology,12,23-07-2030,Metro Hospital,Chennai,33,348,0.8,0
Dr. Swati Desai,Cardiology,15,24-07-2030,Metro Hospital,Chennai,72,182,1.15,1
Dr. Ravi Kumar,Pediatrics,17,25-07-2030,City Hospital,Chennai,87,305,1.14,0
Dr. Rohit Verma,Cardiology,11,26-07-2030,City Hospital,Mumbai,50,69,1.11,1
Dr. Rohit Verma,Orthopedics,16,27-07-2030,Govt Health Center,Kolkata,85,357,1.87,0
Dr. Ravi Kumar,Cardiology,14,28-07-2030,Govt Health Center,Chennai,83,70,1.01,1
Dr. Swati Desai,Dermatology,14,29-07-2030,Metro Hospital,Chennai,11,436,0.55,0
Dr. Swati Desai,Dermatology,10,30-07-2030,City Hospital,Kolkata,37,90,0.77,0
Dr. Anil Mehra,Orthopedics,11,31-07-2030,City Hospital,New Delhi,25,429,1.58,0
Dr. Ravi Kumar,Dermatology,14,01-08-2030,City Hospital,Chennai,68,497,1.39,0
Dr. Ravi Kumar,Pediatrics,12,02-08-2030,Govt Health Center,Mumbai,10,413,1.93,0
Dr. Rohit Verma,Cardiology,10,03-08-2030,City Hospital,Mumbai,95,201,1.54,1
Dr. Ravi Kumar,Orthopedics,8,04-08-2030,Metro Hospital,Chennai,10,357,0.79,0
Dr. Swati Desai,Pediatrics,14,05-08-2030,Metro Hospital,Mumbai,40,51,0.68,0
Dr. Ravi Kumar,Cardiology,13,06-08-2030,Metro Hospital,Kolkata,31,93,1.28,1
Dr. Rohit Verma,Pediatrics,17,07-08-2030,City Hospital,New Delhi,85,90,1.5,1
Dr. Anil Mehra,Orthopedics,14,08-08-2030,Metro Hospital,New Delhi,68,375,0.75,0
Dr. Rohit Verma,Orthopedics,9,09-08-2030,Metro Hospital,Chennai,96,312,1.4,0
Dr. Rohit Verma,Pediatrics,11,10-08-2030,Govt Health Center,Chennai,37,343,1.8,0
Dr. Anil Mehra,Cardiology,9,11-08-2030,Govt Health Center,New Delhi,85,222,1.59,1
Dr. Rohit Verma,Dermatology,15,12-08-2030,City Hospital,New Delhi,36,58,1.5,1
Dr. Rohit Verma,Dermatology,14,13-08-2030,City Hospital,Chennai,96,102,1.68,1
Dr. Ravi Kumar,Pediatrics,8,14-08-2030,City Hospital,Mumbai,10,333,0.66,0
Dr. Ravi Kumar,Orthopedics,9,15-08-2030,City Hospital,Chennai,11,177,0.81,0
Dr. Anil Mehra,Cardiology,9,16-08-2030,City Hospital,Kolkata,75,68,0.56,0
Dr. Ravi Kumar,Cardiology,11,17-08-2030,Govt Health Center,Chennai,58,181,0.72,0
Dr. Ravi Kumar,Orthopedics,10,18-08-2030,Govt Health Center,Chennai,98,62,1.87,1
Dr. Rohit Verma,Dermatology,8,19-08-2030,Govt Health Center,Chennai,28,269,0.83,0
Dr. Swati Desai,Cardiology,9,20-08-2030,Metro Hospital,Chennai,37,316,1.49,0
Dr. Ravi Kumar,Pediatrics,16,21-08-2030,Metro Hospital,Chennai,79,294,1.54,1
Dr. Swati Desai,Dermatology,8,22-08-2030,Govt Health Center,Chennai,48,307,1.47,0
Dr. Ravi Kumar,Pediatrics,16,23-08-2030,Govt Health Center,Mumbai,28,189,1.33,1
Dr. Ravi Kumar,Dermatology,14,24-08-2030,City Hospital,Chennai,73,431,1.23,0
Dr. Anil Mehra,Orthopedics,9,25-08-2030,Govt Health Center,New Delhi,67,296,1.13,1
Dr. Anil Mehra,Pediatrics,9,26-08-2030,City Hospital,Chennai,26,281,1.88,1
Dr. Anil Mehra,Pediatrics,12,27-08-2030,Govt Health Center,Mumbai,79,470,0.51,0
Dr. Swati Desai,Orthopedics,12,28-08-2030,City Hospital,Kolkata,88,105,0.58,0
Dr. Rohit Verma,Pediatrics,11,29-08-2030,Govt Health Center,New Delhi,95,137,1.24,1
Dr. Ravi Kumar,Dermatology,17,30-08-2030,City Hospital,Chennai,50,303,1,0
Dr. Ravi Kumar,Cardiology,17,31-08-2030,Metro Hospital,Chennai,14,101,1.11,1
Dr. Ravi Kumar,Cardiology,10,01-09-2030,Metro Hospital,New Delhi,32,296,2,1
Dr. Swati Desai,Orthopedics,11,02-09-2030,City Hospital,Chennai,78,301,1.66,0
Dr. Anil Mehra,Dermatology,17,03-09-2030,City Hospital,Mumbai,19,174,1.82,1
Dr. Rohit Verma,Pediatrics,11,04-09-2030,Metro Hospital,Chennai,77,250,1.05,1
Dr. Swati Desai,Pediatrics,9,05-09-2030,Govt Health Center,Kolkata,21,437,0.86,0
Dr. Anil Mehra,Cardiology,12,06-09-2030,City Hospital,Mumbai,19,410,1.65,0
Dr. Swati Desai,Pediatrics,12,07-09-2030,Govt Health Center,Chennai,69,181,1.71,1
Dr. Rohit Verma,Cardiology,12,08-09-2030,Metro Hospital,Kolkata,39,226,1.32,1
Dr. Anil Mehra,Orthopedics,17,09-09-2030,Metro Hospital,New Delhi,33,101,1.84,1
Dr. Swati Desai,Pediatrics,8,10-09-2030,City Hospital,Mumbai,78,83,1.95,1
Dr. Rohit Verma,Dermatology,13,11-09-2030,Govt Health Center,Chennai,22,71,1.21,1
Dr. Ravi Kumar,Pediatrics,9,12-09-2030,Metro Hospital,Chennai,18,190,0.83,0
Dr. Rohit Verma,Cardiology,14,13-09-2030,Govt Health Center,New Delhi,27,368,1.28,0
Dr. Ravi Kumar,Orthopedics,11,14-09-2030,Metro Hospital,New Delhi,44,320,1.98,0
Dr. Swati Desai,Cardiology,12,15-09-2030,City Hospital,Mumbai,97,217,0.94,0
Dr. Anil Mehra,Pediatrics,12,16-09-2030,Govt Health Center,Mumbai,13,87,1.43,1
Dr. Anil Mehra,Cardiology,12,17-09-2030,Govt Health Center,Mumbai,50,410,1.54,0
Dr. Swati Desai,Cardiology,9,18-09-2030,City Hospital,Chennai,35,295,0.82,0
Dr. Anil Mehra,Orthopedics,12,19-09-2030,City Hospital,Chennai,53,284,1.38,1
Dr. Anil Mehra,Dermatology,10,20-09-2030,City Hospital,Mumbai,51,104,0.97,0
Dr. Ravi Kumar,Pediatrics,11,21-09-2030,City Hospital,Chennai,19,477,1.78,0
Dr. Swati Desai,Orthopedics,9,22-09-2030,Metro Hospital,New Delhi,82,422,1.57,0
Dr. Rohit Verma,Dermatology,11,23-09-2030,Govt Health Center,Kolkata,10,169,1.74,1
Dr. Ravi Kumar,Cardiology,16,24-09-2030,Metro Hospital,Chennai,63,115,0.8,0
Dr. Swati Desai,Dermatology,15,25-09-2030,City Hospital,Mumbai,25,371,0.55,0
Dr. Ravi Kumar,Cardiology,10,26-09-2030,Metro Hospital,Chennai,55,476,1.78,0
Dr. Rohit Verma,Cardiology,8,27-09-2030,Metro Hospital,New Delhi,22,377,1.08,0
Dr. Rohit Verma,Orthopedics,8,28-09-2030,Govt Health Center,Mumbai,73,215,0.77,0
Dr. Swati Desai,Cardiology,13,29-09-2030,Govt Health Center,Kolkata,87,259,0.64,0
Dr. Rohit Verma,Orthopedics,10,30-09-2030,Govt Health Center,Mumbai,96,462,1.27,0
Dr. Ravi Kumar,Dermatology,11,01-10-2030,City Hospital,Mumbai,64,124,0.73,0
Dr. Rohit Verma,Dermatology,8,02-10-2030,City Hospital,Mumbai,72,489,1.35,0
Dr. Ravi Kumar,Cardiology,15,03-10-2030,Govt Health Center,Chennai,27,183,1.59,1
Dr. Ravi Kumar,Orthopedics,8,04-10-2030,Metro Hospital,Kolkata,70,314,1.3,0
Dr. Rohit Verma,Cardiology,12,05-10-2030,Govt Health Center,New Delhi,29,455,1.86,0
Dr. Swati Desai,Orthopedics,13,06-10-2030,City Hospital,Chennai,74,223,0.73,0
Dr. Anil Mehra,Orthopedics,9,07-10-2030,Metro Hospital,Kolkata,73,292,1.24,1
Dr. Rohit Verma,Orthopedics,14,08-10-2030,City Hospital,Kolkata,85,138,0.74,0
Dr. Ravi Kumar,Dermatology,14,09-10-2030,Govt Health Center,Chennai,73,299,1.81,1
Dr. Ravi Kumar,Orthopedics,8,10-10-2030,Govt Health Center,Mumbai,22,80,1.9,1
Dr. Rohit Verma,Dermatology,11,11-10-2030,Metro Hospital,Kolkata,77,326,1.1,0
Dr. Swati Desai,Orthopedics,11,12-10-2030,Govt Health Center,New Delhi,98,87,0.96,0
Dr. Swati Desai,Dermatology,12,13-10-2030,City Hospital,Chennai,79,357,0.92,0
Dr. Ravi Kumar,Pediatrics,8,14-10-2030,City Hospital,Kolkata,66,452,1.79,0
Dr. Ravi Kumar,Dermatology,8,15-10-2030,City Hospital,New Delhi,54,187,1.52,1
Dr. Swati Desai,Dermatology,14,16-10-2030,Metro Hospital,New Delhi,95,479,1.82,0
Dr. Anil Mehra,Cardiology,16,17-10-2030,City Hospital,New Delhi,47,125,0.68,0
Dr. Rohit Verma,Orthopedics,8,18-10-2030,Govt Health Center,New Delhi,63,388,1.21,0
Dr. Ravi Kumar,Pediatrics,9,19-10-2030,Metro Hospital,Chennai,45,302,1.51,0
Dr. Ravi Kumar,Cardiology,13,20-10-2030,City Hospital,New Delhi,76,499,1.85,0
Dr. Swati Desai,Orthopedics,13,21-10-2030,City Hospital,Chennai,88,128,1.07,1
Dr. Rohit Verma,Pediatrics,9,22-10-2030,Govt Health Center,New Delhi,20,87,0.97,0
Dr. Swati Desai,Pediatrics,16,23-10-2030,Govt Health Center,New Delhi,36,367,1.87,0
Dr. Rohit Verma,Pediatrics,11,24-10-2030,Metro Hospital,Chennai,96,377,0.57,0
Dr. Rohit Verma,Orthopedics,14,25-10-2030,City Hospital,Mumbai,26,479,1.22,0
Dr. Rohit Verma,Pediatrics,13,26-10-2030,City Hospital,Kolkata,96,212,1.19,1
Dr. Ravi Kumar,Pediatrics,10,27-10-2030,Govt Health Center,Kolkata,94,407,0.72,0
Dr. Anil Mehra,Cardiology,15,28-10-2030,Metro Hospital,Chennai,42,476,1.09,0
Dr. Swati Desai,Dermatology,14,29-10-2030,Govt Health Center,New Delhi,14,177,1.58,1
Dr. Anil Mehra,Orthopedics,16,30-10-2030,Govt Health Center,Chennai,90,207,1.05,1
Dr. Swati Desai,Dermatology,10,31-10-2030,Metro Hospital,New Delhi,71,378,0.96,0
Dr. Rohit Verma,Cardiology,8,01-11-2030,City Hospital,Chennai,74,368,1.67,0
Dr. Ravi Kumar,Dermatology,9,02-11-2030,City Hospital,Kolkata,80,463,1.98,0
Dr. Anil Mehra,Pediatrics,8,03-11-2030,City Hospital,Chennai,76,418,1.67,0
Dr. Ravi Kumar,Pediatrics,12,04-11-2030,Metro Hospital,Kolkata,99,132,1.77,1
Dr. Swati Desai,Orthopedics,17,05-11-2030,Metro Hospital,Kolkata,89,462,1.91,0
Dr. Ravi Kumar,Orthopedics,9,06-11-2030,Metro Hospital,Kolkata,89,499,1.7,0
Dr. Ravi Kumar,Orthopedics,10,07-11-2030,Metro Hospital,Chennai,53,266,1.97,1
Dr. Anil Mehra,Cardiology,15,08-11-2030,Metro Hospital,Mumbai,23,251,1.62,1
Dr. Rohit Verma,Orthopedics,17,09-11-2030,Govt Health Center,Chennai,99,327,1.49,0
Dr. Ravi Kumar,Cardiology,12,10-11-2030,City Hospital,Chennai,66,468,1.54,0
Dr. Rohit Verma,Pediatrics,11,11-11-2030,Metro Hospital,Mumbai,57,475,1.85,0
Dr. Swati Desai,Dermatology,12,12-11-2030,City Hospital,Mumbai,26,201,1.52,1
Dr. Ravi Kumar,Pediatrics,17,13-11-2030,Metro Hospital,Kolkata,53,75,1.64,1
Dr. Anil Mehra,Pediatrics,13,14-11-2030,City Hospital,New Delhi,13,464,0.82,0
Dr. Swati Desai,Pediatrics,14,15-11-2030,Govt Health Center,New Delhi,90,392,1.87,0
Dr. Swati Desai,Orthopedics,16,16-11-2030,City Hospital,Kolkata,39,303,1.17,0
Dr. Anil Mehra,Orthopedics,8,17-11-2030,City Hospital,Chennai,94,435,0.74,0
Dr. Ravi Kumar,Orthopedics,11,18-11-2030,Metro Hospital,New Delhi,90,300,1.7,0
Dr. Ravi Kumar,Dermatology,16,19-11-2030,City Hospital,Chennai,84,216,1.03,1
Dr. Swati Desai,Orthopedics,12,20-11-2030,Govt Health Center,Mumbai,64,402,0.78,0
Dr. Ravi Kumar,Cardiology,15,21-11-2030,Govt Health Center,Mumbai,39,189,0.88,0
Dr. Rohit Verma,Pediatrics,8,22-11-2030,Govt Health Center,Kolkata,27,278,0.55,0
Dr. Anil Mehra,Dermatology,11,23-11-2030,Metro Hospital,Chennai,93,122,0.64,0
Dr. Rohit Verma,Dermatology,16,24-11-2030,Metro Hospital,Kolkata,82,477,1.39,0
Dr. Ravi Kumar,Dermatology,8,25-11-2030,Metro Hospital,New Delhi,53,348,1.8,0
Dr. Swati Desai,Dermatology,8,26-11-2030,Metro Hospital,New Delhi,71,285,1.17,1
Dr. Anil Mehra,Dermatology,11,27-11-2030,Metro Hospital,New Delhi,40,244,1.44,1
Dr. Ravi Kumar,Cardiology,10,28-11-2030,Govt Health Center,Chennai,25,137,1.71,1
Dr. Ravi Kumar,Pediatrics,14,29-11-2030,City Hospital,Kolkata,86,146,1.04,1
Dr. Swati Desai,Dermatology,10,30-11-2030,Govt Health Center,Kolkata,32,215,1.48,1
Dr. Swati Desai,Pediatrics,8,01-12-2030,Metro Hospital,New Delhi,23,499,1.03,0
Dr. Rohit Verma,Orthopedics,17,02-12-2030,Govt Health Center,Kolkata,11,345,1.46,0
Dr. Anil Mehra,Dermatology,9,03-12-2030,City Hospital,Mumbai,21,455,0.83,0
Dr. Anil Mehra,Dermatology,17,04-12-2030,Metro Hospital,Mumbai,67,252,1.97,1
Dr. Swati Desai,Pediatrics,11,05-12-2030,Govt Health Center,Mumbai,65,496,0.61,0
Dr. Rohit Verma,Dermatology,8,06-12-2030,Govt Health Center,Mumbai,33,236,1.26,1
Dr. Anil Mehra,Dermatology,8,07-12-2030,City Hospital,Kolkata,46,324,0.93,0
Dr. Swati Desai,Dermatology,15,08-12-2030,Metro Hospital,Mumbai,38,69,1.4,1
Dr. Ravi Kumar,Cardiology,14,09-12-2030,Metro Hospital,Mumbai,51,424,1.14,0
Dr. Anil Mehra,Cardiology,15,10-12-2030,City Hospital,Mumbai,27,122,0.96,0
Dr. Rohit Verma,Dermatology,11,11-12-2030,City Hospital,Mumbai,12,476,0.88,0
Dr. Rohit Verma,Cardiology,13,12-12-2030,City Hospital,Mumbai,86,491,0.77,0
Dr. Rohit Verma,Orthopedics,10,13-12-2030,City Hospital,Chennai,22,387,1.67,0
Dr. Ravi Kumar,Dermatology,15,14-12-2030,Metro Hospital,Chennai,38,410,0.83,0
Dr. Anil Mehra,Orthopedics,11,15-12-2030,Metro Hospital,Mumbai,75,359,1.66,0
Dr. Anil Mehra,Pediatrics,10,16-12-2030,Govt Health Center,Mumbai,68,131,1.23,1
Dr. Ravi Kumar,Orthopedics,11,17-12-2030,Govt Health Center,Kolkata,57,345,0.61,0
Dr. Anil Mehra,Pediatrics,13,18-12-2030,Govt Health Center,Mumbai,13,405,0.75,0
Dr. Ravi Kumar,Dermatology,14,19-12-2030,Metro Hospital,New Delhi,60,76,1.84,1
Dr. Ravi Kumar,Pediatrics,14,20-12-2030,Metro Hospital,Chennai,14,190,1.4,1
Dr. Ravi Kumar,Pediatrics,11,21-12-2030,Metro Hospital,Mumbai,48,96,0.78,0
Dr. Rohit Verma,Orthopedics,15,22-12-2030,Govt Health Center,Chennai,50,161,1.56,1
Dr. Anil Mehra,Orthopedics,14,23-12-2030,City Hospital,Mumbai,14,284,1.73,1
Dr. Ravi Kumar,Orthopedics,9,24-12-2030,City Hospital,New Delhi,17,200,1,0
Dr. Anil Mehra,Dermatology,15,25-12-2030,City Hospital,Mumbai,65,424,1.33,0
Dr. Rohit Verma,Dermatology,16,26-12-2030,City Hospital,Chennai,34,364,0.94,0
Dr. Ravi Kumar,Orthopedics,12,27-12-2030,City Hospital,Chennai,61,382,0.62,0
Dr. Swati Desai,Dermatology,11,28-12-2030,Metro Hospital,Chennai,61,175,1.1,1
Dr. Rohit Verma,Dermatology,11,29-12-2030,Govt Health Center,Kolkata,16,56,1.63,1
Dr. Swati Desai,Pediatrics,11,30-12-2030,City Hospital,Chennai,70,99,1.19,1
Dr. Anil Mehra,Pediatrics,13,31-12-2030,City Hospital,Mumbai,94,409,1.11,0
Dr. Anil Mehra,Orthopedics,11,01-01-2031,City Hospital,New Delhi,56,115,1.05,1
Dr. Rohit Verma,Dermatology,14,02-01-2031,Metro Hospital,New Delhi,91,436,1.19,0
Dr. Anil Mehra,Pediatrics,14,03-01-2031,City Hospital,Mumbai,75,411,0.98,0
Dr. Swati Desai,Cardiology,12,04-01-2031,Govt Health Center,Kolkata,68,216,1.42,1
Dr. Ravi Kumar,Dermatology,12,05-01-2031,Metro Hospital,Mumbai,14,301,0.6,0
Dr. Ravi Kumar,Cardiology,17,06-01-2031,Metro Hospital,Chennai,53,312,1.71,0
Dr. Ravi Kumar,Orthopedics,15,07-01-2031,Metro Hospital,Kolkata,51,245,0.76,0
Dr. Rohit Verma,Dermatology,14,08-01-2031,City Hospital,Mumbai,70,232,1.45,1
Dr. Anil Mehra,Orthopedics,14,09-01-2031,City Hospital,Kolkata,72,313,1.17,0
Dr. Swati Desai,Orthopedics,13,10-01-2031,City Hospital,New Delhi,59,337,1.66,0
Dr. Anil Mehra,Orthopedics,14,11-01-2031,City Hospital,Mumbai,47,324,1.74,0
Dr. Anil Mehra,Orthopedics,14,12-01-2031,Govt Health Center,Mumbai,63,167,0.81,0
Dr. Anil Mehra,Orthopedics,17,13-01-2031,Metro Hospital,New Delhi,53,445,1.52,0
Dr. Ravi Kumar,Dermatology,9,14-01-2031,City Hospital,Kolkata,33,362,0.78,0
Dr. Swati Desai,Cardiology,17,15-01-2031,Govt Health Center,New Delhi,72,443,0.69,0
Dr. Swati Desai,Dermatology,9,16-01-2031,Metro Hospital,Kolkata,48,396,1.9,0
Dr. Anil Mehra,Dermatology,17,17-01-2031,Metro Hospital,Mumbai,21,326,0.75,0
Dr. Ravi Kumar,Dermatology,14,18-01-2031,Metro Hospital,Kolkata,72,453,0.84,0
Dr. Ravi Kumar,Pediatrics,17,19-01-2031,City Hospital,Kolkata,18,426,0.7,0
Dr. Swati Desai,Pediatrics,14,20-01-2031,Metro Hospital,Chennai,88,181,1.21,1
Dr. Ravi Kumar,Dermatology,14,21-01-2031,City Hospital,Chennai,96,196,1.88,1
Dr. Ravi Kumar,Cardiology,12,22-01-2031,Govt Health Center,Chennai,31,78,0.9,0
Dr. Ravi Kumar,Dermatology,8,23-01-2031,Metro Hospital,New Delhi,45,376,1.31,0
Dr. Rohit Verma,Orthopedics,9,24-01-2031,Govt Health Center,New Delhi,83,369,1.12,0
Dr. Anil Mehra,Pediatrics,16,25-01-2031,City Hospital,Chennai,37,274,1,0
Dr. Swati Desai,Pediatrics,15,26-01-2031,City Hospital,Mumbai,65,188,1.36,1
Dr. Swati Desai,Dermatology,15,27-01-2031,City Hospital,Mumbai,38,338,1.34,0
Dr. Rohit Verma,Dermatology,17,28-01-2031,Metro Hospital,Mumbai,14,330,1.04,0
Dr. Anil Mehra,Cardiology,8,29-01-2031,Metro Hospital,New Delhi,13,466,1.78,0
Dr. Swati Desai,Cardiology,13,30-01-2031,Govt Health Center,Kolkata,60,75,0.58,0
Dr. Ravi Kumar,Orthopedics,16,31-01-2031,City Hospital,New Delhi,24,341,0.63,0
Dr. Swati Desai,Dermatology,15,01-02-2031,Govt Health Center,Chennai,69,316,1.99,0
Dr. Ravi Kumar,Dermatology,10,02-02-2031,City Hospital,Kolkata,35,335,1.62,0
Dr. Rohit Verma,Dermatology,11,03-02-2031,City Hospital,Mumbai,32,362,1.71,0
Dr. Ravi Kumar,Pediatrics,10,04-02-2031,Govt Health Center,New Delhi,38,146,1.4,1
Dr. Swati Desai,Orthopedics,13,05-02-2031,City Hospital,New Delhi,95,187,1.13,1
Dr. Swati Desai,Cardiology,16,06-02-2031,Govt Health Center,Chennai,66,330,1.44,0
Dr. Swati Desai,Pediatrics,15,07-02-2031,Metro Hospital,Mumbai,71,145,0.64,0
Dr. Rohit Verma,Pediatrics,17,08-02-2031,Govt Health Center,New Delhi,68,106,1.64,1
Dr. Rohit Verma,Pediatrics,11,09-02-2031,Govt Health Center,New Delhi,57,172,1.31,1
Dr. Anil Mehra,Pediatrics,9,10-02-2031,City Hospital,Kolkata,91,280,1.94,1
Dr. Swati Desai,Orthopedics,15,11-02-2031,Govt Health Center,New Delhi,44,339,1.46,0
Dr. Ravi Kumar,Dermatology,15,12-02-2031,Metro Hospital,Kolkata,55,135,0.73,0
Dr. Rohit Verma,Cardiology,13,13-02-2031,Metro Hospital,New Delhi,42,359,1.22,0
Dr. Swati Desai,Cardiology,15,14-02-2031,Metro Hospital,Mumbai,80,100,0.59,0
Dr. Swati Desai,Pediatrics,16,15-02-2031,Metro Hospital,Chennai,19,277,1.62,1
Dr. Rohit Verma,Pediatrics,8,16-02-2031,Govt Health Center,Mumbai,97,55,1.25,1
Dr. Anil Mehra,Orthopedics,16,17-02-2031,Metro Hospital,Chennai,98,492,1.05,0
Dr. Rohit Verma,Pediatrics,9,18-02-2031,Govt Health Center,New Delhi,57,359,1.95,0
Dr. Rohit Verma,Cardiology,8,19-02-2031,Govt Health Center,Mumbai,53,322,1.91,0
Dr. Ravi Kumar,Cardiology,15,20-02-2031,City Hospital,Kolkata,79,459,1.93,0
Dr. Ravi Kumar,Dermatology,15,21-02-2031,Govt Health Center,Chennai,72,393,0.83,0
Dr. Anil Mehra,Dermatology,11,22-02-2031,Govt Health Center,Chennai,58,442,1.59,0
Dr. Swati Desai,Cardiology,15,23-02-2031,City Hospital,New Delhi,81,51,1.92,1
Dr. Rohit Verma,Cardiology,14,24-02-2031,Metro Hospital,Chennai,94,325,1.36,0
Dr. Anil Mehra,Orthopedics,9,25-02-2031,Metro Hospital,Chennai,50,140,0.82,0
Dr. Ravi Kumar,Orthopedics,12,26-02-2031,Govt Health Center,Chennai,92,311,1.73,0
Dr. Rohit Verma,Cardiology,17,27-02-2031,City Hospital,New Delhi,48,291,1.82,1
Dr. Swati Desai,Pediatrics,11,28-02-2031,Govt Health Center,Mumbai,32,424,1.55,0
Dr. Ravi Kumar,Dermatology,10,01-03-2031,Govt Health Center,New Delhi,22,295,0.94,0
Dr. Ravi Kumar,Cardiology,8,02-03-2031,Metro Hospital,Kolkata,62,128,0.79,0
Dr. Ravi Kumar,Pediatrics,12,03-03-2031,City Hospital,Chennai,79,360,1.44,0
Dr. Anil Mehra,Cardiology,17,04-03-2031,Govt Health Center,Chennai,66,353,1.22,0
Dr. Swati Desai,Dermatology,15,05-03-2031,Metro Hospital,Mumbai,85,107,1.5,1
Dr. Rohit Verma,Dermatology,16,06-03-2031,Govt Health Center,Chennai,76,274,0.67,0
Dr. Anil Mehra,Orthopedics,14,07-03-2031,Metro Hospital,Mumbai,57,475,0.7,0
Dr. Anil Mehra,Orthopedics,8,08-03-2031,City Hospital,Chennai,29,251,1.04,1
Dr. Anil Mehra,Orthopedics,8,09-03-2031,Govt Health Center,Chennai,71,454,0.89,0
Dr. Ravi Kumar,Orthopedics,8,10-03-2031,City Hospital,New Delhi,54,55,1.43,1
Dr. Swati Desai,Dermatology,9,11-03-2031,Metro Hospital,New Delhi,72,79,1.05,1
Dr. Anil Mehra,Pediatrics,8,12-03-2031,City Hospital,Kolkata,17,200,1.53,1
Dr. Rohit Verma,Pediatrics,11,13-03-2031,City Hospital,Mumbai,35,85,1.65,1
Dr. Swati Desai,Pediatrics,17,14-03-2031,City Hospital,Kolkata,47,159,0.78,0
Dr. Rohit Verma,Cardiology,16,15-03-2031,Govt Health Center,New Delhi,50,170,1.88,1
Dr. Swati Desai,Orthopedics,11,16-03-2031,Metro Hospital,Mumbai,11,290,1.68,1
Dr. Rohit Verma,Orthopedics,11,17-03-2031,City Hospital,New Delhi,16,308,1.44,0
Dr. Ravi Kumar,Dermatology,14,18-03-2031,Govt Health Center,Mumbai,34,139,1.86,1
Dr. Anil Mehra,Dermatology,16,19-03-2031,Metro Hospital,Chennai,60,467,0.9,0
Dr. Rohit Verma,Cardiology,14,20-03-2031,Metro Hospital,Kolkata,59,79,1.13,1
Dr. Swati Desai,Cardiology,8,21-03-2031,Metro Hospital,Kolkata,73,286,0.63,0
Dr. Anil Mehra,Pediatrics,8,22-03-2031,City Hospital,Mumbai,21,420,1.18,0
Dr. Anil Mehra,Dermatology,11,23-03-2031,City Hospital,Kolkata,62,219,1.26,1
Dr. Swati Desai,Orthopedics,11,24-03-2031,City Hospital,New Delhi,84,198,1.42,1
Dr. Rohit Verma,Pediatrics,8,25-03-2031,Metro Hospital,Kolkata,19,423,0.6,0
Dr. Ravi Kumar,Orthopedics,13,26-03-2031,Metro Hospital,Mumbai,70,137,0.55,0
Dr. Ravi Kumar,Pediatrics,17,27-03-2031,City Hospital,Kolkata,64,53,1.13,1
Dr. Rohit Verma,Orthopedics,9,28-03-2031,City Hospital,Kolkata,77,482,0.78,0
Dr. Anil Mehra,Cardiology,12,29-03-2031,Metro Hospital,New Delhi,51,301,1.64,0
Dr. Anil Mehra,Pediatrics,15,30-03-2031,Metro Hospital,Chennai,75,481,1.5,0
Dr. Anil Mehra,Orthopedics,10,31-03-2031,Govt Health Center,New Delhi,53,100,0.99,0
Dr. Anil Mehra,Orthopedics,16,01-04-2031,Govt Health Center,Kolkata,37,73,0.57,0
Dr. Rohit Verma,Dermatology,14,02-04-2031,City Hospital,Kolkata,87,95,0.77,0
Dr. Anil Mehra,Pediatrics,16,03-04-2031,Metro Hospital,Chennai,67,165,1.54,1
Dr. Swati Desai,Orthopedics,8,04-04-2031,Metro Hospital,Chennai,11,76,1.99,1
Dr. Anil Mehra,Dermatology,12,05-04-2031,Govt Health Center,New Delhi,64,144,0.99,0
Dr. Ravi Kumar,Orthopedics,10,06-04-2031,Metro Hospital,Chennai,43,416,1.7,0
Dr. Anil Mehra,Pediatrics,11,07-04-2031,City Hospital,New Delhi,29,484,1.8,0
Dr. Rohit Verma,Cardiology,11,08-04-2031,Govt Health Center,Mumbai,56,148,0.57,0
Dr. Ravi Kumar,Pediatrics,14,09-04-2031,Metro Hospital,Kolkata,35,165,1.87,1
Dr. Rohit Verma,Pediatrics,17,10-04-2031,Metro Hospital,Chennai,93,325,1.2,0
Dr. Rohit Verma,Orthopedics,15,11-04-2031,City Hospital,Mumbai,10,385,1.95,0
Dr. Ravi Kumar,Orthopedics,17,12-04-2031,Metro Hospital,Mumbai,74,144,1.31,1
Dr. Rohit Verma,Pediatrics,12,13-04-2031,Govt Health Center,New Delhi,98,248,0.85,0
Dr. Rohit Verma,Dermatology,17,14-04-2031,Govt Health Center,New Delhi,96,195,1.96,1
Dr. Anil Mehra,Dermatology,14,15-04-2031,Metro Hospital,Chennai,84,441,0.86,0
Dr. Swati Desai,Dermatology,10,16-04-2031,Metro Hospital,New Delhi,24,204,1.82,1
Dr. Rohit Verma,Orthopedics,10,17-04-2031,Metro Hospital,Mumbai,23,319,0.76,0
Dr. Rohit Verma,Orthopedics,10,18-04-2031,Metro Hospital,Mumbai,64,451,1.51,0
Dr. Rohit Verma,Pediatrics,11,19-04-2031,Govt Health Center,Kolkata,10,370,1.12,0
Dr. Anil Mehra,Cardiology,13,20-04-2031,City Hospital,Mumbai,42,464,1.96,0
Dr. Swati Desai,Orthopedics,12,21-04-2031,Govt Health Center,Chennai,79,325,0.78,0
Dr. Ravi Kumar,Pediatrics,15,22-04-2031,Metro Hospital,Kolkata,65,375,1.11,0
Dr. Anil Mehra,Pediatrics,12,23-04-2031,Metro Hospital,New Delhi,32,305,1.46,0
Dr. Anil Mehra,Cardiology,12,24-04-2031,Govt Health Center,Kolkata,63,94,1.97,1
Dr. Swati Desai,Dermatology,17,25-04-2031,Govt Health Center,Mumbai,99,50,0.96,0
Dr. Swati Desai,Pediatrics,9,26-04-2031,Metro Hospital,Chennai,12,196,1.1,1
Dr. Anil Mehra,Pediatrics,12,27-04-2031,Govt Health Center,New Delhi,55,344,1.19,0
Dr. Ravi Kumar,Pediatrics,14,28-04-2031,Metro Hospital,New Delhi,15,424,0.88,0
Dr. Anil Mehra,Dermatology,9,29-04-2031,Govt Health Center,Mumbai,34,204,1.73,1
Dr. Swati Desai,Dermatology,13,30-04-2031,Metro Hospital,Chennai,26,105,0.64,0
Dr. Ravi Kumar,Cardiology,14,01-05-2031,Govt Health Center,Mumbai,37,449,1.56,0
Dr. Swati Desai,Orthopedics,12,02-05-2031,Metro Hospital,Mumbai,41,275,1.3,1
Dr. Ravi Kumar,Dermatology,16,03-05-2031,City Hospital,Chennai,32,56,0.86,0
Dr. Rohit Verma,Orthopedics,11,04-05-2031,City Hospital,Mumbai,25,69,1.24,1
Dr. Swati Desai,Orthopedics,17,05-05-2031,Govt Health Center,Chennai,35,208,1.74,1
Dr. Swati Desai,Dermatology,8,06-05-2031,City Hospital,Chennai,42,389,1.17,0
Dr. Anil Mehra,Pediatrics,15,07-05-2031,Metro Hospital,Mumbai,67,128,0.68,0
Dr. Swati Desai,Cardiology,15,08-05-2031,Govt Health Center,Mumbai,57,458,0.56,0
Dr. Swati Desai,Orthopedics,14,09-05-2031,Govt Health Center,Kolkata,92,415,1.67,0
Dr. Rohit Verma,Pediatrics,15,10-05-2031,Metro Hospital,New Delhi,64,50,1,0
Dr. Swati Desai,Dermatology,9,11-05-2031,Metro Hospital,New Delhi,50,450,1.9,0
Dr. Rohit Verma,Orthopedics,10,12-05-2031,Metro Hospital,Chennai,71,385,1.43,0
Dr. Rohit Verma,Orthopedics,16,13-05-2031,Govt Health Center,Kolkata,26,278,1.15,1
Dr. Rohit Verma,Orthopedics,8,14-05-2031,Metro Hospital,Chennai,68,262,1.35,1
Dr. Rohit Verma,Pediatrics,15,15-05-2031,City Hospital,Kolkata,23,332,1.19,0
Dr. Ravi Kumar,Pediatrics,15,16-05-2031,Govt Health Center,Chennai,91,297,1.86,1
Dr. Anil Mehra,Pediatrics,14,17-05-2031,Metro Hospital,New Delhi,30,168,1.19,1
Dr. Ravi Kumar,Orthopedics,12,18-05-2031,Govt Health Center,Kolkata,72,428,0.66,0
Dr. Swati Desai,Orthopedics,11,19-05-2031,City Hospital,Mumbai,55,276,1.4,1
Dr. Ravi Kumar,Cardiology,17,20-05-2031,City Hospital,Mumbai,64,73,1.43,1
Dr. Ravi Kumar,Cardiology,17,21-05-2031,Metro Hospital,New Delhi,71,239,1.65,1
Dr. Swati Desai,Pediatrics,17,22-05-2031,Govt Health Center,Kolkata,48,357,1.9,0
Dr. Swati Desai,Pediatrics,17,23-05-2031,Metro Hospital,Mumbai,51,356,1.16,0
Dr. Swati Desai,Dermatology,13,24-05-2031,Govt Health Center,Mumbai,57,499,1.03,0
Dr. Ravi Kumar,Pediatrics,8,25-05-2031,Metro Hospital,Mumbai,37,106,1.24,1
Dr. Ravi Kumar,Cardiology,12,26-05-2031,Metro Hospital,New Delhi,93,360,1.85,0
Dr. Swati Desai,Cardiology,11,27-05-2031,Govt Health Center,Chennai,15,358,1.97,0
Dr. Anil Mehra,Cardiology,11,28-05-2031,Govt Health Center,Mumbai,68,138,1.96,1
Dr. Anil Mehra,Orthopedics,14,29-05-2031,City Hospital,Mumbai,99,324,0.84,0
Dr. Rohit Verma,Orthopedics,16,30-05-2031,City Hospital,Chennai,79,158,1.25,1
Dr. Swati Desai,Pediatrics,15,31-05-2031,Govt Health Center,Mumbai,48,190,0.89,0
Dr. Rohit Verma,Dermatology,15,01-06-2031,City Hospital,Kolkata,66,334,1.05,0
Dr. Anil Mehra,Dermatology,12,02-06-2031,City Hospital,Mumbai,63,439,0.55,0
Dr. Rohit Verma,Dermatology,13,03-06-2031,Govt Health Center,Chennai,69,425,0.74,0
Dr. Swati Desai,Orthopedics,9,04-06-2031,Govt Health Center,New Delhi,99,293,1.1,1
Dr. Swati Desai,Cardiology,10,05-06-2031,Govt Health Center,New Delhi,26,434,1.05,0
Dr. Swati Desai,Cardiology,12,06-06-2031,Metro Hospital,Kolkata,49,457,0.92,0
Dr. Ravi Kumar,Orthopedics,9,07-06-2031,Govt Health Center,Mumbai,75,123,0.85,0
Dr. Rohit Verma,Dermatology,10,08-06-2031,Govt Health Center,Mumbai,94,404,1.62,0
Dr. Anil Mehra,Dermatology,11,09-06-2031,Govt Health Center,Chennai,63,311,0.94,0
Dr. Anil Mehra,Pediatrics,13,10-06-2031,City Hospital,Chennai,80,225,1.56,1
Dr. Anil Mehra,Pediatrics,12,11-06-2031,Govt Health Center,Kolkata,53,453,1.05,0
Dr. Ravi Kumar,Dermatology,17,12-06-2031,City Hospital,Kolkata,93,279,1.7,1
Dr. Ravi Kumar,Orthopedics,11,13-06-2031,Metro Hospital,Mumbai,76,125,0.75,0
Dr. Swati Desai,Dermatology,9,14-06-2031,Govt Health Center,Mumbai,66,372,0.74,0
Dr. Anil Mehra,Pediatrics,12,15-06-2031,Govt Health Center,Kolkata,45,232,1.52,1
Dr. Ravi Kumar,Dermatology,12,16-06-2031,City Hospital,New Delhi,66,323,1.87,0
Dr. Swati Desai,Orthopedics,14,17-06-2031,Metro Hospital,New Delhi,52,326,0.71,0
Dr. Anil Mehra,Cardiology,8,18-06-2031,Govt Health Center,New Delhi,53,276,0.61,0
Dr. Rohit Verma,Orthopedics,11,19-06-2031,Metro Hospital,New Delhi,71,497,1.9,0
Dr. Swati Desai,Orthopedics,12,20-06-2031,Metro Hospital,Kolkata,92,214,0.68,0
Dr. Ravi Kumar,Pediatrics,15,21-06-2031,Govt Health Center,Chennai,70,324,0.88,0
Dr. Ravi Kumar,Orthopedics,15,22-06-2031,Metro Hospital,New Delhi,20,266,1.89,1
Dr. Swati Desai,Orthopedics,8,23-06-2031,Metro Hospital,Kolkata,86,361,1.7,0
Dr. Swati Desai,Pediatrics,12,24-06-2031,Govt Health Center,New Delhi,42,239,1.01,1
Dr. Ravi Kumar,Pediatrics,17,25-06-2031,City Hospital,Mumbai,75,67,1.93,1
Dr. Rohit Verma,Cardiology,8,26-06-2031,Govt Health Center,New Delhi,32,281,1.35,1
Dr. Anil Mehra,Dermatology,8,27-06-2031,Metro Hospital,Kolkata,58,463,0.61,0
Dr. Rohit Verma,Orthopedics,9,28-06-2031,Govt Health Center,Mumbai,29,233,1.55,1
Dr. Swati Desai,Pediatrics,9,29-06-2031,City Hospital,Mumbai,24,155,1.31,1
Dr. Rohit Verma,Cardiology,16,30-06-2031,Metro Hospital,New Delhi,75,292,1.36,1
Dr. Ravi Kumar,Dermatology,11,01-07-2031,Metro Hospital,New Delhi,39,475,1.99,0
Dr. Swati Desai,Pediatrics,10,02-07-2031,City Hospital,Mumbai,98,102,0.73,0
Dr. Anil Mehra,Dermatology,8,03-07-2031,City Hospital,Chennai,13,275,1.49,1
Dr. Ravi Kumar,Dermatology,9,04-07-2031,Metro Hospital,Kolkata,73,251,1.19,1
Dr. Ravi Kumar,Orthopedics,13,05-07-2031,City Hospital,Kolkata,74,135,0.91,0
Dr. Anil Mehra,Orthopedics,16,06-07-2031,Govt Health Center,Kolkata,17,99,1.54,1
Dr. Anil Mehra,Pediatrics,12,07-07-2031,City Hospital,Kolkata,61,432,1.5,0
Dr. Rohit Verma,Dermatology,11,08-07-2031,Govt Health Center,Kolkata,23,309,1.78,0
Dr. Swati Desai,Pediatrics,12,09-07-2031,Metro Hospital,Mumbai,67,368,1.82,0
Dr. Anil Mehra,Pediatrics,16,10-07-2031,Metro Hospital,Kolkata,20,244,1.34,1
Dr. Anil Mehra,Dermatology,14,11-07-2031,Metro Hospital,Chennai,68,418,0.99,0
Dr. Swati Desai,Pediatrics,15,12-07-2031,Metro Hospital,Chennai,33,297,1.29,1
Dr. Anil Mehra,Dermatology,11,13-07-2031,Metro Hospital,New Delhi,97,105,1.04,1
Dr. Anil Mehra,Dermatology,15,14-07-2031,City Hospital,New Delhi,41,226,0.92,0
Dr. Rohit Verma,Dermatology,13,15-07-2031,City Hospital,New Delhi,98,199,1.33,1
Dr. Ravi Kumar,Dermatology,12,16-07-2031,Metro Hospital,New Delhi,55,445,1.49,0
Dr. Ravi Kumar,Cardiology,14,17-07-2031,City Hospital,Mumbai,37,482,1.39,0
Dr. Ravi Kumar,Dermatology,13,18-07-2031,City Hospital,Chennai,25,62,1.93,1
Dr. Ravi Kumar,Orthopedics,10,19-07-2031,Metro Hospital,Mumbai,51,410,0.95,0
Dr. Anil Mehra,Orthopedics,12,20-07-2031,City Hospital,Chennai,25,338,1.06,0
Dr. Swati Desai,Orthopedics,16,21-07-2031,Metro Hospital,Mumbai,21,480,1.5,0
Dr. Swati Desai,Dermatology,14,22-07-2031,Metro Hospital,Chennai,85,113,1.4,1
Dr. Rohit Verma,Orthopedics,11,23-07-2031,Metro Hospital,New Delhi,71,388,0.5,0
Dr. Rohit Verma,Cardiology,14,24-07-2031,Metro Hospital,Chennai,43,154,0.97,0
Dr. Anil Mehra,Pediatrics,12,25-07-2031,City Hospital,New Delhi,47,450,0.88,0
Dr. Swati Desai,Dermatology,9,26-07-2031,City Hospital,Chennai,93,288,1.76,1
Dr. Swati Desai,Orthopedics,13,27-07-2031,Govt Health Center,Mumbai,56,83,1.8,1
Dr. Ravi Kumar,Cardiology,14,28-07-2031,Govt Health Center,Kolkata,88,373,0.93,0
Dr. Anil Mehra,Pediatrics,15,29-07-2031,Metro Hospital,Chennai,31,88,0.65,0
Dr. Anil Mehra,Cardiology,13,30-07-2031,Govt Health Center,Mumbai,89,274,0.81,0
Dr. Ravi Kumar,Orthopedics,15,31-07-2031,City Hospital,Kolkata,97,178,0.76,0
Dr. Anil Mehra,Cardiology,14,01-08-2031,City Hospital,Mumbai,12,182,0.86,0
Dr. Anil Mehra,Pediatrics,9,02-08-2031,Govt Health Center,Kolkata,10,89,0.85,0
Dr. Rohit Verma,Orthopedics,13,03-08-2031,Govt Health Center,New Delhi,62,368,1.22,0
Dr. Swati Desai,Pediatrics,16,04-08-2031,City Hospital,Chennai,73,434,0.98,0
Dr. Anil Mehra,Cardiology,13,05-08-2031,Govt Health Center,Mumbai,53,468,1.34,0
Dr. Rohit Verma,Dermatology,11,06-08-2031,City Hospital,Chennai,56,270,1.02,1
Dr. Swati Desai,Dermatology,14,07-08-2031,City Hospital,New Delhi,47,450,1.72,0
Dr. Ravi Kumar,Dermatology,10,08-08-2031,Govt Health Center,New Delhi,72,143,1.93,1
Dr. Rohit Verma,Dermatology,12,09-08-2031,Govt Health Center,Chennai,90,148,1.11,1
Dr. Rohit Verma,Pediatrics,8,10-08-2031,Metro Hospital,Mumbai,50,109,0.57,0
Dr. Swati Desai,Dermatology,17,11-08-2031,Metro Hospital,Mumbai,30,178,0.86,0
Dr. Ravi Kumar,Pediatrics,10,12-08-2031,Metro Hospital,Mumbai,54,181,0.65,0
Dr. Rohit Verma,Orthopedics,15,13-08-2031,Metro Hospital,Chennai,22,442,1.02,0
Dr. Anil Mehra,Dermatology,16,14-08-2031,Metro Hospital,Mumbai,75,350,1.47,0
Dr. Anil Mehra,Pediatrics,16,15-08-2031,City Hospital,Mumbai,75,465,1.28,0
Dr. Anil Mehra,Dermatology,17,16-08-2031,Govt Health Center,Kolkata,52,118,0.86,0
Dr. Ravi Kumar,Dermatology,9,17-08-2031,City Hospital,Mumbai,71,63,1.65,1
Dr. Rohit Verma,Dermatology,11,18-08-2031,Metro Hospital,New Delhi,98,484,0.7,0
Dr. Anil Mehra,Pediatrics,12,19-08-2031,Metro Hospital,Mumbai,57,200,0.84,0
Dr. Ravi Kumar,Cardiology,10,20-08-2031,Govt Health Center,Chennai,35,223,1.51,1
Dr. Anil Mehra,Dermatology,8,21-08-2031,City Hospital,Chennai,70,460,0.8,0
Dr. Swati Desai,Dermatology,13,22-08-2031,Metro Hospital,Mumbai,71,394,1.52,0
Dr. Rohit Verma,Orthopedics,17,23-08-2031,Metro Hospital,Chennai,91,341,1.97,0
Dr. Rohit Verma,Cardiology,9,24-08-2031,Metro Hospital,Chennai,23,245,1.75,1
Dr. Ravi Kumar,Pediatrics,16,25-08-2031,Metro Hospital,Mumbai,63,81,0.74,0
Dr. Ravi Kumar,Orthopedics,8,26-08-2031,City Hospital,Kolkata,50,122,1.28,1
Dr. Rohit Verma,Dermatology,16,27-08-2031,City Hospital,Kolkata,69,243,1.13,1
Dr. Anil Mehra,Orthopedics,14,28-08-2031,Metro Hospital,Kolkata,18,475,1.99,0
Dr. Anil Mehra,Orthopedics,17,29-08-2031,City Hospital,Kolkata,53,99,1.95,1
Dr. Swati Desai,Dermatology,9,30-08-2031,Metro Hospital,New Delhi,65,106,0.69,0
Dr. Anil Mehra,Cardiology,13,31-08-2031,Govt Health Center,Mumbai,12,166,1.86,1
Dr. Ravi Kumar,Cardiology,15,01-09-2031,Govt Health Center,Chennai,68,241,0.79,0
Dr. Ravi Kumar,Orthopedics,9,02-09-2031,Govt Health Center,Chennai,82,479,0.98,0
Dr. Anil Mehra,Dermatology,12,03-09-2031,City Hospital,Mumbai,22,266,1.03,1
Dr. Ravi Kumar,Pediatrics,13,04-09-2031,Metro Hospital,Chennai,39,160,0.93,0
Dr. Rohit Verma,Orthopedics,10,05-09-2031,Govt Health Center,New Delhi,62,138,1.78,1
Dr. Rohit Verma,Pediatrics,9,06-09-2031,Govt Health Center,Kolkata,89,409,0.99,0
Dr. Anil Mehra,Orthopedics,13,07-09-2031,City Hospital,Mumbai,60,359,1.73,0
Dr. Rohit Verma,Orthopedics,10,08-09-2031,City Hospital,Chennai,51,358,1.99,0
Dr. Rohit Verma,Dermatology,9,09-09-2031,Govt Health Center,New Delhi,35,206,1.76,1
Dr. Swati Desai,Dermatology,8,10-09-2031,Metro Hospital,Chennai,68,470,1.02,0
Dr. Swati Desai,Pediatrics,15,11-09-2031,Metro Hospital,New Delhi,78,118,1.57,1
Dr. Rohit Verma,Pediatrics,8,12-09-2031,Metro Hospital,Chennai,88,319,1.3,0
Dr. Anil Mehra,Cardiology,12,13-09-2031,Govt Health Center,Kolkata,12,274,1.68,1
Dr. Swati Desai,Dermatology,13,14-09-2031,City Hospital,Mumbai,50,460,0.73,0
Dr. Ravi Kumar,Orthopedics,10,15-09-2031,Metro Hospital,Kolkata,10,54,1.46,1
Dr. Ravi Kumar,Orthopedics,14,16-09-2031,Govt Health Center,Kolkata,74,292,1.66,1
Dr. Ravi Kumar,Cardiology,9,17-09-2031,Govt Health Center,Chennai,79,167,1.64,1
Dr. Anil Mehra,Dermatology,14,18-09-2031,City Hospital,Kolkata,84,221,1.95,1
Dr. Rohit Verma,Orthopedics,9,19-09-2031,Metro Hospital,Mumbai,59,192,0.59,0
Dr. Ravi Kumar,Cardiology,12,20-09-2031,Govt Health Center,New Delhi,89,372,1.02,0
Dr. Anil Mehra,Cardiology,14,21-09-2031,Metro Hospital,New Delhi,97,306,1.21,0
Dr. Swati Desai,Orthopedics,10,22-09-2031,Metro Hospital,Chennai,68,457,0.96,0
Dr. Rohit Verma,Orthopedics,11,23-09-2031,Metro Hospital,Mumbai,83,414,0.96,0
Dr. Swati Desai,Pediatrics,8,24-09-2031,Govt Health Center,Mumbai,72,367,0.76,0
Dr. Anil Mehra,Dermatology,10,25-09-2031,Metro Hospital,New Delhi,34,127,1.72,1
Dr. Ravi Kumar,Pediatrics,16,26-09-2031,City Hospital,New Delhi,19,106,1.86,1
Dr. Ravi Kumar,Cardiology,17,27-09-2031,Govt Health Center,Kolkata,86,69,0.62,0
Dr. Anil Mehra,Orthopedics,12,28-09-2031,Govt Health Center,Chennai,10,491,0.73,0
Dr. Ravi Kumar,Pediatrics,15,29-09-2031,Metro Hospital,New Delhi,23,63,0.84,0
Dr. Rohit Verma,Cardiology,9,30-09-2031,Metro Hospital,New Delhi,30,255,1.26,1
Dr. Anil Mehra,Dermatology,10,01-10-2031,Metro Hospital,Mumbai,67,286,1.69,1
Dr. Swati Desai,Orthopedics,14,02-10-2031,Govt Health Center,Mumbai,47,230,0.61,0
Dr. Anil Mehra,Pediatrics,17,03-10-2031,City Hospital,Mumbai,10,340,1.46,0
Dr. Rohit Verma,Dermatology,11,04-10-2031,City Hospital,New Delhi,93,495,0.72,0
Dr. Rohit Verma,Pediatrics,16,05-10-2031,Govt Health Center,Chennai,14,238,1.96,1
Dr. Anil Mehra,Cardiology,14,06-10-2031,City Hospital,Kolkata,53,196,1.85,1
Dr. Anil Mehra,Dermatology,8,07-10-2031,Metro Hospital,Chennai,74,389,1.92,0
Dr. Ravi Kumar,Pediatrics,11,08-10-2031,Govt Health Center,New Delhi,66,91,0.66,0
Dr. Rohit Verma,Dermatology,17,09-10-2031,City Hospital,Kolkata,54,477,1.23,0
Dr. Anil Mehra,Cardiology,13,10-10-2031,Govt Health Center,Chennai,69,403,0.75,0
Dr. Anil Mehra,Dermatology,13,11-10-2031,City Hospital,New Delhi,75,50,1.4,1
Dr. Rohit Verma,Pediatrics,17,12-10-2031,Govt Health Center,Chennai,56,373,0.85,0
Dr. Anil Mehra,Cardiology,13,13-10-2031,City Hospital,New Delhi,35,153,1.66,1
Dr. Ravi Kumar,Orthopedics,12,14-10-2031,Govt Health Center,Mumbai,18,304,1.47,0
Dr. Rohit Verma,Pediatrics,10,15-10-2031,Govt Health Center,Chennai,60,258,1.36,1
Dr. Ravi Kumar,Pediatrics,9,16-10-2031,Govt Health Center,Mumbai,17,267,1.74,1
Dr. Ravi Kumar,Cardiology,10,17-10-2031,Govt Health Center,Mumbai,14,127,1.25,1
Dr. Ravi Kumar,Cardiology,16,18-10-2031,Govt Health Center,Kolkata,48,479,0.9,0
Dr. Ravi Kumar,Orthopedics,10,19-10-2031,Metro Hospital,Kolkata,77,100,1.43,1
Dr. Rohit Verma,Pediatrics,10,20-10-2031,Govt Health Center,Chennai,49,337,1.94,0
Dr. Ravi Kumar,Cardiology,8,21-10-2031,Govt Health Center,New Delhi,45,149,1.4,1
Dr. Ravi Kumar,Orthopedics,9,22-10-2031,Govt Health Center,Kolkata,30,261,1.44,1
Dr. Anil Mehra,Orthopedics,10,23-10-2031,City Hospital,Kolkata,35,452,1.9,0
Dr. Rohit Verma,Cardiology,9,24-10-2031,Govt Health Center,Mumbai,84,286,1.27,1
Dr. Rohit Verma,Pediatrics,15,25-10-2031,Metro Hospital,Mumbai,94,344,1.99,0
Dr. Swati Desai,Dermatology,13,26-10-2031,Govt Health Center,New Delhi,95,447,0.74,0
Dr. Rohit Verma,Dermatology,14,27-10-2031,City Hospital,Kolkata,65,206,1.31,1
Dr. Rohit Verma,Orthopedics,8,28-10-2031,City Hospital,Kolkata,66,347,0.82,0
Dr. Swati Desai,Dermatology,13,29-10-2031,Govt Health Center,New Delhi,68,63,1.18,1
Dr. Rohit Verma,Dermatology,9,30-10-2031,Govt Health Center,Kolkata,16,165,0.76,0
Dr. Rohit Verma,Cardiology,13,31-10-2031,Govt Health Center,Chennai,51,188,0.83,0
Dr. Rohit Verma,Orthopedics,10,01-11-2031,Govt Health Center,Chennai,22,124,0.82,0
Dr. Rohit Verma,Pediatrics,14,02-11-2031,City Hospital,New Delhi,93,352,0.98,0
Dr. Swati Desai,Orthopedics,10,03-11-2031,Govt Health Center,Mumbai,88,409,0.7,0
Dr. Rohit Verma,Cardiology,16,04-11-2031,City Hospital,New Delhi,43,73,1.71,1
Dr. Rohit Verma,Dermatology,10,05-11-2031,City Hospital,Chennai,62,455,0.83,0
Dr. Swati Desai,Pediatrics,14,06-11-2031,Metro Hospital,Kolkata,55,226,1.12,1
Dr. Anil Mehra,Orthopedics,11,07-11-2031,City Hospital,Kolkata,66,488,0.52,0
Dr. Ravi Kumar,Dermatology,15,08-11-2031,Govt Health Center,Mumbai,70,104,0.66,0
Dr. Anil Mehra,Orthopedics,9,09-11-2031,Govt Health Center,Mumbai,98,262,1.84,1
Dr. Swati Desai,Pediatrics,15,10-11-2031,Govt Health Center,Chennai,65,375,1.76,0
Dr. Ravi Kumar,Orthopedics,16,11-11-2031,Govt Health Center,Mumbai,38,383,1.76,0
Dr. Swati Desai,Orthopedics,15,12-11-2031,Metro Hospital,New Delhi,23,378,1.12,0
Dr. Swati Desai,Orthopedics,13,13-11-2031,Metro Hospital,Chennai,77,212,0.71,0
Dr. Rohit Verma,Dermatology,17,14-11-2031,Metro Hospital,Kolkata,80,349,0.66,0
Dr. Ravi Kumar,Pediatrics,8,15-11-2031,Metro Hospital,Kolkata,22,213,1.41,1
Dr. Rohit Verma,Pediatrics,14,16-11-2031,City Hospital,Kolkata,26,138,1.74,1
Dr. Ravi Kumar,Dermatology,8,17-11-2031,Metro Hospital,Mumbai,38,64,1.85,1
Dr. Swati Desai,Dermatology,14,18-11-2031,City Hospital,Chennai,90,350,0.93,0
Dr. Swati Desai,Dermatology,9,19-11-2031,Govt Health Center,Mumbai,92,171,0.98,0
Dr. Anil Mehra,Cardiology,15,20-11-2031,City Hospital,New Delhi,99,367,0.65,0
Dr. Ravi Kumar,Orthopedics,9,21-11-2031,City Hospital,Chennai,82,397,1.66,0
Dr. Rohit Verma,Orthopedics,10,22-11-2031,Metro Hospital,Mumbai,11,227,0.91,0
Dr. Anil Mehra,Pediatrics,10,23-11-2031,Govt Health Center,Kolkata,71,318,1.22,0
Dr. Anil Mehra,Orthopedics,8,24-11-2031,Govt Health Center,Kolkata,29,154,1.89,1
Dr. Anil Mehra,Cardiology,12,25-11-2031,Metro Hospital,New Delhi,96,208,1.63,1
Dr. Rohit Verma,Dermatology,12,26-11-2031,City Hospital,New Delhi,91,54,0.58,0
Dr. Anil Mehra,Pediatrics,17,27-11-2031,Metro Hospital,New Delhi,65,388,0.51,0
Dr. Rohit Verma,Pediatrics,12,28-11-2031,City Hospital,Kolkata,99,441,1.68,0
Dr. Anil Mehra,Orthopedics,16,29-11-2031,Metro Hospital,Mumbai,61,190,1.33,1
Dr. Rohit Verma,Pediatrics,13,30-11-2031,Metro Hospital,Kolkata,34,218,1.58,1
Dr. Swati Desai,Dermatology,13,01-12-2031,Govt Health Center,Kolkata,71,66,0.74,0
Dr. Swati Desai,Pediatrics,10,02-12-2031,Govt Health Center,Kolkata,26,81,1.81,1
Dr. Swati Desai,Dermatology,12,03-12-2031,Govt Health Center,Mumbai,48,54,1.66,1
Dr. Swati Desai,Cardiology,17,04-12-2031,Metro Hospital,Kolkata,19,431,1.84,0
Dr. Swati Desai,Cardiology,14,05-12-2031,Govt Health Center,New Delhi,68,186,1.01,1
Dr. Anil Mehra,Dermatology,10,06-12-2031,Govt Health Center,New Delhi,34,156,0.91,0
Dr. Anil Mehra,Orthopedics,9,07-12-2031,Metro Hospital,New Delhi,37,211,0.73,0
Dr. Anil Mehra,Pediatrics,12,08-12-2031,Govt Health Center,New Delhi,99,306,1.9,0
Dr. Rohit Verma,Orthopedics,10,09-12-2031,City Hospital,Kolkata,85,217,0.77,0
Dr. Rohit Verma,Pediatrics,12,10-12-2031,Govt Health Center,Kolkata,70,487,0.68,0
Dr. Rohit Verma,Cardiology,16,11-12-2031,City Hospital,Kolkata,67,431,0.79,0
Dr. Rohit Verma,Cardiology,17,12-12-2031,Govt Health Center,New Delhi,53,337,1.66,0
Dr. Swati Desai,Cardiology,8,13-12-2031,Metro Hospital,Mumbai,92,431,1.83,0
Dr. Swati Desai,Pediatrics,11,14-12-2031,Metro Hospital,Chennai,32,404,1.72,0
Dr. Swati Desai,Cardiology,17,15-12-2031,Govt Health Center,Chennai,87,294,1.34,1
Dr. Ravi Kumar,Cardiology,12,16-12-2031,City Hospital,Chennai,26,162,1.99,1
Dr. Anil Mehra,Cardiology,9,17-12-2031,Govt Health Center,Mumbai,88,227,0.6,0
Dr. Rohit Verma,Cardiology,9,18-12-2031,Metro Hospital,Kolkata,94,492,1.8,0
Dr. Rohit Verma,Orthopedics,8,19-12-2031,Govt Health Center,Chennai,47,239,1.14,1
Dr. Swati Desai,Cardiology,15,20-12-2031,Metro Hospital,Chennai,39,60,1.18,1
Dr. Rohit Verma,Cardiology,9,21-12-2031,City Hospital,Kolkata,28,72,0.69,0
Dr. Rohit Verma,Orthopedics,10,22-12-2031,City Hospital,Chennai,41,168,0.55,0
Dr. Anil Mehra,Orthopedics,9,23-12-2031,Metro Hospital,Kolkata,95,331,0.97,0
Dr. Swati Desai,Pediatrics,11,24-12-2031,City Hospital,Chennai,29,368,0.76,0
Dr. Anil Mehra,Dermatology,8,25-12-2031,Metro Hospital,Kolkata,73,479,1.23,0
Dr. Ravi Kumar,Cardiology,10,26-12-2031,Metro Hospital,New Delhi,45,118,0.72,0
Dr. Ravi Kumar,Cardiology,12,27-12-2031,Metro Hospital,Mumbai,74,395,0.71,0
Dr. Ravi Kumar,Cardiology,17,28-12-2031,Govt Health Center,Chennai,92,183,1.82,1
Dr. Swati Desai,Pediatrics,8,29-12-2031,City Hospital,Kolkata,52,302,1.88,0
Dr. Rohit Verma,Cardiology,11,30-12-2031,Govt Health Center,New Delhi,35,100,1.95,1
Dr. Swati Desai,Dermatology,13,31-12-2031,Govt Health Center,Kolkata,16,92,1.52,1
Dr. Swati Desai,Orthopedics,11,01-01-2032,City Hospital,Chennai,43,475,1.66,0
Dr. Rohit Verma,Pediatrics,14,02-01-2032,Govt Health Center,Chennai,45,190,1.75,1
Dr. Anil Mehra,Orthopedics,14,03-01-2032,Metro Hospital,Chennai,15,74,1.49,1
Dr. Ravi Kumar,Cardiology,13,04-01-2032,Govt Health Center,Chennai,46,435,1,0
Dr. Anil Mehra,Cardiology,16,05-01-2032,Metro Hospital,Chennai,71,319,0.73,0
Dr. Ravi Kumar,Cardiology,9,06-01-2032,City Hospital,New Delhi,95,450,0.86,0
Dr. Swati Desai,Dermatology,17,07-01-2032,Govt Health Center,Kolkata,82,410,1.76,0
Dr. Ravi Kumar,Dermatology,15,08-01-2032,City Hospital,Kolkata,69,153,1.54,1
Dr. Swati Desai,Pediatrics,15,09-01-2032,Metro Hospital,Chennai,73,473,1.18,0
Dr. Anil Mehra,Orthopedics,17,10-01-2032,Govt Health Center,Kolkata,59,344,0.54,0
Dr. Swati Desai,Cardiology,11,11-01-2032,Metro Hospital,New Delhi,61,202,0.9,0
Dr. Anil Mehra,Cardiology,13,12-01-2032,Metro Hospital,Chennai,26,353,1.59,0
Dr. Rohit Verma,Cardiology,13,13-01-2032,Metro Hospital,Mumbai,69,420,1.27,0
Dr. Rohit Verma,Cardiology,12,14-01-2032,City Hospital,New Delhi,86,354,1.15,0
Dr. Rohit Verma,Dermatology,8,15-01-2032,City Hospital,Chennai,90,210,0.97,0
Dr. Swati Desai,Orthopedics,10,16-01-2032,City Hospital,Kolkata,63,332,1.41,0
Dr. Rohit Verma,Orthopedics,14,17-01-2032,Govt Health Center,New Delhi,19,94,1.95,1
Dr. Ravi Kumar,Pediatrics,15,18-01-2032,Metro Hospital,Chennai,34,336,1.85,0
Dr. Anil Mehra,Dermatology,9,19-01-2032,City Hospital,Kolkata,27,368,0.55,0
Dr. Anil Mehra,Cardiology,10,20-01-2032,Metro Hospital,Kolkata,73,417,1.22,0
Dr. Ravi Kumar,Orthopedics,11,21-01-2032,City Hospital,Chennai,88,215,0.99,0
Dr. Swati Desai,Orthopedics,12,22-01-2032,Metro Hospital,New Delhi,68,256,1.27,1
Dr. Swati Desai,Dermatology,10,23-01-2032,City Hospital,Chennai,36,157,1.41,1
Dr. Anil Mehra,Pediatrics,12,24-01-2032,City Hospital,Chennai,67,473,0.8,0
Dr. Rohit Verma,Pediatrics,15,25-01-2032,City Hospital,Chennai,70,491,1.67,0
Dr. Swati Desai,Cardiology,15,26-01-2032,City Hospital,Chennai,92,114,1.21,1
Dr. Swati Desai,Pediatrics,9,27-01-2032,Metro Hospital,Chennai,88,316,1.99,0
Dr. Ravi Kumar,Orthopedics,13,28-01-2032,City Hospital,Kolkata,80,448,0.54,0
Dr. Ravi Kumar,Pediatrics,11,29-01-2032,City Hospital,Chennai,52,402,0.78,0
Dr. Rohit Verma,Cardiology,16,30-01-2032,City Hospital,New Delhi,89,234,1.53,1
Dr. Swati Desai,Orthopedics,17,31-01-2032,Metro Hospital,Mumbai,97,417,1.54,0
Dr. Swati Desai,Pediatrics,9,01-02-2032,City Hospital,Chennai,96,273,1.37,1
Dr. Ravi Kumar,Pediatrics,15,02-02-2032,Metro Hospital,New Delhi,20,202,1.96,1
Dr. Swati Desai,Dermatology,8,03-02-2032,Govt Health Center,Mumbai,97,472,1.12,0
Dr. Anil Mehra,Cardiology,13,04-02-2032,Metro Hospital,New Delhi,14,338,1.13,0
Dr. Ravi Kumar,Pediatrics,17,05-02-2032,Govt Health Center,Kolkata,67,334,1.87,0
Dr. Rohit Verma,Dermatology,8,06-02-2032,City Hospital,Kolkata,48,235,1.31,1
Dr. Ravi Kumar,Orthopedics,9,07-02-2032,City Hospital,Mumbai,57,275,1.03,1
Dr. Swati Desai,Dermatology,10,08-02-2032,Metro Hospital,Mumbai,89,249,1.58,1
Dr. Rohit Verma,Dermatology,16,09-02-2032,City Hospital,Mumbai,29,60,1.43,1
Dr. Ravi Kumar,Pediatrics,12,10-02-2032,City Hospital,Kolkata,90,446,0.96,0
Dr. Anil Mehra,Pediatrics,17,11-02-2032,Metro Hospital,Kolkata,28,374,0.95,0
Dr. Anil Mehra,Pediatrics,17,12-02-2032,City Hospital,New Delhi,69,326,1.09,0
Dr. Ravi Kumar,Dermatology,9,13-02-2032,Govt Health Center,Kolkata,35,52,0.61,0
Dr. Anil Mehra,Orthopedics,17,14-02-2032,Govt Health Center,Mumbai,88,459,1.91,0
Dr. Anil Mehra,Cardiology,12,15-02-2032,City Hospital,Chennai,34,466,0.77,0
Dr. Anil Mehra,Dermatology,12,16-02-2032,City Hospital,Chennai,24,399,0.79,0
Dr. Rohit Verma,Pediatrics,8,17-02-2032,Govt Health Center,Mumbai,93,327,1.47,0
Dr. Anil Mehra,Cardiology,10,18-02-2032,City Hospital,Kolkata,30,111,1.59,1
Dr. Anil Mehra,Orthopedics,12,19-02-2032,Govt Health Center,Mumbai,56,54,1.61,1
Dr. Anil Mehra,Cardiology,16,20-02-2032,Metro Hospital,Kolkata,44,452,1.06,0
Dr. Rohit Verma,Pediatrics,17,21-02-2032,Govt Health Center,Chennai,53,58,1.81,1
Dr. Ravi Kumar,Dermatology,8,22-02-2032,City Hospital,New Delhi,15,107,1.32,1
Dr. Swati Desai,Dermatology,15,23-02-2032,City Hospital,Kolkata,84,329,1.16,0
Dr. Anil Mehra,Pediatrics,8,24-02-2032,Govt Health Center,New Delhi,32,472,1.72,0
Dr. Ravi Kumar,Dermatology,16,25-02-2032,Govt Health Center,Chennai,48,287,0.87,0
Dr. Anil Mehra,Pediatrics,13,26-02-2032,City Hospital,New Delhi,82,366,1.79,0
Dr. Rohit Verma,Dermatology,8,27-02-2032,City Hospital,New Delhi,27,176,1.31,1
Dr. Ravi Kumar,Dermatology,15,28-02-2032,City Hospital,Mumbai,49,353,1.85,0
Dr. Rohit Verma,Dermatology,12,29-02-2032,Metro Hospital,New Delhi,45,286,0.8,0
Dr. Anil Mehra,Orthopedics,14,01-03-2032,Metro Hospital,Chennai,37,268,1.9,1
Dr. Anil Mehra,Orthopedics,14,02-03-2032,Govt Health Center,Kolkata,73,227,1.53,1
Dr. Rohit Verma,Pediatrics,14,03-03-2032,Govt Health Center,New Delhi,92,367,1.43,0
Dr. Swati Desai,Orthopedics,13,04-03-2032,Metro Hospital,Kolkata,67,486,1.13,0
Dr. Rohit Verma,Pediatrics,15,05-03-2032,Metro Hospital,Mumbai,47,198,1.93,1
Dr. Anil Mehra,Cardiology,16,06-03-2032,Govt Health Center,Chennai,88,87,1.17,1
Dr. Rohit Verma,Cardiology,9,07-03-2032,Metro Hospital,Chennai,53,167,1.25,1
Dr. Swati Desai,Orthopedics,14,08-03-2032,Govt Health Center,Kolkata,85,364,1.67,0
Dr. Rohit Verma,Cardiology,9,09-03-2032,City Hospital,Chennai,11,146,0.93,0
Dr. Swati Desai,Cardiology,13,10-03-2032,Govt Health Center,Mumbai,82,476,0.94,0
Dr. Swati Desai,Dermatology,9,11-03-2032,Metro Hospital,Kolkata,44,66,1.66,1
Dr. Rohit Verma,Dermatology,17,12-03-2032,Metro Hospital,Chennai,10,374,0.69,0
Dr. Rohit Verma,Pediatrics,13,13-03-2032,Metro Hospital,Mumbai,55,477,1.73,0
Dr. Ravi Kumar,Cardiology,9,14-03-2032,Govt Health Center,Mumbai,69,496,1.44,0
Dr. Anil Mehra,Pediatrics,8,15-03-2032,Metro Hospital,New Delhi,72,328,1.31,0
Dr. Swati Desai,Pediatrics,14,16-03-2032,Govt Health Center,Chennai,54,408,0.84,0
Dr. Ravi Kumar,Cardiology,10,17-03-2032,City Hospital,Kolkata,66,203,1.68,1
Dr. Rohit Verma,Orthopedics,11,18-03-2032,City Hospital,New Delhi,46,143,1.71,1
Dr. Anil Mehra,Cardiology,13,19-03-2032,Metro Hospital,Kolkata,16,481,1.22,0
Dr. Ravi Kumar,Dermatology,12,20-03-2032,Govt Health Center,New Delhi,25,224,1.08,1
Dr. Swati Desai,Cardiology,11,21-03-2032,Govt Health Center,Mumbai,59,351,0.87,0
Dr. Ravi Kumar,Orthopedics,16,22-03-2032,Metro Hospital,New Delhi,23,78,1.63,1
Dr. Swati Desai,Pediatrics,13,23-03-2032,Govt Health Center,New Delhi,15,83,1.46,1
Dr. Rohit Verma,Pediatrics,13,24-03-2032,Metro Hospital,New Delhi,70,59,0.81,0
Dr. Anil Mehra,Dermatology,9,25-03-2032,Metro Hospital,Chennai,30,325,1.69,0
Dr. Anil Mehra,Dermatology,13,26-03-2032,City Hospital,New Delhi,19,339,1.82,0
Dr. Anil Mehra,Dermatology,14,27-03-2032,Metro Hospital,Mumbai,41,150,0.59,0
Dr. Rohit Verma,Pediatrics,15,28-03-2032,Govt Health Center,Kolkata,15,190,1.66,1
Dr. Swati Desai,Dermatology,15,29-03-2032,Metro Hospital,Chennai,11,136,1.78,1
Dr. Rohit Verma,Cardiology,16,30-03-2032,City Hospital,Mumbai,48,443,1.99,0
Dr. Anil Mehra,Pediatrics,17,31-03-2032,City Hospital,Chennai,58,350,0.86,0
Dr. Rohit Verma,Orthopedics,10,01-04-2032,Govt Health Center,Kolkata,36,177,1.06,1
Dr. Rohit Verma,Pediatrics,17,02-04-2032,Metro Hospital,Kolkata,65,255,1.95,1
Dr. Rohit Verma,Cardiology,14,03-04-2032,Govt Health Center,Kolkata,23,138,0.64,0
Dr. Swati Desai,Cardiology,14,04-04-2032,Govt Health Center,Chennai,32,131,1.29,1
Dr. Ravi Kumar,Dermatology,8,05-04-2032,Metro Hospital,Chennai,94,261,1.26,1
Dr. Ravi Kumar,Pediatrics,15,06-04-2032,City Hospital,Kolkata,60,168,1.41,1
Dr. Rohit Verma,Pediatrics,11,07-04-2032,Govt Health Center,Kolkata,34,397,1,0
Dr. Ravi Kumar,Pediatrics,12,08-04-2032,Govt Health Center,Mumbai,62,185,1.89,1
Dr. Ravi Kumar,Orthopedics,13,09-04-2032,City Hospital,Kolkata,97,310,0.91,0
Dr. Rohit Verma,Dermatology,10,10-04-2032,Metro Hospital,New Delhi,20,325,1.47,0
Dr. Rohit Verma,Cardiology,12,11-04-2032,Metro Hospital,Chennai,44,426,1.24,0
Dr. Anil Mehra,Cardiology,17,12-04-2032,Metro Hospital,Mumbai,64,477,0.9,0
Dr. Ravi Kumar,Dermatology,12,13-04-2032,City Hospital,Chennai,67,257,0.78,0
Dr. Swati Desai,Cardiology,8,14-04-2032,Govt Health Center,Kolkata,77,363,1.93,0
Dr. Rohit Verma,Cardiology,10,15-04-2032,City Hospital,New Delhi,46,453,1.34,0
Dr. Anil Mehra,Dermatology,10,16-04-2032,Govt Health Center,Kolkata,86,292,1.41,1
Dr. Swati Desai,Cardiology,8,17-04-2032,Govt Health Center,Chennai,18,394,1.67,0
Dr. Ravi Kumar,Pediatrics,14,18-04-2032,Metro Hospital,Mumbai,37,149,0.62,0
Dr. Anil Mehra,Orthopedics,8,19-04-2032,Metro Hospital,Chennai,64,164,1.57,1
Dr. Rohit Verma,Dermatology,14,20-04-2032,Metro Hospital,Mumbai,55,379,0.75,0
Dr. Swati Desai,Orthopedics,11,21-04-2032,City Hospital,New Delhi,89,473,1.61,0
Dr. Rohit Verma,Cardiology,16,22-04-2032,Metro Hospital,Kolkata,79,65,0.71,0
Dr. Ravi Kumar,Cardiology,14,23-04-2032,City Hospital,Kolkata,36,53,1.75,1
Dr. Swati Desai,Pediatrics,12,24-04-2032,Metro Hospital,New Delhi,19,315,1.52,0
Dr. Ravi Kumar,Dermatology,14,25-04-2032,Metro Hospital,Chennai,32,484,1.08,0
Dr. Ravi Kumar,Cardiology,16,26-04-2032,Metro Hospital,New Delhi,30,97,1.04,1
Dr. Anil Mehra,Dermatology,17,27-04-2032,City Hospital,Kolkata,99,272,0.72,0
Dr. Rohit Verma,Dermatology,13,28-04-2032,Govt Health Center,Mumbai,54,253,1.86,1
Dr. Swati Desai,Dermatology,8,29-04-2032,City Hospital,Kolkata,12,69,0.68,0
Dr. Ravi Kumar,Dermatology,13,30-04-2032,City Hospital,Chennai,68,337,1.21,0
Dr. Ravi Kumar,Dermatology,8,01-05-2032,City Hospital,Mumbai,52,243,0.85,0
Dr. Swati Desai,Orthopedics,11,02-05-2032,Govt Health Center,Chennai,16,365,1.99,0
Dr. Ravi Kumar,Pediatrics,15,03-05-2032,City Hospital,Kolkata,36,60,1.38,1
Dr. Anil Mehra,Dermatology,12,04-05-2032,Metro Hospital,Kolkata,71,69,0.72,0
Dr. Anil Mehra,Orthopedics,12,05-05-2032,Govt Health Center,Mumbai,51,328,1.5,0
Dr. Anil Mehra,Cardiology,17,06-05-2032,City Hospital,Chennai,13,432,1.99,0
Dr. Anil Mehra,Dermatology,15,07-05-2032,City Hospital,Mumbai,99,382,1.41,0
Dr. Ravi Kumar,Cardiology,15,08-05-2032,Govt Health Center,Mumbai,71,84,1.19,1
Dr. Swati Desai,Dermatology,8,09-05-2032,City Hospital,Chennai,17,450,0.94,0
Dr. Swati Desai,Orthopedics,12,10-05-2032,Govt Health Center,Mumbai,93,315,0.64,0
Dr. Swati Desai,Orthopedics,12,11-05-2032,Metro Hospital,New Delhi,26,281,0.84,0
Dr. Swati Desai,Orthopedics,15,12-05-2032,City Hospital,Mumbai,14,87,1.33,1
Dr. Rohit Verma,Pediatrics,8,13-05-2032,City Hospital,Kolkata,72,132,1.63,1
Dr. Swati Desai,Cardiology,14,14-05-2032,Metro Hospital,Chennai,18,81,1.82,1
Dr. Rohit Verma,Pediatrics,14,15-05-2032,City Hospital,Kolkata,17,103,1.69,1
Dr. Rohit Verma,Dermatology,16,16-05-2032,City Hospital,New Delhi,16,274,0.69,0
Dr. Anil Mehra,Cardiology,9,17-05-2032,Govt Health Center,New Delhi,46,362,1.66,0
Dr. Rohit Verma,Orthopedics,10,18-05-2032,City Hospital,Mumbai,64,156,1.37,1
Dr. Ravi Kumar,Cardiology,11,19-05-2032,Metro Hospital,Kolkata,76,74,1.2,1
Dr. Rohit Verma,Orthopedics,8,20-05-2032,City Hospital,Mumbai,17,447,1.36,0
Dr. Anil Mehra,Pediatrics,14,21-05-2032,Govt Health Center,Mumbai,78,94,0.51,0
Dr. Rohit Verma,Pediatrics,17,22-05-2032,Metro Hospital,Kolkata,14,477,0.6,0
Dr. Ravi Kumar,Orthopedics,10,23-05-2032,Metro Hospital,New Delhi,26,167,1.29,1
Dr. Ravi Kumar,Orthopedics,10,24-05-2032,Metro Hospital,New Delhi,67,343,0.76,0
Dr. Ravi Kumar,Dermatology,10,25-05-2032,Metro Hospital,New Delhi,72,174,1.32,1
Dr. Anil Mehra,Pediatrics,15,26-05-2032,Govt Health Center,Chennai,36,85,1.03,1
Dr. Anil Mehra,Pediatrics,16,27-05-2032,Govt Health Center,Chennai,85,393,1.86,0
Dr. Swati Desai,Dermatology,17,28-05-2032,Govt Health Center,Mumbai,77,429,1.92,0
Dr. Anil Mehra,Pediatrics,9,29-05-2032,Govt Health Center,Chennai,37,472,1.97,0
Dr. Ravi Kumar,Orthopedics,17,30-05-2032,City Hospital,Chennai,98,216,1.85,1
Dr. Ravi Kumar,Cardiology,17,31-05-2032,Govt Health Center,Kolkata,67,318,1.98,0
Dr. Anil Mehra,Cardiology,8,01-06-2032,City Hospital,Mumbai,59,243,1.56,1
Dr. Rohit Verma,Pediatrics,16,02-06-2032,Metro Hospital,Mumbai,76,467,1.94,0
Dr. Anil Mehra,Dermatology,13,03-06-2032,City Hospital,Kolkata,40,173,1.46,1
Dr. Anil Mehra,Orthopedics,16,04-06-2032,City Hospital,New Delhi,21,320,1.71,0
Dr. Ravi Kumar,Cardiology,13,05-06-2032,City Hospital,Kolkata,64,107,0.7,0
Dr. Swati Desai,Orthopedics,9,06-06-2032,Govt Health Center,New Delhi,13,417,1.52,0
Dr. Ravi Kumar,Pediatrics,8,07-06-2032,Govt Health Center,Mumbai,51,108,1.9,1
Dr. Swati Desai,Pediatrics,15,08-06-2032,Metro Hospital,Mumbai,63,499,1.31,0
Dr. Ravi Kumar,Cardiology,10,09-06-2032,Govt Health Center,Chennai,31,357,0.78,0
Dr. Anil Mehra,Pediatrics,8,10-06-2032,City Hospital,Chennai,10,266,1.29,1
Dr. Ravi Kumar,Dermatology,15,11-06-2032,Govt Health Center,Kolkata,57,118,1.56,1
Dr. Ravi Kumar,Pediatrics,8,12-06-2032,Govt Health Center,Chennai,52,293,1.65,1
Dr. Ravi Kumar,Pediatrics,15,13-06-2032,City Hospital,Mumbai,29,152,1.29,1
Dr. Anil Mehra,Pediatrics,8,14-06-2032,Metro Hospital,Mumbai,27,54,0.83,0
Dr. Anil Mehra,Orthopedics,16,15-06-2032,Govt Health Center,New Delhi,79,348,1.89,0
Dr. Anil Mehra,Orthopedics,16,16-06-2032,Metro Hospital,Chennai,58,313,1.66,0
Dr. Anil Mehra,Cardiology,16,17-06-2032,City Hospital,New Delhi,85,290,0.91,0
Dr. Swati Desai,Cardiology,10,18-06-2032,Govt Health Center,Mumbai,26,383,1.72,0
Dr. Swati Desai,Cardiology,11,19-06-2032,Metro Hospital,Chennai,62,398,1.02,0
Dr. Rohit Verma,Pediatrics,12,20-06-2032,Metro Hospital,New Delhi,31,271,0.97,0
Dr. Anil Mehra,Orthopedics,13,21-06-2032,City Hospital,Mumbai,91,368,1.79,0
Dr. Swati Desai,Dermatology,16,22-06-2032,Govt Health Center,New Delhi,19,278,1.81,1
Dr. Ravi Kumar,Pediatrics,11,23-06-2032,Metro Hospital,Chennai,33,468,1.1,0
Dr. Anil Mehra,Pediatrics,13,24-06-2032,Metro Hospital,New Delhi,93,81,0.51,0
Dr. Rohit Verma,Pediatrics,8,25-06-2032,Metro Hospital,New Delhi,21,402,0.78,0
Dr. Rohit Verma,Dermatology,9,26-06-2032,Metro Hospital,Mumbai,13,423,1.86,0
Dr. Rohit Verma,Cardiology,15,27-06-2032,Metro Hospital,Chennai,51,73,1.85,1
Dr. Ravi Kumar,Dermatology,11,28-06-2032,Metro Hospital,Kolkata,14,355,1.18,0
Dr. Swati Desai,Cardiology,17,29-06-2032,Metro Hospital,Kolkata,35,423,0.96,0
Dr. Ravi Kumar,Dermatology,14,30-06-2032,Metro Hospital,New Delhi,68,236,0.95,0
Dr. Anil Mehra,Orthopedics,11,01-07-2032,Metro Hospital,Mumbai,71,498,1.85,0
Dr. Rohit Verma,Pediatrics,16,02-07-2032,Metro Hospital,Chennai,89,177,0.99,0
Dr. Ravi Kumar,Pediatrics,16,03-07-2032,Govt Health Center,Mumbai,14,161,1.27,1
Dr. Ravi Kumar,Pediatrics,11,04-07-2032,City Hospital,Chennai,35,343,1.6,0
Dr. Swati Desai,Cardiology,15,05-07-2032,City Hospital,Mumbai,92,471,0.81,0
Dr. Swati Desai,Dermatology,13,06-07-2032,City Hospital,Kolkata,15,198,0.88,0
Dr. Rohit Verma,Orthopedics,8,07-07-2032,Metro Hospital,Kolkata,33,200,1.04,1
Dr. Ravi Kumar,Dermatology,14,08-07-2032,City Hospital,Kolkata,62,223,1.48,1
Dr. Ravi Kumar,Pediatrics,8,09-07-2032,Metro Hospital,Mumbai,16,246,1.73,1
Dr. Swati Desai,Orthopedics,10,10-07-2032,Govt Health Center,Mumbai,19,304,1.32,0
Dr. Ravi Kumar,Orthopedics,15,11-07-2032,City Hospital,New Delhi,48,463,0.7,0
Dr. Ravi Kumar,Pediatrics,16,12-07-2032,Govt Health Center,Kolkata,95,217,1.17,1
Dr. Ravi Kumar,Dermatology,10,13-07-2032,Govt Health Center,New Delhi,87,131,0.69,0
Dr. Swati Desai,Pediatrics,8,14-07-2032,Metro Hospital,Mumbai,37,119,0.63,0
Dr. Rohit Verma,Dermatology,8,15-07-2032,City Hospital,Chennai,51,374,1.38,0
Dr. Anil Mehra,Orthopedics,14,16-07-2032,Govt Health Center,Kolkata,71,475,1.93,0
Dr. Rohit Verma,Orthopedics,12,17-07-2032,City Hospital,Kolkata,61,451,1.76,0
Dr. Anil Mehra,Pediatrics,8,18-07-2032,Govt Health Center,Kolkata,31,492,1.66,0
Dr. Ravi Kumar,Orthopedics,13,19-07-2032,Govt Health Center,Kolkata,66,62,1.59,1
Dr. Rohit Verma,Cardiology,13,20-07-2032,Metro Hospital,Kolkata,20,168,1.85,1
Dr. Anil Mehra,Orthopedics,11,21-07-2032,City Hospital,Mumbai,23,261,1.63,1
Dr. Swati Desai,Cardiology,14,22-07-2032,Metro Hospital,Kolkata,40,151,1.44,1
Dr. Swati Desai,Orthopedics,14,23-07-2032,Metro Hospital,Kolkata,13,326,1.05,0
Dr. Rohit Verma,Pediatrics,16,24-07-2032,Metro Hospital,New Delhi,31,245,0.65,0
Dr. Rohit Verma,Pediatrics,8,25-07-2032,Metro Hospital,Chennai,73,126,1.19,1
Dr. Ravi Kumar,Cardiology,12,26-07-2032,Metro Hospital,Kolkata,86,387,1.89,0
Dr. Rohit Verma,Pediatrics,17,27-07-2032,Govt Health Center,New Delhi,93,382,1.37,0
Dr. Ravi Kumar,Orthopedics,10,28-07-2032,City Hospital,Mumbai,92,254,0.78,0
Dr. Ravi Kumar,Orthopedics,14,29-07-2032,City Hospital,New Delhi,88,278,1.47,1
Dr. Swati Desai,Pediatrics,11,30-07-2032,Metro Hospital,Kolkata,99,238,1.2,1
Dr. Swati Desai,Orthopedics,11,31-07-2032,City Hospital,New Delhi,93,148,1.9,1
Dr. Anil Mehra,Dermatology,8,01-08-2032,Govt Health Center,New Delhi,70,471,0.74,0
Dr. Swati Desai,Dermatology,8,02-08-2032,Metro Hospital,Mumbai,15,473,1.57,0
Dr. Swati Desai,Orthopedics,17,03-08-2032,Govt Health Center,New Delhi,88,460,1.52,0
Dr. Rohit Verma,Pediatrics,9,04-08-2032,Govt Health Center,Mumbai,77,491,1.98,0
Dr. Swati Desai,Cardiology,9,05-08-2032,Metro Hospital,Mumbai,15,267,1.35,1
Dr. Anil Mehra,Pediatrics,8,06-08-2032,Govt Health Center,New Delhi,75,243,1.81,1
Dr. Rohit Verma,Cardiology,15,07-08-2032,Metro Hospital,Kolkata,45,92,0.54,0
Dr. Anil Mehra,Pediatrics,13,08-08-2032,Govt Health Center,Chennai,24,427,0.68,0
Dr. Swati Desai,Orthopedics,13,09-08-2032,City Hospital,New Delhi,85,173,1.02,1
Dr. Anil Mehra,Dermatology,17,10-08-2032,City Hospital,New Delhi,49,69,1.43,1
Dr. Rohit Verma,Pediatrics,17,11-08-2032,City Hospital,New Delhi,50,468,1.17,0
Dr. Ravi Kumar,Cardiology,16,12-08-2032,Metro Hospital,Chennai,16,360,0.8,0
Dr. Anil Mehra,Dermatology,12,13-08-2032,Govt Health Center,Chennai,31,379,1.38,0
Dr. Anil Mehra,Cardiology,11,14-08-2032,Govt Health Center,Mumbai,81,377,1.35,0
Dr. Rohit Verma,Orthopedics,13,15-08-2032,City Hospital,Chennai,20,217,1.29,1
Dr. Rohit Verma,Dermatology,15,16-08-2032,City Hospital,Chennai,11,95,0.64,0
Dr. Anil Mehra,Cardiology,8,17-08-2032,Metro Hospital,New Delhi,39,272,1.89,1
Dr. Swati Desai,Pediatrics,14,18-08-2032,Metro Hospital,Mumbai,77,128,1.39,1
Dr. Anil Mehra,Orthopedics,15,19-08-2032,Govt Health Center,Kolkata,62,219,0.9,0
Dr. Rohit Verma,Orthopedics,16,20-08-2032,Metro Hospital,Mumbai,98,451,1.53,0
Dr. Ravi Kumar,Orthopedics,15,21-08-2032,Metro Hospital,Chennai,30,295,0.98,0
Dr. Ravi Kumar,Pediatrics,14,22-08-2032,Metro Hospital,Chennai,34,320,1.26,0
Dr. Swati Desai,Pediatrics,10,23-08-2032,City Hospital,New Delhi,82,148,1.01,1
Dr. Anil Mehra,Dermatology,9,24-08-2032,City Hospital,Kolkata,81,371,1.82,0
Dr. Ravi Kumar,Pediatrics,10,25-08-2032,Govt Health Center,Kolkata,14,190,1.99,1
Dr. Anil Mehra,Dermatology,11,26-08-2032,Metro Hospital,Kolkata,75,158,0.74,0
Dr. Rohit Verma,Orthopedics,11,27-08-2032,City Hospital,Chennai,94,362,0.54,0
Dr. Ravi Kumar,Dermatology,13,28-08-2032,Metro Hospital,Chennai,58,186,0.83,0
Dr. Swati Desai,Cardiology,14,29-08-2032,Govt Health Center,Mumbai,17,170,1.38,1
Dr. Rohit Verma,Orthopedics,11,30-08-2032,Metro Hospital,Chennai,96,148,0.76,0
Dr. Swati Desai,Orthopedics,17,31-08-2032,Govt Health Center,Kolkata,88,115,1.72,1
Dr. Rohit Verma,Dermatology,13,01-09-2032,Govt Health Center,Kolkata,36,193,1.11,1
Dr. Ravi Kumar,Orthopedics,16,02-09-2032,City Hospital,Kolkata,11,159,1.42,1
Dr. Swati Desai,Pediatrics,13,03-09-2032,Metro Hospital,New Delhi,37,179,1.18,1
Dr. Swati Desai,Cardiology,10,04-09-2032,City Hospital,Mumbai,20,449,1.85,0
Dr. Rohit Verma,Dermatology,8,05-09-2032,Metro Hospital,Mumbai,55,377,0.55,0
Dr. Swati Desai,Dermatology,17,06-09-2032,Metro Hospital,Chennai,30,306,1.59,0
Dr. Rohit Verma,Orthopedics,17,07-09-2032,Govt Health Center,New Delhi,51,259,1.48,1
Dr. Rohit Verma,Pediatrics,12,08-09-2032,Govt Health Center,Mumbai,41,295,1.47,1
Dr. Rohit Verma,Orthopedics,17,09-09-2032,Metro Hospital,New Delhi,41,410,1.12,0
Dr. Rohit Verma,Orthopedics,17,10-09-2032,City Hospital,New Delhi,80,203,0.52,0
Dr. Ravi Kumar,Dermatology,10,11-09-2032,Govt Health Center,Chennai,31,477,1.53,0
Dr. Rohit Verma,Orthopedics,15,12-09-2032,Govt Health Center,New Delhi,87,182,1.74,1
Dr. Anil Mehra,Cardiology,17,13-09-2032,Metro Hospital,Mumbai,86,70,0.63,0
Dr. Swati Desai,Orthopedics,8,14-09-2032,Metro Hospital,Chennai,30,84,1.16,1
Dr. Anil Mehra,Orthopedics,9,15-09-2032,Govt Health Center,Mumbai,31,409,0.74,0
Dr. Ravi Kumar,Dermatology,10,16-09-2032,City Hospital,New Delhi,43,359,1.42,0
Dr. Anil Mehra,Orthopedics,10,17-09-2032,Govt Health Center,New Delhi,19,273,1.68,1
Dr. Swati Desai,Pediatrics,15,18-09-2032,Metro Hospital,Kolkata,74,173,1.5,1
Dr. Anil Mehra,Dermatology,12,19-09-2032,Govt Health Center,Chennai,74,289,0.98,0
Dr. Ravi Kumar,Orthopedics,15,20-09-2032,Metro Hospital,Chennai,97,483,0.71,0
Dr. Rohit Verma,Cardiology,13,21-09-2032,Govt Health Center,Kolkata,76,413,1.69,0
Dr. Anil Mehra,Cardiology,9,22-09-2032,Metro Hospital,Mumbai,52,349,0.99,0
Dr. Ravi Kumar,Dermatology,11,23-09-2032,Metro Hospital,Mumbai,50,390,0.53,0
Dr. Ravi Kumar,Dermatology,16,24-09-2032,City Hospital,New Delhi,22,53,1.36,1
Dr. Swati Desai,Orthopedics,11,25-09-2032,Metro Hospital,Chennai,13,172,0.87,0
Dr. Swati Desai,Pediatrics,12,26-09-2032,Govt Health Center,New Delhi,32,91,1.76,1
Dr. Anil Mehra,Orthopedics,12,27-09-2032,Metro Hospital,Kolkata,79,218,0.71,0
Dr. Rohit Verma,Cardiology,17,28-09-2032,Govt Health Center,New Delhi,43,469,1.15,0
Dr. Ravi Kumar,Pediatrics,15,29-09-2032,City Hospital,Mumbai,50,329,0.88,0
Dr. Anil Mehra,Pediatrics,13,30-09-2032,Govt Health Center,Mumbai,27,274,1.53,1
Dr. Ravi Kumar,Pediatrics,17,01-10-2032,City Hospital,Kolkata,99,438,1.32,0
Dr. Ravi Kumar,Orthopedics,14,02-10-2032,City Hospital,Mumbai,42,234,1.69,1
Dr. Rohit Verma,Cardiology,13,03-10-2032,Metro Hospital,Kolkata,34,372,1.19,0
Dr. Rohit Verma,Dermatology,12,04-10-2032,City Hospital,Chennai,61,60,0.51,0
Dr. Anil Mehra,Orthopedics,12,05-10-2032,Govt Health Center,Kolkata,26,222,0.82,0
Dr. Rohit Verma,Dermatology,10,06-10-2032,City Hospital,Kolkata,60,145,2,1
Dr. Rohit Verma,Pediatrics,14,07-10-2032,City Hospital,Kolkata,12,327,1.11,0
Dr. Anil Mehra,Pediatrics,17,08-10-2032,Metro Hospital,Mumbai,64,188,1.43,1
Dr. Rohit Verma,Orthopedics,12,09-10-2032,Govt Health Center,Chennai,95,215,1.86,1
Dr. Swati Desai,Cardiology,14,10-10-2032,City Hospital,New Delhi,65,236,0.53,0
Dr. Ravi Kumar,Pediatrics,9,11-10-2032,Metro Hospital,Chennai,44,135,1.49,1
Dr. Ravi Kumar,Dermatology,16,12-10-2032,Metro Hospital,Mumbai,77,437,0.93,0
Dr. Ravi Kumar,Dermatology,15,13-10-2032,Govt Health Center,Chennai,68,280,0.92,0
Dr. Ravi Kumar,Orthopedics,12,14-10-2032,Metro Hospital,Chennai,68,187,0.84,0
Dr. Anil Mehra,Dermatology,9,15-10-2032,City Hospital,Kolkata,22,68,1.73,1
Dr. Ravi Kumar,Cardiology,13,16-10-2032,Metro Hospital,Kolkata,71,387,1.06,0
Dr. Ravi Kumar,Pediatrics,15,17-10-2032,Govt Health Center,Mumbai,56,205,0.6,0
Dr. Ravi Kumar,Dermatology,14,18-10-2032,Govt Health Center,Kolkata,85,144,0.65,0
Dr. Ravi Kumar,Dermatology,15,19-10-2032,Metro Hospital,Mumbai,12,66,0.72,0
Dr. Swati Desai,Pediatrics,11,20-10-2032,City Hospital,New Delhi,30,329,1.85,0
Dr. Ravi Kumar,Orthopedics,10,21-10-2032,Metro Hospital,Chennai,74,434,1.14,0
Dr. Swati Desai,Dermatology,14,22-10-2032,Govt Health Center,New Delhi,27,310,1.87,0
Dr. Anil Mehra,Orthopedics,9,23-10-2032,Metro Hospital,New Delhi,22,209,1.73,1
Dr. Rohit Verma,Orthopedics,12,24-10-2032,Metro Hospital,Chennai,80,358,1.76,0
Dr. Ravi Kumar,Dermatology,14,25-10-2032,City Hospital,Kolkata,86,130,0.93,0
Dr. Rohit Verma,Cardiology,8,26-10-2032,Metro Hospital,New Delhi,90,234,0.91,0
Dr. Rohit Verma,Orthopedics,11,27-10-2032,City Hospital,Chennai,54,262,1.34,1
Dr. Anil Mehra,Dermatology,9,28-10-2032,Metro Hospital,New Delhi,71,476,1.13,0
Dr. Rohit Verma,Orthopedics,13,29-10-2032,Metro Hospital,New Delhi,39,391,1.26,0
Dr. Swati Desai,Pediatrics,8,30-10-2032,City Hospital,Chennai,84,408,0.58,0
Dr. Rohit Verma,Cardiology,14,31-10-2032,City Hospital,Kolkata,23,216,1.96,1
Dr. Rohit Verma,Cardiology,10,01-11-2032,Govt Health Center,Mumbai,62,467,0.59,0
Dr. Rohit Verma,Pediatrics,8,02-11-2032,City Hospital,Chennai,19,255,0.77,0
Dr. Ravi Kumar,Pediatrics,15,03-11-2032,Metro Hospital,Mumbai,81,385,1.52,0
Dr. Ravi Kumar,Orthopedics,14,04-11-2032,Govt Health Center,Chennai,40,310,0.73,0
Dr. Swati Desai,Pediatrics,9,05-11-2032,City Hospital,Chennai,15,323,0.66,0
Dr. Swati Desai,Cardiology,14,06-11-2032,City Hospital,Mumbai,92,437,0.73,0
Dr. Ravi Kumar,Pediatrics,10,07-11-2032,Govt Health Center,Mumbai,28,285,0.59,0
Dr. Swati Desai,Dermatology,16,08-11-2032,Metro Hospital,Kolkata,21,292,0.88,0
Dr. Ravi Kumar,Dermatology,15,09-11-2032,Metro Hospital,Chennai,73,269,0.91,0
Dr. Anil Mehra,Orthopedics,12,10-11-2032,Govt Health Center,Chennai,91,414,1.25,0
Dr. Rohit Verma,Cardiology,14,11-11-2032,Metro Hospital,Chennai,64,396,1.16,0
Dr. Rohit Verma,Dermatology,10,12-11-2032,City Hospital,Kolkata,76,119,1.21,1
Dr. Swati Desai,Pediatrics,8,13-11-2032,Metro Hospital,Mumbai,18,444,1.42,0
Dr. Ravi Kumar,Dermatology,8,14-11-2032,City Hospital,Chennai,15,480,0.85,0
Dr. Ravi Kumar,Dermatology,9,15-11-2032,Metro Hospital,Mumbai,10,262,0.7,0
Dr. Swati Desai,Orthopedics,15,16-11-2032,City Hospital,Kolkata,51,386,1.82,0
Dr. Ravi Kumar,Pediatrics,8,17-11-2032,Govt Health Center,New Delhi,64,336,1.45,0
Dr. Anil Mehra,Pediatrics,12,18-11-2032,City Hospital,Mumbai,58,275,0.59,0
Dr. Rohit Verma,Pediatrics,16,19-11-2032,Metro Hospital,Kolkata,39,318,1.94,0
Dr. Swati Desai,Orthopedics,16,20-11-2032,City Hospital,New Delhi,44,328,1.54,0
Dr. Swati Desai,Pediatrics,9,21-11-2032,Metro Hospital,Chennai,72,298,0.73,0
Dr. Ravi Kumar,Pediatrics,14,22-11-2032,Metro Hospital,Chennai,31,370,1.95,0
Dr. Swati Desai,Dermatology,8,23-11-2032,City Hospital,Mumbai,52,245,1.05,1
Dr. Anil Mehra,Dermatology,10,24-11-2032,Metro Hospital,New Delhi,37,79,1.98,1
Dr. Ravi Kumar,Pediatrics,13,25-11-2032,Govt Health Center,Kolkata,27,464,0.65,0
Dr. Ravi Kumar,Cardiology,16,26-11-2032,Metro Hospital,Chennai,41,352,0.74,0
Dr. Ravi Kumar,Cardiology,17,27-11-2032,Govt Health Center,Chennai,78,449,1.49,0
Dr. Ravi Kumar,Pediatrics,9,28-11-2032,Govt Health Center,New Delhi,63,476,0.53,0
Dr. Anil Mehra,Cardiology,14,29-11-2032,Metro Hospital,Kolkata,43,180,0.53,0
Dr. Ravi Kumar,Orthopedics,11,30-11-2032,Govt Health Center,Chennai,40,61,1.69,1
Dr. Swati Desai,Dermatology,9,01-12-2032,Govt Health Center,Chennai,13,444,0.75,0
Dr. Anil Mehra,Orthopedics,10,02-12-2032,City Hospital,Mumbai,23,65,1.88,1
Dr. Rohit Verma,Dermatology,13,03-12-2032,Govt Health Center,Kolkata,24,462,1.14,0
Dr. Rohit Verma,Cardiology,17,04-12-2032,Govt Health Center,Chennai,69,166,1.81,1
Dr. Swati Desai,Cardiology,16,05-12-2032,Govt Health Center,New Delhi,29,198,1.13,1
Dr. Swati Desai,Pediatrics,15,06-12-2032,Govt Health Center,Chennai,29,158,1.3,1
Dr. Anil Mehra,Cardiology,17,07-12-2032,Govt Health Center,Kolkata,58,285,0.97,0
Dr. Rohit Verma,Cardiology,16,08-12-2032,Metro Hospital,Mumbai,77,363,1.49,0
Dr. Rohit Verma,Pediatrics,11,09-12-2032,Govt Health Center,Chennai,27,476,0.98,0
Dr. Rohit Verma,Pediatrics,11,10-12-2032,Metro Hospital,New Delhi,33,54,0.83,0
Dr. Rohit Verma,Dermatology,16,11-12-2032,Metro Hospital,Chennai,36,229,0.62,0
Dr. Rohit Verma,Cardiology,15,12-12-2032,Metro Hospital,New Delhi,42,446,0.59,0
Dr. Ravi Kumar,Dermatology,9,13-12-2032,City Hospital,Kolkata,73,386,0.96,0
Dr. Swati Desai,Dermatology,15,14-12-2032,City Hospital,Mumbai,34,445,1.6,0
Dr. Ravi Kumar,Orthopedics,8,15-12-2032,Metro Hospital,Kolkata,78,50,0.81,0
Dr. Rohit Verma,Cardiology,16,16-12-2032,City Hospital,Chennai,27,57,0.95,0
Dr. Anil Mehra,Cardiology,16,17-12-2032,Govt Health Center,Chennai,54,193,1.86,1
Dr. Anil Mehra,Orthopedics,15,18-12-2032,Metro Hospital,Mumbai,29,192,1.46,1
Dr. Rohit Verma,Dermatology,12,19-12-2032,Metro Hospital,New Delhi,44,324,1.88,0
Dr. Rohit Verma,Cardiology,12,20-12-2032,Metro Hospital,Kolkata,15,202,1.87,1
Dr. Anil Mehra,Dermatology,10,21-12-2032,City Hospital,New Delhi,84,336,0.6,0
Dr. Ravi Kumar,Orthopedics,12,22-12-2032,City Hospital,Chennai,18,179,1.93,1
Dr. Ravi Kumar,Pediatrics,11,23-12-2032,City Hospital,New Delhi,61,170,0.58,0
Dr. Rohit Verma,Dermatology,8,24-12-2032,Govt Health Center,Kolkata,37,108,1.89,1
Dr. Ravi Kumar,Cardiology,16,25-12-2032,City Hospital,New Delhi,28,266,1.32,1
Dr. Anil Mehra,Pediatrics,17,26-12-2032,Metro Hospital,Chennai,94,80,1.3,1
Dr. Ravi Kumar,Dermatology,11,27-12-2032,City Hospital,Kolkata,72,293,1.57,1
Dr. Rohit Verma,Dermatology,10,28-12-2032,City Hospital,New Delhi,16,189,1.82,1
Dr. Anil Mehra,Pediatrics,13,29-12-2032,City Hospital,New Delhi,46,450,1.43,0
Dr. Ravi Kumar,Pediatrics,8,30-12-2032,City Hospital,Kolkata,98,262,1.14,1
Dr. Swati Desai,Pediatrics,12,31-12-2032,Metro Hospital,Chennai,45,78,0.67,0
Dr. Anil Mehra,Cardiology,14,01-01-2033,City Hospital,Kolkata,26,213,1.68,1
Dr. Anil Mehra,Cardiology,9,02-01-2033,Metro Hospital,Chennai,99,153,0.69,0
Dr. Swati Desai,Dermatology,17,03-01-2033,City Hospital,New Delhi,46,112,1.59,1
Dr. Swati Desai,Dermatology,16,04-01-2033,Govt Health Center,Kolkata,90,64,1.29,1
Dr. Anil Mehra,Orthopedics,13,05-01-2033,Govt Health Center,Chennai,69,335,1.08,0
Dr. Swati Desai,Cardiology,9,06-01-2033,Metro Hospital,Kolkata,58,228,1.42,1
Dr. Rohit Verma,Dermatology,15,07-01-2033,Metro Hospital,New Delhi,90,60,1.66,1
Dr. Rohit Verma,Pediatrics,15,08-01-2033,Govt Health Center,Kolkata,65,490,1.91,0
Dr. Rohit Verma,Pediatrics,8,09-01-2033,Govt Health Center,New Delhi,43,62,0.9,0
Dr. Anil Mehra,Cardiology,8,10-01-2033,City Hospital,New Delhi,96,264,1.92,1
Dr. Swati Desai,Pediatrics,8,11-01-2033,Govt Health Center,New Delhi,39,360,1.94,0
Dr. Swati Desai,Orthopedics,11,12-01-2033,Metro Hospital,Chennai,36,275,1.72,1
Dr. Ravi Kumar,Dermatology,11,13-01-2033,Metro Hospital,Chennai,60,112,1.82,1
Dr. Ravi Kumar,Dermatology,15,14-01-2033,Govt Health Center,Mumbai,18,304,1.54,0
Dr. Swati Desai,Dermatology,8,15-01-2033,Metro Hospital,Chennai,29,179,0.56,0
Dr. Swati Desai,Cardiology,17,16-01-2033,City Hospital,Mumbai,96,489,1.36,0
Dr. Swati Desai,Pediatrics,10,17-01-2033,City Hospital,Kolkata,56,312,1.62,0
Dr. Anil Mehra,Orthopedics,8,18-01-2033,Govt Health Center,New Delhi,28,220,1.91,1
Dr. Swati Desai,Cardiology,16,19-01-2033,Metro Hospital,Chennai,77,464,1.36,0
Dr. Ravi Kumar,Dermatology,17,20-01-2033,Govt Health Center,New Delhi,86,494,1.69,0
Dr. Anil Mehra,Orthopedics,16,21-01-2033,Metro Hospital,Mumbai,21,455,1.56,0
Dr. Swati Desai,Dermatology,14,22-01-2033,Metro Hospital,Chennai,82,239,0.92,0
Dr. Ravi Kumar,Dermatology,15,23-01-2033,Metro Hospital,Chennai,88,333,0.73,0
Dr. Anil Mehra,Cardiology,8,24-01-2033,City Hospital,Chennai,94,74,1.63,1
Dr. Swati Desai,Dermatology,12,25-01-2033,Metro Hospital,Chennai,88,498,0.85,0
Dr. Swati Desai,Orthopedics,9,26-01-2033,City Hospital,New Delhi,14,209,0.87,0
Dr. Swati Desai,Dermatology,8,27-01-2033,Metro Hospital,Chennai,78,266,1.47,1
Dr. Anil Mehra,Pediatrics,10,28-01-2033,Govt Health Center,Mumbai,34,225,1.68,1
Dr. Ravi Kumar,Dermatology,14,29-01-2033,City Hospital,Chennai,97,385,1.37,0
Dr. Ravi Kumar,Cardiology,8,30-01-2033,City Hospital,Mumbai,40,270,1.83,1
Dr. Rohit Verma,Orthopedics,9,31-01-2033,City Hospital,Mumbai,55,329,0.82,0
Dr. Swati Desai,Cardiology,9,01-02-2033,Govt Health Center,New Delhi,43,130,0.88,0
Dr. Rohit Verma,Pediatrics,11,02-02-2033,City Hospital,Chennai,50,174,1.46,1
Dr. Rohit Verma,Dermatology,10,03-02-2033,Govt Health Center,Mumbai,87,219,1.74,1
Dr. Ravi Kumar,Cardiology,10,04-02-2033,Metro Hospital,Chennai,77,119,1.31,1
Dr. Anil Mehra,Cardiology,17,05-02-2033,Metro Hospital,New Delhi,96,127,0.52,0
Dr. Anil Mehra,Cardiology,12,06-02-2033,Govt Health Center,New Delhi,47,139,1.52,1
Dr. Ravi Kumar,Cardiology,10,07-02-2033,City Hospital,Chennai,55,429,1.72,0
Dr. Anil Mehra,Pediatrics,14,08-02-2033,City Hospital,Mumbai,78,397,0.91,0
Dr. Rohit Verma,Pediatrics,12,09-02-2033,Govt Health Center,Kolkata,36,160,0.58,0
Dr. Swati Desai,Dermatology,11,10-02-2033,Metro Hospital,Kolkata,52,213,1.28,1
Dr. Ravi Kumar,Dermatology,10,11-02-2033,Govt Health Center,New Delhi,87,464,0.56,0
Dr. Swati Desai,Orthopedics,11,12-02-2033,City Hospital,Mumbai,80,177,1.12,1
Dr. Anil Mehra,Pediatrics,9,13-02-2033,City Hospital,Kolkata,54,204,0.53,0
Dr. Swati Desai,Cardiology,8,14-02-2033,City Hospital,Mumbai,27,243,0.84,0
Dr. Anil Mehra,Cardiology,10,15-02-2033,City Hospital,Chennai,41,222,1.08,1
Dr. Anil Mehra,Orthopedics,9,16-02-2033,Metro Hospital,New Delhi,11,349,0.67,0
Dr. Rohit Verma,Cardiology,8,17-02-2033,Metro Hospital,Chennai,50,362,0.67,0
Dr. Anil Mehra,Orthopedics,8,18-02-2033,Metro Hospital,Chennai,29,70,1.74,1
Dr. Rohit Verma,Dermatology,9,19-02-2033,City Hospital,Chennai,67,360,0.56,0
Dr. Rohit Verma,Pediatrics,16,20-02-2033,City Hospital,Mumbai,99,158,1.53,1
Dr. Rohit Verma,Orthopedics,12,21-02-2033,City Hospital,Kolkata,47,448,1.72,0
Dr. Ravi Kumar,Cardiology,16,22-02-2033,Govt Health Center,Chennai,10,467,0.7,0
Dr. Ravi Kumar,Orthopedics,15,23-02-2033,City Hospital,New Delhi,78,409,0.79,0
Dr. Anil Mehra,Dermatology,13,24-02-2033,Metro Hospital,Mumbai,63,436,1.46,0
Dr. Rohit Verma,Cardiology,8,25-02-2033,Metro Hospital,Kolkata,23,178,0.97,0
Dr. Ravi Kumar,Dermatology,17,26-02-2033,Metro Hospital,Chennai,34,329,1.21,0
Dr. Rohit Verma,Dermatology,12,27-02-2033,Govt Health Center,New Delhi,18,476,1.75,0
Dr. Swati Desai,Orthopedics,8,28-02-2033,Metro Hospital,Chennai,92,76,0.71,0
Dr. Swati Desai,Dermatology,14,01-03-2033,Govt Health Center,Kolkata,70,442,1.43,0
Dr. Swati Desai,Cardiology,17,02-03-2033,Govt Health Center,Kolkata,61,393,1.91,0
Dr. Anil Mehra,Dermatology,15,03-03-2033,Govt Health Center,Chennai,17,450,0.59,0
Dr. Rohit Verma,Dermatology,15,04-03-2033,City Hospital,Chennai,25,141,0.59,0
Dr. Swati Desai,Orthopedics,14,05-03-2033,City Hospital,Mumbai,17,344,1.33,0
Dr. Ravi Kumar,Dermatology,9,06-03-2033,Metro Hospital,Kolkata,32,104,1.94,1
Dr. Swati Desai,Pediatrics,12,07-03-2033,Metro Hospital,Kolkata,82,245,0.83,0
Dr. Swati Desai,Orthopedics,11,08-03-2033,Govt Health Center,Chennai,43,430,1,0
Dr. Swati Desai,Orthopedics,12,09-03-2033,City Hospital,New Delhi,27,270,0.65,0
Dr. Anil Mehra,Cardiology,17,10-03-2033,Metro Hospital,Chennai,53,350,1.04,0
Dr. Ravi Kumar,Cardiology,16,11-03-2033,Metro Hospital,Chennai,24,205,0.57,0
Dr. Rohit Verma,Cardiology,11,12-03-2033,City Hospital,Kolkata,24,489,1.08,0
Dr. Ravi Kumar,Cardiology,15,13-03-2033,Govt Health Center,Mumbai,32,150,1.33,1
Dr. Rohit Verma,Pediatrics,15,14-03-2033,Metro Hospital,Chennai,96,462,1.96,0
Dr. Anil Mehra,Orthopedics,9,15-03-2033,Metro Hospital,New Delhi,74,285,1.73,1
Dr. Anil Mehra,Dermatology,13,16-03-2033,City Hospital,New Delhi,95,334,1.73,0
Dr. Anil Mehra,Cardiology,12,17-03-2033,City Hospital,Chennai,80,118,0.84,0
Dr. Anil Mehra,Cardiology,9,18-03-2033,Govt Health Center,New Delhi,41,316,0.63,0
Dr. Rohit Verma,Cardiology,17,19-03-2033,Govt Health Center,New Delhi,41,435,1.4,0
Dr. Swati Desai,Dermatology,11,20-03-2033,Metro Hospital,Chennai,42,187,1.28,1
Dr. Rohit Verma,Cardiology,14,21-03-2033,Govt Health Center,New Delhi,52,297,1.27,1
Dr. Ravi Kumar,Dermatology,8,22-03-2033,Metro Hospital,New Delhi,22,152,0.66,0
Dr. Anil Mehra,Orthopedics,16,23-03-2033,Metro Hospital,Chennai,18,157,1.24,1
Dr. Anil Mehra,Orthopedics,17,24-03-2033,City Hospital,Kolkata,71,249,0.73,0
Dr. Ravi Kumar,Orthopedics,8,25-03-2033,Metro Hospital,Mumbai,66,424,1.13,0
Dr. Rohit Verma,Pediatrics,12,26-03-2033,City Hospital,Mumbai,57,264,0.59,0
Dr. Swati Desai,Dermatology,14,27-03-2033,Metro Hospital,Kolkata,52,204,1.79,1
Dr. Swati Desai,Cardiology,15,28-03-2033,Metro Hospital,Chennai,76,136,0.52,0
Dr. Ravi Kumar,Cardiology,9,29-03-2033,Metro Hospital,Kolkata,90,417,1.91,0
Dr. Swati Desai,Cardiology,11,30-03-2033,Govt Health Center,Mumbai,41,468,1.79,0
Dr. Rohit Verma,Cardiology,9,31-03-2033,Govt Health Center,Mumbai,82,258,1.63,1
Dr. Rohit Verma,Pediatrics,11,01-04-2033,City Hospital,Mumbai,69,227,1.97,1
Dr. Ravi Kumar,Cardiology,13,02-04-2033,Metro Hospital,Mumbai,10,123,0.58,0
Dr. Rohit Verma,Pediatrics,13,03-04-2033,City Hospital,Chennai,66,307,1.46,0
Dr. Anil Mehra,Dermatology,9,04-04-2033,City Hospital,Mumbai,93,322,1.77,0
Dr. Ravi Kumar,Orthopedics,11,05-04-2033,Metro Hospital,Mumbai,78,400,0.69,0
Dr. Rohit Verma,Cardiology,11,06-04-2033,Govt Health Center,Chennai,94,385,1.38,0
Dr. Ravi Kumar,Orthopedics,8,07-04-2033,Govt Health Center,Kolkata,78,73,1.09,1
Dr. Swati Desai,Dermatology,9,08-04-2033,City Hospital,Chennai,77,362,1.15,0
Dr. Rohit Verma,Dermatology,10,09-04-2033,Govt Health Center,Mumbai,70,120,1.87,1
Dr. Anil Mehra,Cardiology,12,10-04-2033,Metro Hospital,New Delhi,17,132,1.31,1
Dr. Rohit Verma,Dermatology,15,11-04-2033,Metro Hospital,Chennai,98,449,0.64,0
Dr. Ravi Kumar,Orthopedics,13,12-04-2033,Govt Health Center,Chennai,16,402,1.91,0
Dr. Ravi Kumar,Cardiology,10,13-04-2033,Govt Health Center,Kolkata,46,341,0.78,0
Dr. Rohit Verma,Pediatrics,13,14-04-2033,City Hospital,Mumbai,51,350,1.84,0
Dr. Anil Mehra,Cardiology,14,15-04-2033,Govt Health Center,New Delhi,41,59,1.96,1
Dr. Anil Mehra,Orthopedics,13,16-04-2033,City Hospital,Chennai,26,368,1.82,0
Dr. Anil Mehra,Cardiology,17,17-04-2033,Metro Hospital,Chennai,37,92,1.52,1
Dr. Ravi Kumar,Cardiology,13,18-04-2033,Metro Hospital,Chennai,79,100,1.62,1
Dr. Rohit Verma,Orthopedics,8,19-04-2033,Metro Hospital,New Delhi,57,256,1.55,1
Dr. Swati Desai,Cardiology,10,20-04-2033,Govt Health Center,Chennai,63,156,1.19,1
Dr. Ravi Kumar,Cardiology,14,21-04-2033,Govt Health Center,Chennai,51,308,0.91,0
Dr. Anil Mehra,Orthopedics,11,22-04-2033,Govt Health Center,New Delhi,45,243,0.93,0
Dr. Rohit Verma,Dermatology,11,23-04-2033,City Hospital,Chennai,75,284,1.6,1
Dr. Anil Mehra,Orthopedics,14,24-04-2033,City Hospital,New Delhi,40,212,1.44,1
Dr. Swati Desai,Cardiology,16,25-04-2033,City Hospital,Kolkata,74,118,1.38,1
Dr. Anil Mehra,Pediatrics,9,26-04-2033,Metro Hospital,New Delhi,12,384,1.48,0
Dr. Anil Mehra,Pediatrics,16,27-04-2033,City Hospital,Kolkata,22,341,1.66,0
Dr. Swati Desai,Orthopedics,10,28-04-2033,Govt Health Center,New Delhi,40,354,1.62,0
Dr. Rohit Verma,Pediatrics,13,29-04-2033,Govt Health Center,Mumbai,38,306,0.66,0
Dr. Ravi Kumar,Cardiology,11,30-04-2033,Metro Hospital,Chennai,66,475,1.04,0
Dr. Rohit Verma,Cardiology,8,01-05-2033,Govt Health Center,Kolkata,42,474,0.9,0
Dr. Swati Desai,Orthopedics,16,02-05-2033,Govt Health Center,Chennai,62,378,1.31,0
Dr. Anil Mehra,Cardiology,13,03-05-2033,Govt Health Center,Chennai,19,234,0.59,0
Dr. Rohit Verma,Dermatology,15,04-05-2033,City Hospital,New Delhi,72,304,1.64,0
Dr. Ravi Kumar,Cardiology,9,05-05-2033,City Hospital,Mumbai,82,165,0.66,0
Dr. Swati Desai,Orthopedics,14,06-05-2033,Govt Health Center,New Delhi,74,453,0.91,0
Dr. Rohit Verma,Dermatology,13,07-05-2033,Govt Health Center,Chennai,11,63,1.67,1
Dr. Ravi Kumar,Dermatology,9,08-05-2033,Govt Health Center,New Delhi,11,427,0.58,0
Dr. Swati Desai,Pediatrics,9,09-05-2033,Govt Health Center,Kolkata,78,264,1.49,1
Dr. Ravi Kumar,Cardiology,11,10-05-2033,City Hospital,Mumbai,83,142,1.89,1
Dr. Swati Desai,Orthopedics,11,11-05-2033,Metro Hospital,Chennai,46,283,1.43,1
Dr. Anil Mehra,Pediatrics,10,12-05-2033,Govt Health Center,New Delhi,11,229,1.57,1
Dr. Rohit Verma,Pediatrics,15,13-05-2033,City Hospital,Kolkata,70,103,1.69,1
Dr. Ravi Kumar,Cardiology,14,14-05-2033,Govt Health Center,Mumbai,49,354,0.83,0
Dr. Swati Desai,Cardiology,9,15-05-2033,Metro Hospital,New Delhi,72,79,1.37,1
Dr. Ravi Kumar,Orthopedics,10,16-05-2033,City Hospital,New Delhi,34,436,0.96,0
Dr. Ravi Kumar,Pediatrics,17,17-05-2033,City Hospital,Chennai,47,61,0.87,0
Dr. Rohit Verma,Orthopedics,16,18-05-2033,Metro Hospital,Kolkata,46,160,0.79,0
Dr. Anil Mehra,Pediatrics,12,19-05-2033,Metro Hospital,Mumbai,91,464,1.38,0
Dr. Ravi Kumar,Pediatrics,9,20-05-2033,City Hospital,New Delhi,36,470,1.69,0
Dr. Swati Desai,Pediatrics,10,21-05-2033,Metro Hospital,Mumbai,93,460,1.81,0
Dr. Swati Desai,Cardiology,15,22-05-2033,Govt Health Center,Kolkata,59,421,1.14,0
Dr. Anil Mehra,Pediatrics,11,23-05-2033,Metro Hospital,Chennai,43,457,1.06,0
Dr. Swati Desai,Pediatrics,9,24-05-2033,Metro Hospital,Chennai,53,161,1.53,1
Dr. Anil Mehra,Pediatrics,9,25-05-2033,City Hospital,Chennai,81,218,1.67,1
Dr. Swati Desai,Dermatology,13,26-05-2033,Metro Hospital,Mumbai,13,153,0.88,0
Dr. Rohit Verma,Cardiology,15,27-05-2033,City Hospital,Mumbai,61,497,0.95,0
Dr. Ravi Kumar,Dermatology,14,28-05-2033,Govt Health Center,New Delhi,64,60,1.3,1
Dr. Rohit Verma,Cardiology,11,29-05-2033,Metro Hospital,Kolkata,82,396,1.17,0
Dr. Ravi Kumar,Orthopedics,9,30-05-2033,Metro Hospital,Kolkata,21,378,1.56,0
Dr. Ravi Kumar,Dermatology,16,31-05-2033,City Hospital,Kolkata,23,321,1.26,0
Dr. Ravi Kumar,Orthopedics,11,01-06-2033,City Hospital,Mumbai,44,63,0.67,0
Dr. Rohit Verma,Pediatrics,16,02-06-2033,Metro Hospital,Chennai,15,224,0.75,0
Dr. Ravi Kumar,Orthopedics,12,03-06-2033,City Hospital,Kolkata,56,207,1.85,1
Dr. Rohit Verma,Orthopedics,14,04-06-2033,Metro Hospital,New Delhi,32,159,0.84,0
Dr. Anil Mehra,Orthopedics,12,05-06-2033,Govt Health Center,Mumbai,77,201,0.58,0
Dr. Swati Desai,Orthopedics,9,06-06-2033,Metro Hospital,Chennai,74,283,1.6,1
Dr. Swati Desai,Cardiology,13,07-06-2033,Govt Health Center,Kolkata,68,190,1.53,1
Dr. Ravi Kumar,Dermatology,14,08-06-2033,Govt Health Center,Chennai,18,168,1.4,1
Dr. Rohit Verma,Cardiology,13,09-06-2033,City Hospital,New Delhi,67,431,1.25,0
Dr. Swati Desai,Cardiology,10,10-06-2033,City Hospital,Kolkata,57,58,1.95,1
Dr. Rohit Verma,Cardiology,17,11-06-2033,City Hospital,Kolkata,72,226,0.68,0
Dr. Rohit Verma,Orthopedics,15,12-06-2033,City Hospital,Chennai,18,459,1.27,0
Dr. Ravi Kumar,Cardiology,10,13-06-2033,Metro Hospital,Mumbai,53,98,1.35,1
Dr. Swati Desai,Dermatology,12,14-06-2033,Govt Health Center,Chennai,55,347,0.53,0
Dr. Ravi Kumar,Cardiology,16,15-06-2033,Metro Hospital,New Delhi,24,478,1.12,0
Dr. Ravi Kumar,Pediatrics,12,16-06-2033,Govt Health Center,Chennai,97,419,1.67,0
Dr. Swati Desai,Orthopedics,14,17-06-2033,Govt Health Center,Chennai,62,382,1.21,0
Dr. Swati Desai,Pediatrics,14,18-06-2033,Govt Health Center,Kolkata,57,198,1.81,1
Dr. Anil Mehra,Dermatology,12,19-06-2033,Metro Hospital,Mumbai,81,206,1.47,1
Dr. Anil Mehra,Dermatology,9,20-06-2033,City Hospital,Mumbai,51,141,1.65,1
Dr. Rohit Verma,Dermatology,12,21-06-2033,Metro Hospital,Mumbai,26,201,1.71,1
Dr. Swati Desai,Dermatology,14,22-06-2033,Govt Health Center,Mumbai,44,425,1.53,0
Dr. Anil Mehra,Cardiology,14,23-06-2033,Metro Hospital,Chennai,40,219,1.62,1
Dr. Rohit Verma,Orthopedics,11,24-06-2033,Govt Health Center,Kolkata,13,133,1.54,1
Dr. Rohit Verma,Dermatology,8,25-06-2033,City Hospital,Kolkata,57,408,1.33,0
Dr. Rohit Verma,Pediatrics,13,26-06-2033,City Hospital,Mumbai,23,376,1.35,0
Dr. Anil Mehra,Dermatology,10,27-06-2033,Metro Hospital,Chennai,34,474,0.78,0
Dr. Swati Desai,Orthopedics,12,28-06-2033,City Hospital,Mumbai,55,97,1.74,1
Dr. Ravi Kumar,Pediatrics,11,29-06-2033,Govt Health Center,Mumbai,57,384,0.97,0
Dr. Rohit Verma,Pediatrics,9,30-06-2033,Govt Health Center,Kolkata,49,266,1.3,1
Dr. Anil Mehra,Pediatrics,14,01-07-2033,City Hospital,Kolkata,59,126,0.87,0
Dr. Anil Mehra,Cardiology,12,02-07-2033,City Hospital,Mumbai,16,92,1.54,1
Dr. Ravi Kumar,Dermatology,14,03-07-2033,City Hospital,Chennai,69,313,1.96,0
Dr. Ravi Kumar,Cardiology,16,04-07-2033,Metro Hospital,Mumbai,44,112,1.7,1
Dr. Anil Mehra,Pediatrics,11,05-07-2033,Metro Hospital,Kolkata,72,294,1.43,1
Dr. Swati Desai,Cardiology,12,06-07-2033,Govt Health Center,Kolkata,29,169,1.35,1
Dr. Ravi Kumar,Cardiology,16,07-07-2033,Metro Hospital,Chennai,25,368,1.23,0
Dr. Anil Mehra,Cardiology,17,08-07-2033,Metro Hospital,Mumbai,31,311,0.81,0
Dr. Ravi Kumar,Dermatology,11,09-07-2033,Govt Health Center,Mumbai,45,379,1.02,0
Dr. Swati Desai,Pediatrics,12,10-07-2033,Govt Health Center,New Delhi,28,299,1.11,1
Dr. Rohit Verma,Pediatrics,12,11-07-2033,City Hospital,Mumbai,11,101,1.92,1
Dr. Ravi Kumar,Dermatology,15,12-07-2033,City Hospital,Chennai,77,326,1.14,0
Dr. Swati Desai,Cardiology,11,13-07-2033,Metro Hospital,Kolkata,16,191,1.38,1
Dr. Anil Mehra,Cardiology,11,14-07-2033,Govt Health Center,New Delhi,56,421,1.88,0
Dr. Ravi Kumar,Orthopedics,14,15-07-2033,Metro Hospital,Chennai,58,300,1.28,0
Dr. Ravi Kumar,Orthopedics,12,16-07-2033,Metro Hospital,Chennai,87,363,0.88,0
Dr. Anil Mehra,Orthopedics,13,17-07-2033,Govt Health Center,New Delhi,52,274,1.07,1
Dr. Rohit Verma,Dermatology,13,18-07-2033,Govt Health Center,Mumbai,41,202,1.06,1
Dr. Anil Mehra,Pediatrics,13,19-07-2033,Govt Health Center,New Delhi,26,105,1.57,1
Dr. Ravi Kumar,Orthopedics,17,20-07-2033,Govt Health Center,Chennai,23,388,0.94,0
Dr. Anil Mehra,Pediatrics,12,21-07-2033,Metro Hospital,Mumbai,90,58,1.6,1
Dr. Swati Desai,Pediatrics,12,22-07-2033,Metro Hospital,Kolkata,41,290,1.83,1
Dr. Anil Mehra,Pediatrics,16,23-07-2033,Metro Hospital,New Delhi,69,213,1,0
Dr. Ravi Kumar,Dermatology,15,24-07-2033,Govt Health Center,Chennai,69,490,0.7,0
Dr. Anil Mehra,Dermatology,11,25-07-2033,City Hospital,Mumbai,61,182,1.46,1
Dr. Rohit Verma,Dermatology,14,26-07-2033,Metro Hospital,Chennai,75,130,1.04,1
Dr. Anil Mehra,Dermatology,15,27-07-2033,City Hospital,Mumbai,13,399,1.3,0
Dr. Rohit Verma,Orthopedics,16,28-07-2033,City Hospital,Mumbai,72,184,1.45,1
Dr. Swati Desai,Cardiology,12,29-07-2033,City Hospital,New Delhi,42,183,1.11,1
Dr. Rohit Verma,Cardiology,10,30-07-2033,Govt Health Center,Kolkata,10,101,1.89,1
Dr. Anil Mehra,Cardiology,11,31-07-2033,Govt Health Center,Mumbai,73,251,1.1,1
Dr. Ravi Kumar,Orthopedics,17,01-08-2033,Metro Hospital,Chennai,46,247,0.96,0
Dr. Rohit Verma,Cardiology,13,02-08-2033,Metro Hospital,Mumbai,87,155,1.83,1
Dr. Swati Desai,Orthopedics,17,03-08-2033,Govt Health Center,Kolkata,79,360,0.7,0
Dr. Rohit Verma,Orthopedics,12,04-08-2033,Govt Health Center,Chennai,16,293,0.69,0
Dr. Rohit Verma,Orthopedics,16,05-08-2033,City Hospital,Mumbai,33,282,1.9,1
Dr. Rohit Verma,Cardiology,10,06-08-2033,Govt Health Center,Mumbai,77,63,0.81,0
Dr. Swati Desai,Pediatrics,9,07-08-2033,Govt Health Center,New Delhi,64,434,0.72,0
Dr. Anil Mehra,Cardiology,13,08-08-2033,Govt Health Center,Kolkata,98,274,1.3,1
Dr. Rohit Verma,Cardiology,14,09-08-2033,Govt Health Center,Mumbai,12,260,0.57,0
Dr. Rohit Verma,Dermatology,12,10-08-2033,City Hospital,Kolkata,32,250,1.43,1
Dr. Ravi Kumar,Orthopedics,8,11-08-2033,Metro Hospital,Mumbai,45,214,1.18,1
Dr. Swati Desai,Pediatrics,10,12-08-2033,City Hospital,Chennai,66,98,1.46,1
Dr. Rohit Verma,Dermatology,10,13-08-2033,Govt Health Center,Kolkata,57,445,0.93,0
Dr. Swati Desai,Pediatrics,11,14-08-2033,Govt Health Center,Chennai,22,182,1.86,1
Dr. Rohit Verma,Pediatrics,17,15-08-2033,Metro Hospital,Kolkata,70,119,0.91,0
Dr. Anil Mehra,Orthopedics,13,16-08-2033,Metro Hospital,Chennai,95,421,1.46,0
Dr. Anil Mehra,Cardiology,12,17-08-2033,Metro Hospital,Mumbai,98,168,1.92,1
Dr. Rohit Verma,Orthopedics,8,18-08-2033,City Hospital,Chennai,33,188,1.1,1
Dr. Anil Mehra,Orthopedics,13,19-08-2033,Metro Hospital,Chennai,52,292,0.74,0
Dr. Rohit Verma,Dermatology,16,20-08-2033,Govt Health Center,Mumbai,42,230,0.6,0
Dr. Anil Mehra,Orthopedics,8,21-08-2033,Govt Health Center,Kolkata,87,232,1.94,1
Dr. Ravi Kumar,Cardiology,15,22-08-2033,Govt Health Center,Chennai,33,384,1.65,0
Dr. Ravi Kumar,Pediatrics,15,23-08-2033,City Hospital,New Delhi,31,99,1.88,1
Dr. Ravi Kumar,Orthopedics,10,24-08-2033,Metro Hospital,New Delhi,61,230,1.55,1
Dr. Swati Desai,Pediatrics,16,25-08-2033,Metro Hospital,Chennai,96,174,1.01,1
Dr. Swati Desai,Orthopedics,15,26-08-2033,Metro Hospital,Chennai,15,280,0.68,0
Dr. Ravi Kumar,Pediatrics,10,27-08-2033,Metro Hospital,Chennai,28,360,1.89,0
Dr. Swati Desai,Orthopedics,17,28-08-2033,Govt Health Center,Kolkata,85,397,1.23,0
Dr. Anil Mehra,Dermatology,12,29-08-2033,City Hospital,Mumbai,99,52,1.09,1
Dr. Rohit Verma,Pediatrics,10,30-08-2033,Metro Hospital,New Delhi,38,425,1.37,0
Dr. Rohit Verma,Orthopedics,12,31-08-2033,Govt Health Center,New Delhi,73,449,0.66,0
Dr. Rohit Verma,Orthopedics,16,01-09-2033,Govt Health Center,Kolkata,23,222,0.96,0
Dr. Ravi Kumar,Dermatology,11,02-09-2033,City Hospital,Chennai,90,130,1.46,1
Dr. Swati Desai,Dermatology,13,03-09-2033,Metro Hospital,Chennai,39,469,0.65,0
Dr. Anil Mehra,Dermatology,10,04-09-2033,City Hospital,Mumbai,80,324,0.7,0
Dr. Anil Mehra,Pediatrics,10,05-09-2033,Metro Hospital,Mumbai,30,437,1.27,0
Dr. Ravi Kumar,Pediatrics,12,06-09-2033,City Hospital,New Delhi,74,364,1.44,0
Dr. Anil Mehra,Dermatology,15,07-09-2033,Metro Hospital,Mumbai,13,394,0.78,0
Dr. Anil Mehra,Cardiology,15,08-09-2033,Metro Hospital,New Delhi,55,268,0.55,0
Dr. Anil Mehra,Cardiology,10,09-09-2033,City Hospital,Kolkata,17,189,1.94,1
Dr. Anil Mehra,Orthopedics,15,10-09-2033,Metro Hospital,Chennai,27,112,0.54,0
Dr. Swati Desai,Cardiology,15,11-09-2033,City Hospital,Chennai,69,489,0.5,0
Dr. Anil Mehra,Orthopedics,10,12-09-2033,City Hospital,New Delhi,54,76,0.99,0
Dr. Rohit Verma,Pediatrics,17,13-09-2033,Metro Hospital,Chennai,81,245,0.83,0
Dr. Ravi Kumar,Pediatrics,17,14-09-2033,Metro Hospital,Kolkata,40,430,1.36,0
Dr. Swati Desai,Cardiology,9,15-09-2033,City Hospital,Mumbai,37,201,1.84,1
Dr. Anil Mehra,Pediatrics,17,16-09-2033,Govt Health Center,Kolkata,73,301,1.22,0
Dr. Swati Desai,Dermatology,9,17-09-2033,City Hospital,Chennai,46,297,1.66,1
Dr. Anil Mehra,Dermatology,16,18-09-2033,Govt Health Center,Kolkata,76,203,1.86,1
Dr. Rohit Verma,Cardiology,14,19-09-2033,Govt Health Center,Chennai,88,259,0.78,0
Dr. Ravi Kumar,Cardiology,13,20-09-2033,City Hospital,New Delhi,77,71,1.23,1
Dr. Anil Mehra,Orthopedics,14,21-09-2033,City Hospital,Mumbai,44,119,1.46,1
Dr. Anil Mehra,Pediatrics,15,22-09-2033,City Hospital,Mumbai,45,68,1,0
Dr. Anil Mehra,Orthopedics,8,23-09-2033,Govt Health Center,Chennai,66,150,1.61,1
Dr. Anil Mehra,Orthopedics,15,24-09-2033,City Hospital,Chennai,79,211,1.56,1
Dr. Ravi Kumar,Dermatology,10,25-09-2033,City Hospital,Mumbai,13,188,1.13,1
Dr. Ravi Kumar,Dermatology,10,26-09-2033,Metro Hospital,Kolkata,58,425,0.63,0
Dr. Rohit Verma,Dermatology,13,27-09-2033,Metro Hospital,Kolkata,48,137,0.52,0
Dr. Ravi Kumar,Dermatology,11,28-09-2033,Metro Hospital,Kolkata,27,478,1.05,0
Dr. Anil Mehra,Orthopedics,11,29-09-2033,City Hospital,Mumbai,69,86,0.62,0
Dr. Rohit Verma,Dermatology,11,30-09-2033,City Hospital,New Delhi,95,456,1.67,0
Dr. Rohit Verma,Pediatrics,17,01-10-2033,City Hospital,Chennai,19,473,1,0
Dr. Rohit Verma,Dermatology,16,02-10-2033,Govt Health Center,Chennai,32,220,1.5,1
Dr. Anil Mehra,Dermatology,15,03-10-2033,Govt Health Center,Mumbai,77,309,1.02,0
Dr. Swati Desai,Dermatology,10,04-10-2033,Metro Hospital,New Delhi,68,387,1.69,0
Dr. Anil Mehra,Cardiology,8,05-10-2033,Govt Health Center,Mumbai,92,320,1.83,0
Dr. Ravi Kumar,Pediatrics,8,06-10-2033,Govt Health Center,Kolkata,99,456,1.76,0
Dr. Ravi Kumar,Pediatrics,8,07-10-2033,Govt Health Center,Kolkata,16,304,1.23,0
Dr. Anil Mehra,Orthopedics,11,08-10-2033,Metro Hospital,Chennai,22,189,0.63,0
Dr. Anil Mehra,Orthopedics,13,09-10-2033,Metro Hospital,Chennai,12,117,1.06,1
Dr. Rohit Verma,Dermatology,11,10-10-2033,Govt Health Center,Chennai,49,117,1.14,1
Dr. Anil Mehra,Cardiology,10,11-10-2033,City Hospital,Chennai,20,485,1.94,0
Dr. Rohit Verma,Orthopedics,15,12-10-2033,Metro Hospital,Kolkata,89,218,1.35,1
Dr. Ravi Kumar,Orthopedics,15,13-10-2033,Govt Health Center,Kolkata,93,154,1.46,1
Dr. Rohit Verma,Dermatology,13,14-10-2033,City Hospital,New Delhi,60,364,1.67,0
Dr. Anil Mehra,Dermatology,16,15-10-2033,City Hospital,Chennai,96,107,1.35,1
Dr. Ravi Kumar,Orthopedics,17,16-10-2033,Metro Hospital,Mumbai,32,425,1.4,0
Dr. Swati Desai,Orthopedics,8,17-10-2033,City Hospital,New Delhi,41,236,0.87,0
Dr. Rohit Verma,Pediatrics,15,18-10-2033,Metro Hospital,New Delhi,50,456,0.59,0
Dr. Ravi Kumar,Cardiology,13,19-10-2033,Govt Health Center,Kolkata,51,434,1.58,0
Dr. Rohit Verma,Pediatrics,8,20-10-2033,Metro Hospital,Chennai,47,105,1.77,1
Dr. Ravi Kumar,Orthopedics,11,21-10-2033,City Hospital,New Delhi,76,53,1.12,1
Dr. Ravi Kumar,Pediatrics,12,22-10-2033,Metro Hospital,Chennai,81,334,1.32,0
Dr. Rohit Verma,Pediatrics,14,23-10-2033,Metro Hospital,Kolkata,87,66,0.96,0
Dr. Swati Desai,Orthopedics,15,24-10-2033,Govt Health Center,New Delhi,81,482,1.18,0
Dr. Ravi Kumar,Dermatology,16,25-10-2033,City Hospital,New Delhi,84,286,0.81,0
Dr. Ravi Kumar,Orthopedics,13,26-10-2033,Metro Hospital,Mumbai,51,356,1.64,0
Dr. Ravi Kumar,Dermatology,17,27-10-2033,Govt Health Center,Kolkata,52,299,1.24,1
Dr. Swati Desai,Orthopedics,16,28-10-2033,Govt Health Center,Mumbai,42,482,1.32,0
Dr. Swati Desai,Orthopedics,11,29-10-2033,Govt Health Center,Kolkata,88,73,0.56,0
Dr. Anil Mehra,Orthopedics,15,30-10-2033,Govt Health Center,Mumbai,46,349,1.43,0
Dr. Rohit Verma,Cardiology,10,31-10-2033,Govt Health Center,Kolkata,87,165,0.8,0
Dr. Swati Desai,Dermatology,11,01-11-2033,Metro Hospital,Kolkata,99,287,1.08,1
Dr. Rohit Verma,Cardiology,17,02-11-2033,Metro Hospital,New Delhi,66,218,1.12,1
Dr. Anil Mehra,Orthopedics,11,03-11-2033,City Hospital,Mumbai,73,362,1.17,0
Dr. Rohit Verma,Pediatrics,13,04-11-2033,Metro Hospital,Mumbai,73,489,0.84,0
Dr. Swati Desai,Cardiology,16,05-11-2033,City Hospital,Mumbai,69,337,1.78,0
Dr. Rohit Verma,Dermatology,13,06-11-2033,City Hospital,New Delhi,61,464,1.14,0
Dr. Swati Desai,Orthopedics,8,07-11-2033,City Hospital,Chennai,81,290,1.42,1
Dr. Rohit Verma,Cardiology,12,08-11-2033,Metro Hospital,Kolkata,77,449,1.42,0
Dr. Swati Desai,Pediatrics,16,09-11-2033,Govt Health Center,Mumbai,91,465,1.41,0
Dr. Swati Desai,Cardiology,12,10-11-2033,City Hospital,Kolkata,36,413,1.34,0
Dr. Rohit Verma,Dermatology,13,11-11-2033,Govt Health Center,New Delhi,68,347,1.73,0
Dr. Anil Mehra,Cardiology,10,12-11-2033,City Hospital,Kolkata,28,427,1.72,0
Dr. Ravi Kumar,Pediatrics,15,13-11-2033,Metro Hospital,New Delhi,12,339,1.13,0
Dr. Anil Mehra,Pediatrics,17,14-11-2033,City Hospital,Chennai,82,300,1.45,0
Dr. Rohit Verma,Dermatology,11,15-11-2033,Metro Hospital,Mumbai,48,214,0.65,0
Dr. Anil Mehra,Pediatrics,11,16-11-2033,Govt Health Center,New Delhi,75,449,0.64,0
Dr. Swati Desai,Orthopedics,12,17-11-2033,Metro Hospital,Kolkata,82,390,1.22,0
Dr. Ravi Kumar,Pediatrics,17,18-11-2033,Govt Health Center,New Delhi,65,190,1.85,1
Dr. Rohit Verma,Orthopedics,16,19-11-2033,Metro Hospital,New Delhi,15,427,1.47,0
Dr. Rohit Verma,Cardiology,15,20-11-2033,City Hospital,Chennai,37,169,1.5,1
Dr. Rohit Verma,Orthopedics,14,21-11-2033,City Hospital,Mumbai,57,387,0.74,0
Dr. Ravi Kumar,Orthopedics,12,22-11-2033,Metro Hospital,New Delhi,57,499,1.18,0
Dr. Swati Desai,Cardiology,16,23-11-2033,Govt Health Center,New Delhi,76,425,1.1,0
Dr. Rohit Verma,Pediatrics,16,24-11-2033,Govt Health Center,Kolkata,63,210,1.67,1
Dr. Anil Mehra,Orthopedics,17,25-11-2033,Govt Health Center,New Delhi,25,154,0.71,0
Dr. Rohit Verma,Pediatrics,17,26-11-2033,Metro Hospital,New Delhi,44,387,1.31,0
Dr. Rohit Verma,Cardiology,9,27-11-2033,Metro Hospital,Mumbai,84,141,1.87,1
Dr. Rohit Verma,Dermatology,11,28-11-2033,Metro Hospital,Mumbai,96,468,1.84,0
Dr. Rohit Verma,Pediatrics,15,29-11-2033,Metro Hospital,Kolkata,39,470,1.78,0
Dr. Swati Desai,Pediatrics,8,30-11-2033,Govt Health Center,New Delhi,57,253,1.06,1
Dr. Anil Mehra,Dermatology,12,01-12-2033,Govt Health Center,New Delhi,78,89,1.91,1
Dr. Swati Desai,Dermatology,15,02-12-2033,Metro Hospital,New Delhi,17,441,1.71,0
Dr. Anil Mehra,Cardiology,9,03-12-2033,Metro Hospital,Chennai,60,103,1.78,1
Dr. Rohit Verma,Pediatrics,9,04-12-2033,Govt Health Center,Chennai,19,138,1.9,1
Dr. Ravi Kumar,Pediatrics,15,05-12-2033,Govt Health Center,Kolkata,37,184,1.91,1
Dr. Swati Desai,Cardiology,17,06-12-2033,City Hospital,Chennai,45,51,0.86,0
Dr. Ravi Kumar,Pediatrics,16,07-12-2033,Metro Hospital,Kolkata,69,146,0.69,0
Dr. Swati Desai,Orthopedics,14,08-12-2033,City Hospital,New Delhi,19,105,1.54,1
Dr. Rohit Verma,Orthopedics,15,09-12-2033,Govt Health Center,Chennai,23,409,1.34,0
Dr. Swati Desai,Orthopedics,12,10-12-2033,Govt Health Center,Mumbai,72,173,0.99,0
Dr. Rohit Verma,Pediatrics,8,11-12-2033,Metro Hospital,Chennai,56,234,1.53,1
Dr. Swati Desai,Orthopedics,11,12-12-2033,City Hospital,New Delhi,78,482,0.59,0
Dr. Rohit Verma,Orthopedics,9,13-12-2033,Govt Health Center,Mumbai,65,174,0.57,0
Dr. Rohit Verma,Cardiology,10,14-12-2033,City Hospital,Kolkata,15,383,1.03,0
Dr. Anil Mehra,Cardiology,10,15-12-2033,City Hospital,New Delhi,28,313,0.79,0
Dr. Rohit Verma,Dermatology,16,16-12-2033,City Hospital,Mumbai,61,389,1.58,0
Dr. Anil Mehra,Dermatology,17,17-12-2033,City Hospital,Chennai,71,240,1.92,1
Dr. Rohit Verma,Dermatology,11,18-12-2033,City Hospital,Kolkata,58,387,1.49,0
Dr. Ravi Kumar,Dermatology,9,19-12-2033,Metro Hospital,Chennai,87,264,1.48,1
Dr. Rohit Verma,Cardiology,10,20-12-2033,Metro Hospital,Mumbai,20,270,0.51,0
Dr. Ravi Kumar,Cardiology,10,21-12-2033,City Hospital,Mumbai,55,248,1.27,1
Dr. Ravi Kumar,Cardiology,14,22-12-2033,Metro Hospital,New Delhi,78,393,1.73,0
Dr. Rohit Verma,Orthopedics,15,23-12-2033,Govt Health Center,Kolkata,54,223,1.48,1
Dr. Ravi Kumar,Orthopedics,13,24-12-2033,City Hospital,Kolkata,67,266,0.84,0
Dr. Anil Mehra,Dermatology,11,25-12-2033,Metro Hospital,Mumbai,41,255,1.77,1
Dr. Swati Desai,Orthopedics,13,26-12-2033,Metro Hospital,New Delhi,97,116,1.95,1
Dr. Rohit Verma,Pediatrics,8,27-12-2033,Govt Health Center,Mumbai,19,422,0.92,0
Dr. Ravi Kumar,Cardiology,17,28-12-2033,Govt Health Center,Mumbai,22,223,0.81,0
Dr. Rohit Verma,Dermatology,15,29-12-2033,Govt Health Center,Kolkata,22,127,1.01,1
Dr. Anil Mehra,Dermatology,8,30-12-2033,Govt Health Center,Chennai,45,372,0.59,0
Dr. Rohit Verma,Pediatrics,12,31-12-2033,City Hospital,Chennai,95,91,1.81,1
Dr. Rohit Verma,Orthopedics,9,01-01-2034,Metro Hospital,Kolkata,82,113,1.89,1
Dr. Ravi Kumar,Dermatology,13,02-01-2034,Metro Hospital,New Delhi,28,433,1.45,0
Dr. Anil Mehra,Orthopedics,16,03-01-2034,Govt Health Center,Kolkata,16,378,1.65,0
Dr. Swati Desai,Orthopedics,12,04-01-2034,Metro Hospital,New Delhi,24,486,1.5,0
Dr. Swati Desai,Pediatrics,11,05-01-2034,Metro Hospital,Kolkata,90,248,1.07,1
Dr. Ravi Kumar,Dermatology,9,06-01-2034,Metro Hospital,New Delhi,55,139,1.45,1
Dr. Rohit Verma,Orthopedics,10,07-01-2034,Govt Health Center,Mumbai,87,56,1.75,1
Dr. Ravi Kumar,Orthopedics,13,08-01-2034,Metro Hospital,Mumbai,57,312,1.71,0
Dr. Ravi Kumar,Pediatrics,15,09-01-2034,Metro Hospital,New Delhi,75,171,0.62,0
Dr. Ravi Kumar,Pediatrics,15,10-01-2034,Metro Hospital,Kolkata,87,213,1.19,1
Dr. Rohit Verma,Orthopedics,12,11-01-2034,City Hospital,Mumbai,13,165,1.1,1
Dr. Anil Mehra,Pediatrics,12,12-01-2034,City Hospital,Kolkata,12,62,1.63,1
Dr. Ravi Kumar,Orthopedics,17,13-01-2034,Metro Hospital,Chennai,12,69,1.25,1
Dr. Rohit Verma,Dermatology,10,14-01-2034,Metro Hospital,Mumbai,84,250,1.02,1
Dr. Anil Mehra,Cardiology,14,15-01-2034,Metro Hospital,Kolkata,78,358,1.56,0
Dr. Ravi Kumar,Pediatrics,13,16-01-2034,Metro Hospital,Kolkata,37,303,1.21,0
Dr. Swati Desai,Cardiology,8,17-01-2034,Metro Hospital,Chennai,32,135,0.88,0
Dr. Anil Mehra,Orthopedics,11,18-01-2034,Metro Hospital,Kolkata,39,229,1.84,1
Dr. Ravi Kumar,Orthopedics,13,19-01-2034,City Hospital,New Delhi,71,286,0.67,0
Dr. Anil Mehra,Orthopedics,13,20-01-2034,Govt Health Center,Mumbai,96,402,0.53,0
Dr. Anil Mehra,Cardiology,10,21-01-2034,Metro Hospital,New Delhi,60,110,0.72,0
Dr. Anil Mehra,Orthopedics,13,22-01-2034,Metro Hospital,Chennai,50,264,0.75,0
Dr. Anil Mehra,Pediatrics,17,23-01-2034,Metro Hospital,New Delhi,95,430,1.31,0
Dr. Anil Mehra,Dermatology,13,24-01-2034,Govt Health Center,Kolkata,73,264,1.44,1
Dr. Anil Mehra,Dermatology,16,25-01-2034,Metro Hospital,Chennai,52,407,1.17,0
Dr. Ravi Kumar,Pediatrics,16,26-01-2034,Metro Hospital,Chennai,85,421,0.81,0
Dr. Swati Desai,Dermatology,9,27-01-2034,Govt Health Center,New Delhi,67,139,0.7,0
Dr. Rohit Verma,Cardiology,11,28-01-2034,Metro Hospital,Chennai,68,145,1.24,1
Dr. Anil Mehra,Orthopedics,16,29-01-2034,Govt Health Center,New Delhi,49,110,1.35,1
Dr. Rohit Verma,Orthopedics,11,30-01-2034,Govt Health Center,New Delhi,55,105,0.96,0
Dr. Ravi Kumar,Orthopedics,15,31-01-2034,Metro Hospital,New Delhi,71,269,0.83,0
Dr. Anil Mehra,Cardiology,17,01-02-2034,City Hospital,Chennai,58,143,0.62,0
Dr. Swati Desai,Cardiology,10,02-02-2034,City Hospital,Chennai,88,89,0.54,0
Dr. Rohit Verma,Cardiology,10,03-02-2034,Metro Hospital,Mumbai,32,386,0.66,0
Dr. Anil Mehra,Pediatrics,16,04-02-2034,Govt Health Center,New Delhi,53,368,1.61,0
Dr. Ravi Kumar,Cardiology,17,05-02-2034,Govt Health Center,New Delhi,53,490,1.02,0
Dr. Swati Desai,Dermatology,15,06-02-2034,Govt Health Center,New Delhi,28,297,0.54,0
Dr. Rohit Verma,Pediatrics,8,07-02-2034,Metro Hospital,New Delhi,53,266,1.26,1
Dr. Rohit Verma,Pediatrics,17,08-02-2034,City Hospital,New Delhi,20,437,1.3,0
Dr. Anil Mehra,Pediatrics,9,09-02-2034,Govt Health Center,New Delhi,69,203,1.14,1
Dr. Swati Desai,Cardiology,10,10-02-2034,Govt Health Center,New Delhi,47,400,0.67,0
Dr. Swati Desai,Pediatrics,9,11-02-2034,Metro Hospital,Mumbai,12,111,1.63,1
Dr. Swati Desai,Cardiology,10,12-02-2034,City Hospital,Mumbai,25,487,1.53,0
Dr. Swati Desai,Cardiology,15,13-02-2034,City Hospital,Kolkata,18,289,1.09,1
Dr. Ravi Kumar,Pediatrics,13,14-02-2034,Metro Hospital,New Delhi,50,239,1.07,1
Dr. Swati Desai,Orthopedics,14,15-02-2034,City Hospital,New Delhi,47,195,0.73,0
Dr. Rohit Verma,Orthopedics,17,16-02-2034,Metro Hospital,Mumbai,78,59,1.63,1
Dr. Rohit Verma,Pediatrics,17,17-02-2034,Govt Health Center,Mumbai,74,341,1.4,0
Dr. Ravi Kumar,Orthopedics,13,18-02-2034,Metro Hospital,New Delhi,44,179,0.63,0
Dr. Rohit Verma,Dermatology,8,19-02-2034,Govt Health Center,New Delhi,44,109,1.07,1
Dr. Rohit Verma,Dermatology,10,20-02-2034,Metro Hospital,Mumbai,85,224,1.86,1
Dr. Swati Desai,Cardiology,8,21-02-2034,Govt Health Center,Mumbai,94,122,1.18,1
Dr. Rohit Verma,Orthopedics,17,22-02-2034,Govt Health Center,Kolkata,57,288,0.99,0
Dr. Ravi Kumar,Dermatology,16,23-02-2034,Metro Hospital,Kolkata,17,465,1.47,0
Dr. Swati Desai,Pediatrics,16,24-02-2034,Govt Health Center,New Delhi,36,228,0.8,0
Dr. Anil Mehra,Orthopedics,12,25-02-2034,City Hospital,Mumbai,18,116,1.29,1
Dr. Swati Desai,Dermatology,11,26-02-2034,Metro Hospital,Kolkata,39,130,1.5,1
Dr. Ravi Kumar,Dermatology,16,27-02-2034,City Hospital,New Delhi,23,126,1.78,1
Dr. Swati Desai,Pediatrics,16,28-02-2034,Govt Health Center,Kolkata,32,297,1.54,1
Dr. Swati Desai,Cardiology,10,01-03-2034,Govt Health Center,Kolkata,38,244,1.08,1
Dr. Ravi Kumar,Pediatrics,12,02-03-2034,Govt Health Center,Kolkata,35,117,1.65,1
Dr. Swati Desai,Cardiology,10,03-03-2034,Metro Hospital,Chennai,95,387,1.85,0
Dr. Ravi Kumar,Dermatology,17,04-03-2034,Govt Health Center,New Delhi,24,105,1.22,1
Dr. Ravi Kumar,Cardiology,9,05-03-2034,City Hospital,Kolkata,82,148,0.51,0
Dr. Anil Mehra,Dermatology,8,06-03-2034,City Hospital,New Delhi,99,319,1.82,0
Dr. Rohit Verma,Dermatology,17,07-03-2034,Metro Hospital,New Delhi,90,449,0.75,0
Dr. Rohit Verma,Orthopedics,9,08-03-2034,City Hospital,Mumbai,82,125,0.69,0
Dr. Swati Desai,Cardiology,15,09-03-2034,Metro Hospital,New Delhi,76,380,0.96,0
Dr. Swati Desai,Cardiology,15,10-03-2034,Metro Hospital,Kolkata,25,115,1.07,1
Dr. Anil Mehra,Cardiology,10,11-03-2034,Govt Health Center,New Delhi,22,82,1.7,1
Dr. Anil Mehra,Pediatrics,14,12-03-2034,City Hospital,Mumbai,99,318,1.08,0
Dr. Anil Mehra,Orthopedics,14,13-03-2034,City Hospital,Chennai,90,79,0.57,0
Dr. Ravi Kumar,Orthopedics,9,14-03-2034,City Hospital,Chennai,33,75,1.45,1
Dr. Anil Mehra,Orthopedics,16,15-03-2034,Govt Health Center,Mumbai,71,419,1.51,0
Dr. Anil Mehra,Pediatrics,10,16-03-2034,Metro Hospital,Kolkata,66,259,1.72,1
Dr. Swati Desai,Cardiology,9,17-03-2034,City Hospital,Kolkata,45,318,1.1,0
Dr. Anil Mehra,Cardiology,10,18-03-2034,City Hospital,Kolkata,69,373,0.63,0
Dr. Ravi Kumar,Cardiology,9,19-03-2034,City Hospital,New Delhi,95,172,1.33,1
Dr. Ravi Kumar,Orthopedics,15,20-03-2034,City Hospital,Chennai,82,82,0.68,0
Dr. Swati Desai,Orthopedics,12,21-03-2034,Govt Health Center,Kolkata,31,192,0.53,0
Dr. Anil Mehra,Dermatology,10,22-03-2034,Metro Hospital,Chennai,93,194,1.67,1
Dr. Anil Mehra,Pediatrics,12,23-03-2034,City Hospital,Mumbai,12,311,1.11,0
Dr. Ravi Kumar,Pediatrics,15,24-03-2034,City Hospital,Chennai,45,54,1.29,1
Dr. Anil Mehra,Orthopedics,14,25-03-2034,Metro Hospital,Kolkata,91,210,1.49,1
Dr. Anil Mehra,Dermatology,13,26-03-2034,Govt Health Center,Chennai,45,359,1.1,0
Dr. Anil Mehra,Cardiology,8,27-03-2034,Govt Health Center,Mumbai,19,193,0.58,0
Dr. Rohit Verma,Orthopedics,17,28-03-2034,Govt Health Center,Chennai,30,479,0.88,0
Dr. Swati Desai,Pediatrics,8,29-03-2034,Govt Health Center,New Delhi,98,201,0.79,0
Dr. Rohit Verma,Pediatrics,8,30-03-2034,City Hospital,Mumbai,58,430,1.97,0
Dr. Swati Desai,Pediatrics,17,31-03-2034,Metro Hospital,New Delhi,18,54,1.61,1
Dr. Ravi Kumar,Cardiology,15,01-04-2034,Metro Hospital,New Delhi,88,244,1.18,1
Dr. Anil Mehra,Pediatrics,15,02-04-2034,Metro Hospital,Kolkata,61,174,0.6,0
Dr. Swati Desai,Cardiology,14,03-04-2034,Govt Health Center,Kolkata,57,125,0.67,0
Dr. Rohit Verma,Cardiology,13,04-04-2034,Govt Health Center,Mumbai,69,355,1.72,0
Dr. Anil Mehra,Cardiology,11,05-04-2034,Metro Hospital,Kolkata,59,218,1.92,1
Dr. Ravi Kumar,Orthopedics,8,06-04-2034,City Hospital,Chennai,48,266,0.55,0
Dr. Swati Desai,Cardiology,16,07-04-2034,Govt Health Center,Mumbai,25,232,1.87,1
Dr. Swati Desai,Dermatology,8,08-04-2034,City Hospital,Kolkata,37,386,1.07,0
Dr. Swati Desai,Pediatrics,11,09-04-2034,Metro Hospital,Kolkata,15,162,0.82,0
Dr. Anil Mehra,Orthopedics,10,10-04-2034,Govt Health Center,Chennai,70,325,0.65,0
Dr. Rohit Verma,Pediatrics,14,11-04-2034,City Hospital,New Delhi,15,227,1.66,1
Dr. Rohit Verma,Cardiology,12,12-04-2034,Govt Health Center,Chennai,75,174,1.2,1
Dr. Swati Desai,Orthopedics,12,13-04-2034,Metro Hospital,New Delhi,49,340,1.75,0
Dr. Ravi Kumar,Dermatology,11,14-04-2034,Metro Hospital,Kolkata,80,483,0.84,0
Dr. Ravi Kumar,Cardiology,8,15-04-2034,Metro Hospital,New Delhi,71,466,1.52,0
Dr. Rohit Verma,Pediatrics,12,16-04-2034,City Hospital,New Delhi,37,372,0.68,0
Dr. Ravi Kumar,Dermatology,11,17-04-2034,Govt Health Center,Kolkata,89,248,0.63,0
Dr. Rohit Verma,Cardiology,17,18-04-2034,Govt Health Center,Mumbai,56,187,0.7,0
Dr. Swati Desai,Dermatology,15,19-04-2034,Govt Health Center,Chennai,18,267,1.71,1
Dr. Rohit Verma,Cardiology,9,20-04-2034,Metro Hospital,Kolkata,61,346,1.48,0
Dr. Rohit Verma,Orthopedics,15,21-04-2034,City Hospital,Chennai,24,217,0.75,0
Dr. Swati Desai,Cardiology,8,22-04-2034,Metro Hospital,Chennai,43,183,1.08,1
Dr. Ravi Kumar,Orthopedics,11,23-04-2034,Metro Hospital,New Delhi,29,210,1.65,1
Dr. Rohit Verma,Cardiology,10,24-04-2034,City Hospital,Kolkata,87,321,0.93,0
Dr. Rohit Verma,Cardiology,12,25-04-2034,Metro Hospital,Mumbai,69,329,1.88,0
Dr. Swati Desai,Pediatrics,12,26-04-2034,Metro Hospital,Chennai,67,297,1.87,1
Dr. Ravi Kumar,Dermatology,12,27-04-2034,Govt Health Center,Chennai,84,271,1.33,1
Dr. Rohit Verma,Dermatology,11,28-04-2034,City Hospital,Mumbai,76,365,1.45,0
Dr. Swati Desai,Dermatology,15,29-04-2034,City Hospital,Chennai,11,426,1.48,0
Dr. Rohit Verma,Cardiology,10,30-04-2034,Govt Health Center,Kolkata,59,379,0.89,0
Dr. Anil Mehra,Cardiology,11,01-05-2034,City Hospital,Mumbai,23,444,1.05,0
Dr. Swati Desai,Cardiology,8,02-05-2034,Govt Health Center,Kolkata,65,221,0.7,0
Dr. Ravi Kumar,Orthopedics,14,03-05-2034,Metro Hospital,Mumbai,78,308,1.89,0
Dr. Ravi Kumar,Orthopedics,8,04-05-2034,City Hospital,Chennai,53,471,1.59,0
Dr. Ravi Kumar,Pediatrics,9,05-05-2034,City Hospital,Mumbai,55,305,0.57,0
Dr. Ravi Kumar,Cardiology,14,06-05-2034,Metro Hospital,Kolkata,15,217,1.32,1
Dr. Rohit Verma,Dermatology,8,07-05-2034,Metro Hospital,Mumbai,17,169,1.01,1
Dr. Rohit Verma,Dermatology,10,08-05-2034,City Hospital,Chennai,48,68,1.72,1
Dr. Ravi Kumar,Pediatrics,13,09-05-2034,City Hospital,New Delhi,53,345,1.02,0
Dr. Ravi Kumar,Dermatology,13,10-05-2034,City Hospital,Chennai,36,358,1.47,0
Dr. Ravi Kumar,Pediatrics,13,11-05-2034,Govt Health Center,Chennai,25,296,0.75,0
Dr. Rohit Verma,Cardiology,9,12-05-2034,City Hospital,New Delhi,48,254,1.34,1
Dr. Ravi Kumar,Dermatology,9,13-05-2034,City Hospital,Mumbai,10,469,0.94,0
Dr. Ravi Kumar,Cardiology,13,14-05-2034,Metro Hospital,Chennai,60,116,0.75,0
Dr. Anil Mehra,Orthopedics,17,15-05-2034,Metro Hospital,New Delhi,72,391,1.43,0
Dr. Anil Mehra,Dermatology,12,16-05-2034,Govt Health Center,Kolkata,42,394,1.46,0
Dr. Ravi Kumar,Orthopedics,14,17-05-2034,Metro Hospital,New Delhi,59,453,1.98,0
Dr. Swati Desai,Dermatology,14,18-05-2034,City Hospital,Chennai,63,461,1.5,0
Dr. Ravi Kumar,Cardiology,12,19-05-2034,City Hospital,Kolkata,36,234,1.27,1
Dr. Anil Mehra,Pediatrics,15,20-05-2034,Govt Health Center,Chennai,90,436,1.87,0
Dr. Swati Desai,Cardiology,17,21-05-2034,Metro Hospital,New Delhi,88,391,1.74,0
Dr. Swati Desai,Cardiology,13,22-05-2034,Metro Hospital,Kolkata,95,157,1.32,1
Dr. Ravi Kumar,Cardiology,12,23-05-2034,Metro Hospital,Chennai,28,214,1.27,1
Dr. Anil Mehra,Dermatology,11,24-05-2034,Govt Health Center,New Delhi,37,170,1.91,1
Dr. Anil Mehra,Pediatrics,14,25-05-2034,Metro Hospital,Kolkata,32,451,1.43,0
Dr. Swati Desai,Orthopedics,11,26-05-2034,Metro Hospital,Chennai,73,133,1.57,1
Dr. Ravi Kumar,Cardiology,12,27-05-2034,Metro Hospital,New Delhi,48,351,0.63,0
Dr. Rohit Verma,Dermatology,12,28-05-2034,City Hospital,Chennai,58,310,1.58,0
Dr. Rohit Verma,Orthopedics,8,29-05-2034,Govt Health Center,Chennai,68,156,0.9,0
Dr. Anil Mehra,Cardiology,8,30-05-2034,City Hospital,Chennai,29,172,0.67,0
Dr. Rohit Verma,Orthopedics,10,31-05-2034,Govt Health Center,Mumbai,70,122,1.77,1
Dr. Anil Mehra,Cardiology,10,01-06-2034,Metro Hospital,Chennai,18,386,1.54,0
Dr. Anil Mehra,Orthopedics,9,02-06-2034,City Hospital,Kolkata,32,362,1.11,0
Dr. Anil Mehra,Orthopedics,9,03-06-2034,Metro Hospital,New Delhi,16,203,1.15,1
Dr. Rohit Verma,Pediatrics,13,04-06-2034,Metro Hospital,New Delhi,40,338,0.8,0
Dr. Anil Mehra,Pediatrics,8,05-06-2034,Govt Health Center,Mumbai,69,146,0.51,0
Dr. Swati Desai,Cardiology,13,06-06-2034,Metro Hospital,Mumbai,70,341,1.02,0
Dr. Ravi Kumar,Dermatology,12,07-06-2034,City Hospital,Mumbai,84,398,0.72,0
Dr. Ravi Kumar,Pediatrics,13,08-06-2034,Govt Health Center,Chennai,90,327,1.13,0
Dr. Anil Mehra,Orthopedics,12,09-06-2034,Govt Health Center,Chennai,35,303,1.75,0
Dr. Ravi Kumar,Pediatrics,14,10-06-2034,City Hospital,Kolkata,91,131,0.67,0
Dr. Rohit Verma,Pediatrics,8,11-06-2034,Metro Hospital,New Delhi,63,66,0.64,0
Dr. Rohit Verma,Cardiology,10,12-06-2034,Metro Hospital,New Delhi,40,349,1.85,0
Dr. Ravi Kumar,Pediatrics,13,13-06-2034,Metro Hospital,Chennai,50,229,1.62,1
Dr. Rohit Verma,Pediatrics,8,14-06-2034,Metro Hospital,New Delhi,37,265,0.58,0
Dr. Ravi Kumar,Orthopedics,14,15-06-2034,Metro Hospital,Chennai,99,71,0.62,0
Dr. Ravi Kumar,Pediatrics,11,16-06-2034,Govt Health Center,Mumbai,15,285,1.53,1
Dr. Ravi Kumar,Orthopedics,10,17-06-2034,Govt Health Center,Chennai,43,434,1.06,0
Dr. Anil Mehra,Pediatrics,17,18-06-2034,City Hospital,Kolkata,18,260,1.59,1
Dr. Ravi Kumar,Pediatrics,16,19-06-2034,Metro Hospital,Chennai,21,335,1.11,0
Dr. Anil Mehra,Dermatology,8,20-06-2034,Metro Hospital,Chennai,25,472,1.95,0
Dr. Ravi Kumar,Pediatrics,15,21-06-2034,Metro Hospital,New Delhi,80,256,1.54,1
Dr. Ravi Kumar,Orthopedics,8,22-06-2034,City Hospital,Chennai,40,468,0.57,0
Dr. Ravi Kumar,Orthopedics,12,23-06-2034,Metro Hospital,Kolkata,42,374,1,0
Dr. Rohit Verma,Cardiology,17,24-06-2034,Govt Health Center,Chennai,16,304,1.35,0
Dr. Anil Mehra,Cardiology,15,25-06-2034,Metro Hospital,Chennai,12,394,0.71,0
Dr. Anil Mehra,Dermatology,13,26-06-2034,City Hospital,Mumbai,29,60,0.5,0
Dr. Ravi Kumar,Orthopedics,14,27-06-2034,Govt Health Center,Chennai,14,356,0.62,0
Dr. Ravi Kumar,Orthopedics,15,28-06-2034,Govt Health Center,Chennai,76,368,1.29,0
Dr. Rohit Verma,Orthopedics,13,29-06-2034,Govt Health Center,Chennai,47,391,1.45,0
Dr. Rohit Verma,Dermatology,13,30-06-2034,Metro Hospital,Kolkata,88,428,0.64,0
Dr. Rohit Verma,Orthopedics,13,01-07-2034,City Hospital,New Delhi,65,83,1.5,1
Dr. Anil Mehra,Cardiology,12,02-07-2034,City Hospital,Mumbai,32,170,1.43,1
Dr. Anil Mehra,Dermatology,15,03-07-2034,Metro Hospital,Mumbai,11,285,1.91,1
Dr. Anil Mehra,Cardiology,9,04-07-2034,City Hospital,Chennai,30,232,1.76,1
Dr. Ravi Kumar,Cardiology,14,05-07-2034,Govt Health Center,Chennai,87,127,1.91,1
Dr. Anil Mehra,Dermatology,11,06-07-2034,Govt Health Center,New Delhi,23,172,1.95,1
Dr. Swati Desai,Pediatrics,8,07-07-2034,City Hospital,Chennai,71,325,1.16,0
Dr. Swati Desai,Pediatrics,12,08-07-2034,City Hospital,Kolkata,20,257,1.23,1
Dr. Rohit Verma,Cardiology,10,09-07-2034,Metro Hospital,New Delhi,13,235,0.92,0
Dr. Anil Mehra,Pediatrics,11,10-07-2034,Metro Hospital,Chennai,56,66,1.26,1
Dr. Swati Desai,Orthopedics,14,11-07-2034,Metro Hospital,New Delhi,29,339,0.73,0
Dr. Rohit Verma,Dermatology,12,12-07-2034,Metro Hospital,Mumbai,61,303,1.51,0
Dr. Anil Mehra,Cardiology,11,13-07-2034,Metro Hospital,Chennai,25,148,0.54,0
Dr. Ravi Kumar,Orthopedics,8,14-07-2034,Metro Hospital,New Delhi,54,495,0.85,0
Dr. Swati Desai,Pediatrics,13,15-07-2034,Govt Health Center,New Delhi,17,467,0.81,0
Dr. Ravi Kumar,Orthopedics,17,16-07-2034,City Hospital,Chennai,71,196,1.91,1
Dr. Anil Mehra,Pediatrics,13,17-07-2034,Metro Hospital,New Delhi,93,421,0.72,0
Dr. Swati Desai,Cardiology,14,18-07-2034,Govt Health Center,Chennai,30,163,1.84,1
Dr. Anil Mehra,Orthopedics,8,19-07-2034,City Hospital,Chennai,73,146,0.69,0
Dr. Ravi Kumar,Dermatology,11,20-07-2034,City Hospital,Kolkata,39,431,1.48,0
Dr. Swati Desai,Cardiology,16,21-07-2034,City Hospital,Kolkata,45,425,0.98,0
Dr. Ravi Kumar,Orthopedics,17,22-07-2034,Metro Hospital,New Delhi,14,371,0.97,0
Dr. Anil Mehra,Orthopedics,13,23-07-2034,Metro Hospital,New Delhi,94,377,2,0
Dr. Anil Mehra,Pediatrics,9,24-07-2034,Metro Hospital,New Delhi,47,398,0.84,0
Dr. Ravi Kumar,Cardiology,11,25-07-2034,City Hospital,Mumbai,96,219,0.8,0
Dr. Swati Desai,Cardiology,13,26-07-2034,City Hospital,Chennai,28,356,1.38,0
Dr. Ravi Kumar,Cardiology,11,27-07-2034,Govt Health Center,Chennai,83,248,1.61,1
Dr. Anil Mehra,Cardiology,17,28-07-2034,Govt Health Center,Mumbai,36,226,1.97,1
Dr. Ravi Kumar,Pediatrics,14,29-07-2034,Govt Health Center,Mumbai,22,173,1.55,1
Dr. Anil Mehra,Dermatology,10,30-07-2034,Govt Health Center,New Delhi,18,206,1.34,1
Dr. Ravi Kumar,Cardiology,13,31-07-2034,City Hospital,Chennai,26,144,1.11,1
Dr. Swati Desai,Pediatrics,11,01-08-2034,Metro Hospital,Kolkata,53,335,1.39,0
Dr. Swati Desai,Dermatology,10,02-08-2034,Metro Hospital,Kolkata,54,148,1.4,1
Dr. Ravi Kumar,Dermatology,10,03-08-2034,Metro Hospital,Mumbai,97,458,0.83,0
Dr. Ravi Kumar,Pediatrics,9,04-08-2034,Metro Hospital,Mumbai,51,416,1.51,0
Dr. Swati Desai,Cardiology,10,05-08-2034,Govt Health Center,Chennai,60,418,0.81,0
Dr. Anil Mehra,Dermatology,17,06-08-2034,City Hospital,Chennai,92,284,1.23,1
Dr. Swati Desai,Cardiology,8,07-08-2034,Metro Hospital,Kolkata,67,239,0.89,0
Dr. Anil Mehra,Cardiology,10,08-08-2034,City Hospital,Chennai,67,343,0.97,0
Dr. Ravi Kumar,Orthopedics,16,09-08-2034,Govt Health Center,New Delhi,39,322,1.42,0
Dr. Ravi Kumar,Cardiology,11,10-08-2034,Govt Health Center,Mumbai,14,379,0.6,0
Dr. Anil Mehra,Orthopedics,10,11-08-2034,Metro Hospital,Kolkata,17,434,0.52,0
Dr. Ravi Kumar,Dermatology,15,12-08-2034,Metro Hospital,Kolkata,46,67,0.7,0
Dr. Anil Mehra,Pediatrics,8,13-08-2034,Govt Health Center,New Delhi,56,496,0.75,0
Dr. Rohit Verma,Orthopedics,12,14-08-2034,Govt Health Center,Chennai,98,223,0.8,0
Dr. Swati Desai,Pediatrics,8,15-08-2034,City Hospital,Chennai,54,452,1.66,0
Dr. Rohit Verma,Dermatology,14,16-08-2034,Govt Health Center,Mumbai,14,430,1.17,0
Dr. Anil Mehra,Cardiology,12,17-08-2034,City Hospital,New Delhi,72,355,1.2,0
Dr. Swati Desai,Dermatology,9,18-08-2034,Govt Health Center,Kolkata,95,169,1.47,1
Dr. Anil Mehra,Pediatrics,8,19-08-2034,City Hospital,New Delhi,56,305,1.59,0
Dr. Swati Desai,Dermatology,14,20-08-2034,Govt Health Center,Kolkata,34,145,0.51,0
Dr. Swati Desai,Cardiology,8,21-08-2034,Govt Health Center,New Delhi,59,359,1.79,0
Dr. Swati Desai,Dermatology,10,22-08-2034,City Hospital,Chennai,54,80,1.98,1
Dr. Swati Desai,Cardiology,13,23-08-2034,City Hospital,Kolkata,39,146,0.68,0
Dr. Anil Mehra,Orthopedics,13,24-08-2034,Metro Hospital,Mumbai,57,242,1.48,1
Dr. Swati Desai,Pediatrics,14,25-08-2034,Metro Hospital,New Delhi,60,282,0.5,0
Dr. Swati Desai,Cardiology,8,26-08-2034,Govt Health Center,Chennai,64,95,0.57,0
Dr. Rohit Verma,Cardiology,14,27-08-2034,Govt Health Center,Kolkata,64,340,0.93,0
Dr. Ravi Kumar,Dermatology,9,28-08-2034,City Hospital,Chennai,55,285,1.77,1
Dr. Ravi Kumar,Orthopedics,13,29-08-2034,Govt Health Center,New Delhi,40,98,1.48,1
Dr. Rohit Verma,Cardiology,15,30-08-2034,Metro Hospital,Mumbai,43,386,1.17,0
Dr. Rohit Verma,Orthopedics,12,31-08-2034,City Hospital,Mumbai,83,211,1.16,1
Dr. Anil Mehra,Orthopedics,17,01-09-2034,Govt Health Center,New Delhi,77,334,1.2,0
Dr. Anil Mehra,Dermatology,10,02-09-2034,City Hospital,Kolkata,42,183,0.97,0
Dr. Anil Mehra,Cardiology,15,03-09-2034,Metro Hospital,Chennai,65,306,1.82,0
Dr. Rohit Verma,Dermatology,15,04-09-2034,Metro Hospital,Chennai,67,232,1.35,1
Dr. Rohit Verma,Pediatrics,11,05-09-2034,Metro Hospital,Kolkata,66,76,1.23,1
Dr. Swati Desai,Pediatrics,15,06-09-2034,Govt Health Center,New Delhi,26,189,1.2,1
Dr. Anil Mehra,Cardiology,12,07-09-2034,Govt Health Center,Chennai,20,309,1.9,0
Dr. Anil Mehra,Orthopedics,12,08-09-2034,Govt Health Center,Chennai,80,129,1.59,1
Dr. Anil Mehra,Cardiology,10,09-09-2034,Govt Health Center,New Delhi,90,229,0.72,0
Dr. Ravi Kumar,Cardiology,14,10-09-2034,Govt Health Center,Chennai,26,433,1.16,0
Dr. Swati Desai,Pediatrics,16,11-09-2034,Govt Health Center,Kolkata,19,316,0.93,0
Dr. Anil Mehra,Pediatrics,16,12-09-2034,Metro Hospital,Kolkata,35,101,1.98,1
Dr. Anil Mehra,Orthopedics,8,13-09-2034,Metro Hospital,New Delhi,15,133,1.12,1
Dr. Anil Mehra,Orthopedics,8,14-09-2034,Govt Health Center,New Delhi,90,459,0.6,0
Dr. Ravi Kumar,Cardiology,17,15-09-2034,Metro Hospital,Kolkata,25,205,1.12,1
Dr. Ravi Kumar,Dermatology,12,16-09-2034,City Hospital,New Delhi,99,377,0.98,0
Dr. Rohit Verma,Cardiology,8,17-09-2034,Govt Health Center,Kolkata,13,499,1.4,0
Dr. Swati Desai,Orthopedics,11,18-09-2034,City Hospital,Kolkata,71,153,0.84,0
Dr. Rohit Verma,Dermatology,8,19-09-2034,Govt Health Center,Kolkata,93,395,0.55,0
Dr. Swati Desai,Pediatrics,9,20-09-2034,Govt Health Center,Chennai,73,460,0.64,0
Dr. Ravi Kumar,Orthopedics,9,21-09-2034,Metro Hospital,New Delhi,65,146,0.92,0
Dr. Anil Mehra,Orthopedics,11,22-09-2034,City Hospital,Chennai,84,174,1.02,1
Dr. Rohit Verma,Dermatology,15,23-09-2034,Metro Hospital,New Delhi,32,232,1.75,1
Dr. Anil Mehra,Orthopedics,9,24-09-2034,Govt Health Center,Mumbai,42,376,0.91,0
Dr. Rohit Verma,Orthopedics,16,25-09-2034,City Hospital,Chennai,40,103,0.55,0
Dr. Ravi Kumar,Orthopedics,16,26-09-2034,Govt Health Center,Chennai,16,351,1.67,0
Dr. Ravi Kumar,Orthopedics,9,27-09-2034,Metro Hospital,Chennai,95,213,1.8,1
Dr. Ravi Kumar,Orthopedics,8,28-09-2034,Govt Health Center,Mumbai,14,433,1.24,0
Dr. Rohit Verma,Orthopedics,17,29-09-2034,Govt Health Center,New Delhi,46,198,0.93,0
Dr. Swati Desai,Orthopedics,17,30-09-2034,Metro Hospital,Mumbai,10,482,1.66,0
Dr. Rohit Verma,Orthopedics,16,01-10-2034,Govt Health Center,New Delhi,79,339,0.51,0
Dr. Swati Desai,Pediatrics,9,02-10-2034,City Hospital,New Delhi,54,427,1.89,0
Dr. Rohit Verma,Orthopedics,15,03-10-2034,Metro Hospital,New Delhi,56,136,1.8,1
Dr. Rohit Verma,Pediatrics,10,04-10-2034,Govt Health Center,New Delhi,77,211,1.32,1
Dr. Ravi Kumar,Pediatrics,8,05-10-2034,Metro Hospital,New Delhi,39,217,0.92,0
Dr. Anil Mehra,Cardiology,8,06-10-2034,Govt Health Center,Mumbai,90,184,0.55,0
Dr. Anil Mehra,Cardiology,17,07-10-2034,Metro Hospital,Chennai,69,139,2,1
Dr. Swati Desai,Pediatrics,9,08-10-2034,Metro Hospital,Mumbai,33,357,1.64,0
Dr. Anil Mehra,Pediatrics,14,09-10-2034,City Hospital,Chennai,40,354,1.01,0
Dr. Rohit Verma,Orthopedics,13,10-10-2034,Metro Hospital,Chennai,37,424,0.53,0
Dr. Rohit Verma,Cardiology,9,11-10-2034,City Hospital,Kolkata,54,130,1.46,1
Dr. Ravi Kumar,Dermatology,11,12-10-2034,Metro Hospital,Chennai,13,400,1.98,0
Dr. Ravi Kumar,Cardiology,9,13-10-2034,Metro Hospital,Mumbai,70,280,1.56,1
Dr. Anil Mehra,Pediatrics,8,14-10-2034,Govt Health Center,Kolkata,48,138,0.63,0
Dr. Swati Desai,Pediatrics,10,15-10-2034,Govt Health Center,New Delhi,92,342,1.1,0
Dr. Anil Mehra,Orthopedics,11,16-10-2034,Govt Health Center,New Delhi,33,495,0.66,0
Dr. Anil Mehra,Orthopedics,17,17-10-2034,Metro Hospital,Chennai,80,448,1.87,0
Dr. Anil Mehra,Cardiology,12,18-10-2034,Metro Hospital,New Delhi,55,51,1,0
Dr. Anil Mehra,Orthopedics,12,19-10-2034,City Hospital,New Delhi,62,444,1.6,0
Dr. Rohit Verma,Dermatology,14,20-10-2034,City Hospital,Kolkata,57,401,0.63,0
Dr. Swati Desai,Dermatology,17,21-10-2034,City Hospital,Mumbai,18,271,0.69,0
Dr. Rohit Verma,Orthopedics,15,22-10-2034,Govt Health Center,New Delhi,31,66,1.52,1
Dr. Swati Desai,Dermatology,16,23-10-2034,Govt Health Center,New Delhi,11,478,1.77,0
Dr. Ravi Kumar,Dermatology,14,24-10-2034,City Hospital,Mumbai,25,245,0.8,0
Dr. Anil Mehra,Cardiology,12,25-10-2034,Metro Hospital,Kolkata,14,169,1.13,1
Dr. Rohit Verma,Dermatology,16,26-10-2034,Govt Health Center,Kolkata,21,291,1.43,1
Dr. Swati Desai,Pediatrics,15,27-10-2034,Govt Health Center,New Delhi,61,494,1.69,0
Dr. Ravi Kumar,Pediatrics,17,28-10-2034,City Hospital,Chennai,35,223,1.44,1
Dr. Ravi Kumar,Cardiology,16,29-10-2034,Govt Health Center,Mumbai,24,81,0.64,0
Dr. Anil Mehra,Orthopedics,17,30-10-2034,City Hospital,Kolkata,76,324,1.31,0
Dr. Swati Desai,Cardiology,15,31-10-2034,Govt Health Center,New Delhi,82,244,1.83,1
Dr. Rohit Verma,Orthopedics,13,01-11-2034,Metro Hospital,Kolkata,68,53,1.8,1
Dr. Anil Mehra,Orthopedics,11,02-11-2034,Metro Hospital,New Delhi,48,330,1.38,0
Dr. Rohit Verma,Orthopedics,16,03-11-2034,Govt Health Center,Mumbai,72,70,1.99,1
Dr. Ravi Kumar,Orthopedics,16,04-11-2034,City Hospital,Chennai,34,287,0.66,0
Dr. Rohit Verma,Orthopedics,17,05-11-2034,Govt Health Center,Mumbai,50,142,1.22,1
Dr. Rohit Verma,Cardiology,17,06-11-2034,City Hospital,Kolkata,37,138,1.66,1
Dr. Anil Mehra,Orthopedics,16,07-11-2034,Govt Health Center,Kolkata,30,162,0.71,0
Dr. Rohit Verma,Dermatology,17,08-11-2034,Metro Hospital,Kolkata,98,270,1.96,1
Dr. Anil Mehra,Dermatology,10,09-11-2034,Metro Hospital,Chennai,70,147,1.03,1
Dr. Ravi Kumar,Orthopedics,10,10-11-2034,Govt Health Center,Mumbai,66,191,1.03,1
Dr. Anil Mehra,Dermatology,13,11-11-2034,Govt Health Center,New Delhi,20,199,0.82,0
Dr. Anil Mehra,Pediatrics,13,12-11-2034,Govt Health Center,Mumbai,28,97,0.93,0
Dr. Swati Desai,Cardiology,13,13-11-2034,Metro Hospital,Mumbai,84,100,1.37,1
Dr. Rohit Verma,Cardiology,12,14-11-2034,Metro Hospital,Chennai,98,257,1.14,1
Dr. Ravi Kumar,Orthopedics,12,15-11-2034,City Hospital,Mumbai,10,60,0.79,0
Dr. Anil Mehra,Orthopedics,9,16-11-2034,Govt Health Center,Kolkata,41,492,1.71,0
Dr. Ravi Kumar,Pediatrics,14,17-11-2034,Govt Health Center,Chennai,94,319,0.59,0
Dr. Swati Desai,Orthopedics,11,18-11-2034,Metro Hospital,Kolkata,86,312,1.75,0
Dr. Rohit Verma,Dermatology,10,19-11-2034,Govt Health Center,Kolkata,43,246,0.91,0
Dr. Anil Mehra,Pediatrics,15,20-11-2034,City Hospital,Mumbai,26,235,1.24,1
Dr. Rohit Verma,Dermatology,11,21-11-2034,Govt Health Center,New Delhi,64,345,1.07,0
Dr. Swati Desai,Cardiology,11,22-11-2034,Metro Hospital,Mumbai,28,270,1.36,1
Dr. Swati Desai,Dermatology,15,23-11-2034,Govt Health Center,New Delhi,83,130,1.69,1
Dr. Ravi Kumar,Cardiology,8,24-11-2034,Metro Hospital,Chennai,51,271,1.98,1
Dr. Anil Mehra,Dermatology,16,25-11-2034,City Hospital,Chennai,68,458,0.96,0
Dr. Ravi Kumar,Cardiology,14,26-11-2034,City Hospital,Chennai,82,428,1.33,0
Dr. Swati Desai,Orthopedics,9,27-11-2034,Govt Health Center,Kolkata,84,219,1.2,1
Dr. Rohit Verma,Dermatology,13,28-11-2034,Govt Health Center,Kolkata,47,135,2,1
Dr. Ravi Kumar,Cardiology,15,29-11-2034,Metro Hospital,Chennai,40,93,1.71,1
Dr. Ravi Kumar,Dermatology,12,30-11-2034,City Hospital,Mumbai,75,310,1.1,0
Dr. Rohit Verma,Pediatrics,13,01-12-2034,City Hospital,Kolkata,97,153,1.22,1
Dr. Ravi Kumar,Orthopedics,17,02-12-2034,City Hospital,Kolkata,78,333,0.87,0
Dr. Rohit Verma,Cardiology,15,03-12-2034,City Hospital,Mumbai,59,277,1.63,1
Dr. Anil Mehra,Pediatrics,13,04-12-2034,Govt Health Center,Kolkata,39,237,1.77,1
Dr. Rohit Verma,Dermatology,16,05-12-2034,Govt Health Center,Mumbai,44,170,1.95,1
Dr. Anil Mehra,Pediatrics,16,06-12-2034,Metro Hospital,New Delhi,68,198,1.35,1
Dr. Rohit Verma,Dermatology,16,07-12-2034,City Hospital,Mumbai,26,401,1.51,0
Dr. Swati Desai,Orthopedics,13,08-12-2034,Govt Health Center,New Delhi,75,354,1.17,0
Dr. Swati Desai,Pediatrics,16,09-12-2034,Govt Health Center,Kolkata,89,489,1.41,0
Dr. Anil Mehra,Orthopedics,10,10-12-2034,City Hospital,New Delhi,30,106,1.02,1
Dr. Anil Mehra,Cardiology,12,11-12-2034,Govt Health Center,Mumbai,61,390,1.61,0
Dr. Swati Desai,Dermatology,9,12-12-2034,Metro Hospital,New Delhi,74,238,0.53,0
Dr. Anil Mehra,Dermatology,15,13-12-2034,Metro Hospital,Chennai,23,406,0.54,0
Dr. Rohit Verma,Orthopedics,11,14-12-2034,City Hospital,Mumbai,25,87,1.57,1
Dr. Rohit Verma,Orthopedics,13,15-12-2034,Metro Hospital,Mumbai,64,250,1.9,1
Dr. Swati Desai,Cardiology,13,16-12-2034,Govt Health Center,New Delhi,18,278,1.45,1
Dr. Ravi Kumar,Pediatrics,12,17-12-2034,Metro Hospital,Kolkata,17,435,1.59,0
Dr. Rohit Verma,Dermatology,8,18-12-2034,Govt Health Center,Kolkata,82,180,1.74,1
Dr. Anil Mehra,Dermatology,14,19-12-2034,City Hospital,Mumbai,43,220,1.04,1
Dr. Ravi Kumar,Cardiology,17,20-12-2034,City Hospital,Mumbai,42,379,0.66,0
Dr. Ravi Kumar,Cardiology,15,21-12-2034,Govt Health Center,New Delhi,95,84,1.9,1
Dr. Rohit Verma,Orthopedics,8,22-12-2034,Govt Health Center,Mumbai,16,250,1.91,1
Dr. Rohit Verma,Orthopedics,17,23-12-2034,Metro Hospital,Mumbai,91,217,1.16,1
Dr. Ravi Kumar,Pediatrics,14,24-12-2034,Govt Health Center,Kolkata,30,430,0.83,0
Dr. Ravi Kumar,Cardiology,11,25-12-2034,City Hospital,Mumbai,14,295,1.84,1
Dr. Swati Desai,Pediatrics,13,26-12-2034,Govt Health Center,New Delhi,80,273,1.56,1
Dr. Anil Mehra,Cardiology,16,27-12-2034,Metro Hospital,Mumbai,21,390,0.51,0
Dr. Swati Desai,Dermatology,12,28-12-2034,Metro Hospital,Mumbai,68,107,0.66,0
Dr. Rohit Verma,Cardiology,15,29-12-2034,Govt Health Center,Mumbai,90,339,1.97,0
Dr. Swati Desai,Cardiology,12,30-12-2034,Metro Hospital,Chennai,67,74,0.56,0
Dr. Swati Desai,Dermatology,9,31-12-2034,Metro Hospital,Mumbai,97,489,0.92,0
Dr. Swati Desai,Cardiology,11,01-01-2035,City Hospital,New Delhi,46,81,1.32,1
Dr. Swati Desai,Pediatrics,9,02-01-2035,Govt Health Center,Kolkata,92,159,0.78,0
Dr. Anil Mehra,Orthopedics,14,03-01-2035,City Hospital,Kolkata,54,150,0.85,0
Dr. Anil Mehra,Orthopedics,14,04-01-2035,City Hospital,Chennai,89,199,1.03,1
Dr. Ravi Kumar,Pediatrics,10,05-01-2035,Metro Hospital,New Delhi,34,432,0.9,0
Dr. Rohit Verma,Dermatology,14,06-01-2035,City Hospital,Kolkata,36,394,1.71,0
Dr. Swati Desai,Cardiology,8,07-01-2035,Govt Health Center,Kolkata,60,242,1.25,1
Dr. Ravi Kumar,Pediatrics,8,08-01-2035,Govt Health Center,Mumbai,51,158,0.92,0
Dr. Ravi Kumar,Orthopedics,16,09-01-2035,Govt Health Center,Mumbai,80,405,0.97,0
Dr. Ravi Kumar,Orthopedics,13,10-01-2035,City Hospital,Mumbai,51,326,0.56,0
Dr. Anil Mehra,Pediatrics,12,11-01-2035,Govt Health Center,Chennai,69,282,0.57,0
Dr. Swati Desai,Orthopedics,13,12-01-2035,Govt Health Center,Mumbai,81,70,1.58,1
Dr. Swati Desai,Pediatrics,13,13-01-2035,City Hospital,New Delhi,88,422,0.67,0
Dr. Rohit Verma,Orthopedics,8,14-01-2035,City Hospital,Chennai,67,461,1.21,0
Dr. Swati Desai,Pediatrics,12,15-01-2035,City Hospital,Kolkata,89,301,1.76,0
Dr. Swati Desai,Cardiology,16,16-01-2035,City Hospital,Kolkata,81,452,1.05,0
Dr. Ravi Kumar,Cardiology,11,17-01-2035,Metro Hospital,New Delhi,90,63,1.02,1
Dr. Rohit Verma,Cardiology,10,18-01-2035,City Hospital,New Delhi,31,264,1.81,1
Dr. Swati Desai,Cardiology,8,19-01-2035,City Hospital,Kolkata,67,73,1.8,1
Dr. Anil Mehra,Orthopedics,9,20-01-2035,Govt Health Center,New Delhi,20,69,1.82,1
Dr. Swati Desai,Dermatology,10,21-01-2035,Govt Health Center,New Delhi,15,465,1.36,0
Dr. Ravi Kumar,Pediatrics,11,22-01-2035,City Hospital,New Delhi,31,251,1.93,1
Dr. Anil Mehra,Dermatology,14,23-01-2035,City Hospital,Mumbai,87,485,1.73,0
Dr. Ravi Kumar,Orthopedics,13,24-01-2035,City Hospital,Kolkata,21,370,1.12,0
Dr. Swati Desai,Orthopedics,15,25-01-2035,Govt Health Center,New Delhi,36,101,1.44,1
Dr. Anil Mehra,Dermatology,16,26-01-2035,Govt Health Center,New Delhi,10,406,0.68,0
Dr. Rohit Verma,Dermatology,13,27-01-2035,City Hospital,Mumbai,73,235,1.33,1
Dr. Rohit Verma,Orthopedics,14,28-01-2035,Govt Health Center,Kolkata,83,256,0.89,0
Dr. Anil Mehra,Orthopedics,11,29-01-2035,Govt Health Center,Chennai,89,409,0.93,0
Dr. Anil Mehra,Pediatrics,9,30-01-2035,City Hospital,Kolkata,48,144,0.69,0
Dr. Ravi Kumar,Cardiology,16,31-01-2035,Govt Health Center,Kolkata,69,397,1.04,0
Dr. Anil Mehra,Cardiology,16,01-02-2035,City Hospital,Kolkata,79,315,1.22,0
Dr. Ravi Kumar,Pediatrics,11,02-02-2035,Metro Hospital,Mumbai,63,375,1.4,0
Dr. Swati Desai,Dermatology,10,03-02-2035,Metro Hospital,Kolkata,34,64,0.96,0
Dr. Ravi Kumar,Orthopedics,17,04-02-2035,Metro Hospital,Chennai,29,224,1.69,1
Dr. Anil Mehra,Dermatology,13,05-02-2035,Govt Health Center,New Delhi,45,268,1.28,1
Dr. Anil Mehra,Cardiology,10,06-02-2035,Metro Hospital,Kolkata,32,59,1.46,1
Dr. Swati Desai,Cardiology,8,07-02-2035,Govt Health Center,Mumbai,89,454,0.92,0
Dr. Anil Mehra,Dermatology,11,08-02-2035,City Hospital,Kolkata,10,68,1.72,1
Dr. Anil Mehra,Cardiology,8,09-02-2035,Metro Hospital,Kolkata,36,117,1.44,1
Dr. Rohit Verma,Orthopedics,9,10-02-2035,Govt Health Center,Chennai,61,327,1.79,0
Dr. Rohit Verma,Pediatrics,10,11-02-2035,Metro Hospital,Chennai,11,368,0.74,0
Dr. Swati Desai,Dermatology,15,12-02-2035,Govt Health Center,Mumbai,30,343,1.07,0
Dr. Ravi Kumar,Orthopedics,17,13-02-2035,Govt Health Center,Mumbai,18,64,0.67,0
Dr. Rohit Verma,Orthopedics,11,14-02-2035,City Hospital,Mumbai,97,375,0.82,0
Dr. Ravi Kumar,Cardiology,11,15-02-2035,Govt Health Center,Mumbai,57,163,1.09,1
Dr. Anil Mehra,Orthopedics,17,16-02-2035,Govt Health Center,Mumbai,48,349,1.84,0
Dr. Rohit Verma,Dermatology,16,17-02-2035,Metro Hospital,New Delhi,51,207,1.34,1
Dr. Swati Desai,Orthopedics,14,18-02-2035,City Hospital,New Delhi,80,153,1,0
Dr. Swati Desai,Pediatrics,9,19-02-2035,Govt Health Center,Mumbai,54,329,1.62,0
Dr. Swati Desai,Orthopedics,10,20-02-2035,Metro Hospital,Mumbai,11,135,0.53,0
Dr. Rohit Verma,Orthopedics,11,21-02-2035,City Hospital,New Delhi,85,143,1.06,1
Dr. Ravi Kumar,Pediatrics,11,22-02-2035,Govt Health Center,Chennai,86,223,1.4,1
Dr. Anil Mehra,Orthopedics,17,23-02-2035,Metro Hospital,New Delhi,76,437,1.37,0
Dr. Ravi Kumar,Orthopedics,15,24-02-2035,City Hospital,Mumbai,52,291,1.41,1
Dr. Ravi Kumar,Cardiology,17,25-02-2035,City Hospital,Chennai,27,311,0.82,0
Dr. Anil Mehra,Dermatology,17,26-02-2035,City Hospital,Mumbai,48,343,1.01,0
Dr. Anil Mehra,Cardiology,13,27-02-2035,City Hospital,Kolkata,15,331,1.9,0
Dr. Rohit Verma,Dermatology,10,28-02-2035,Govt Health Center,Chennai,51,196,1.96,1
Dr. Rohit Verma,Pediatrics,16,01-03-2035,Govt Health Center,Mumbai,61,51,0.97,0
Dr. Rohit Verma,Pediatrics,17,02-03-2035,City Hospital,New Delhi,36,117,1.47,1
Dr. Rohit Verma,Pediatrics,15,03-03-2035,City Hospital,Mumbai,88,118,0.86,0
Dr. Rohit Verma,Dermatology,16,04-03-2035,Govt Health Center,New Delhi,24,96,1.05,1
Dr. Anil Mehra,Dermatology,12,05-03-2035,Metro Hospital,Chennai,28,404,1.69,0
Dr. Ravi Kumar,Dermatology,10,06-03-2035,City Hospital,New Delhi,71,462,1.25,0
Dr. Rohit Verma,Pediatrics,11,07-03-2035,Govt Health Center,Chennai,73,113,1.77,1
Dr. Rohit Verma,Dermatology,12,08-03-2035,Govt Health Center,Mumbai,60,129,1.44,1
Dr. Ravi Kumar,Orthopedics,16,09-03-2035,Metro Hospital,New Delhi,56,303,1.44,0
Dr. Rohit Verma,Cardiology,16,10-03-2035,Govt Health Center,Chennai,66,286,0.55,0
Dr. Ravi Kumar,Pediatrics,10,11-03-2035,City Hospital,Chennai,29,445,1.62,0
Dr. Ravi Kumar,Cardiology,14,12-03-2035,Govt Health Center,Chennai,29,378,1.97,0
Dr. Anil Mehra,Orthopedics,13,13-03-2035,City Hospital,Kolkata,91,188,1.21,1
Dr. Swati Desai,Dermatology,11,14-03-2035,Govt Health Center,Chennai,73,313,0.74,0
Dr. Anil Mehra,Cardiology,12,15-03-2035,City Hospital,Mumbai,47,365,1.97,0
Dr. Swati Desai,Orthopedics,17,16-03-2035,City Hospital,Mumbai,47,203,0.94,0
Dr. Swati Desai,Orthopedics,9,17-03-2035,Govt Health Center,Mumbai,74,465,1.11,0
Dr. Swati Desai,Cardiology,14,18-03-2035,City Hospital,Chennai,85,472,0.62,0
Dr. Rohit Verma,Pediatrics,11,19-03-2035,Govt Health Center,Mumbai,14,181,0.67,0
Dr. Anil Mehra,Cardiology,9,20-03-2035,Govt Health Center,Chennai,73,275,0.82,0
Dr. Swati Desai,Pediatrics,13,21-03-2035,Govt Health Center,Chennai,36,141,1.32,1
Dr. Ravi Kumar,Dermatology,9,22-03-2035,City Hospital,Chennai,29,167,1.34,1
Dr. Rohit Verma,Pediatrics,17,23-03-2035,Govt Health Center,Kolkata,69,175,1.41,1
Dr. Anil Mehra,Dermatology,9,24-03-2035,Metro Hospital,New Delhi,49,424,1.38,0
Dr. Swati Desai,Cardiology,14,25-03-2035,City Hospital,Mumbai,92,477,1.24,0
Dr. Ravi Kumar,Dermatology,8,26-03-2035,Metro Hospital,Kolkata,88,276,1.7,1
Dr. Anil Mehra,Orthopedics,14,27-03-2035,Metro Hospital,Mumbai,15,388,1.9,0
Dr. Anil Mehra,Dermatology,17,28-03-2035,Metro Hospital,Kolkata,82,468,0.9,0
Dr. Rohit Verma,Pediatrics,12,29-03-2035,Metro Hospital,New Delhi,45,484,0.7,0
Dr. Anil Mehra,Pediatrics,8,30-03-2035,Govt Health Center,New Delhi,96,228,1.14,1
Dr. Rohit Verma,Pediatrics,13,31-03-2035,Metro Hospital,New Delhi,83,462,0.54,0
Dr. Swati Desai,Dermatology,14,01-04-2035,City Hospital,New Delhi,74,134,1.82,1
Dr. Rohit Verma,Pediatrics,8,02-04-2035,Metro Hospital,Chennai,20,213,0.86,0
Dr. Ravi Kumar,Pediatrics,16,03-04-2035,Metro Hospital,Mumbai,58,279,1.32,1
Dr. Rohit Verma,Orthopedics,14,04-04-2035,Metro Hospital,Mumbai,93,255,0.67,0
Dr. Ravi Kumar,Dermatology,8,05-04-2035,Govt Health Center,Mumbai,37,153,1.33,1
Dr. Rohit Verma,Orthopedics,10,06-04-2035,Metro Hospital,Chennai,31,163,0.56,0
Dr. Anil Mehra,Pediatrics,12,07-04-2035,Metro Hospital,Mumbai,93,237,1.65,1
Dr. Swati Desai,Pediatrics,11,08-04-2035,Metro Hospital,New Delhi,56,320,1.93,0
Dr. Ravi Kumar,Pediatrics,9,09-04-2035,City Hospital,Mumbai,89,100,0.96,0
Dr. Rohit Verma,Dermatology,8,10-04-2035,Govt Health Center,Mumbai,75,355,0.89,0
Dr. Rohit Verma,Cardiology,11,11-04-2035,Govt Health Center,Kolkata,34,271,1.17,1
Dr. Rohit Verma,Pediatrics,14,12-04-2035,Govt Health Center,Chennai,76,160,1.43,1
Dr. Anil Mehra,Pediatrics,11,13-04-2035,City Hospital,New Delhi,96,104,0.78,0
Dr. Anil Mehra,Pediatrics,16,14-04-2035,Metro Hospital,New Delhi,41,61,1.7,1
Dr. Ravi Kumar,Pediatrics,15,15-04-2035,City Hospital,New Delhi,26,483,0.8,0
Dr. Ravi Kumar,Dermatology,15,16-04-2035,Govt Health Center,Mumbai,49,239,0.51,0
Dr. Anil Mehra,Cardiology,12,17-04-2035,Govt Health Center,New Delhi,93,438,1.29,0
Dr. Ravi Kumar,Cardiology,8,18-04-2035,Govt Health Center,New Delhi,39,204,0.67,0
Dr. Swati Desai,Cardiology,16,19-04-2035,City Hospital,Kolkata,68,384,1.55,0
Dr. Swati Desai,Pediatrics,9,20-04-2035,Govt Health Center,Mumbai,37,395,0.75,0
Dr. Anil Mehra,Pediatrics,13,21-04-2035,Metro Hospital,Kolkata,56,314,1.73,0
Dr. Ravi Kumar,Cardiology,17,22-04-2035,City Hospital,Chennai,32,409,1.21,0
Dr. Rohit Verma,Cardiology,12,23-04-2035,Metro Hospital,Mumbai,92,153,1.35,1
Dr. Swati Desai,Pediatrics,17,24-04-2035,Govt Health Center,Kolkata,66,212,0.78,0
Dr. Anil Mehra,Pediatrics,15,25-04-2035,Govt Health Center,Chennai,98,190,0.72,0
Dr. Ravi Kumar,Orthopedics,10,26-04-2035,City Hospital,Kolkata,97,286,1.45,1
Dr. Anil Mehra,Orthopedics,13,27-04-2035,Metro Hospital,Chennai,10,93,0.88,0
Dr. Rohit Verma,Orthopedics,13,28-04-2035,City Hospital,New Delhi,38,288,1.08,1
Dr. Swati Desai,Cardiology,17,29-04-2035,Metro Hospital,New Delhi,59,479,1.22,0
Dr. Anil Mehra,Dermatology,10,30-04-2035,Govt Health Center,Mumbai,73,146,0.84,0
Dr. Anil Mehra,Pediatrics,14,01-05-2035,City Hospital,Kolkata,90,147,1.69,1
Dr. Anil Mehra,Orthopedics,11,02-05-2035,City Hospital,Kolkata,84,424,1.91,0
Dr. Rohit Verma,Dermatology,12,03-05-2035,Metro Hospital,Chennai,46,373,1.15,0
Dr. Anil Mehra,Pediatrics,16,04-05-2035,Govt Health Center,Mumbai,70,102,1.88,1
Dr. Rohit Verma,Dermatology,13,05-05-2035,Govt Health Center,New Delhi,16,158,1.82,1
Dr. Rohit Verma,Cardiology,17,06-05-2035,Metro Hospital,Kolkata,99,306,0.75,0
Dr. Rohit Verma,Cardiology,11,07-05-2035,Metro Hospital,Chennai,96,60,0.76,0
Dr. Swati Desai,Cardiology,15,08-05-2035,Metro Hospital,New Delhi,73,227,1.22,1
Dr. Swati Desai,Orthopedics,16,09-05-2035,Metro Hospital,New Delhi,27,442,1.29,0
Dr. Anil Mehra,Pediatrics,17,10-05-2035,Metro Hospital,New Delhi,38,343,1.01,0
Dr. Anil Mehra,Cardiology,12,11-05-2035,Govt Health Center,Chennai,69,446,0.97,0
Dr. Swati Desai,Orthopedics,9,12-05-2035,Govt Health Center,Chennai,63,438,1.15,0
Dr. Ravi Kumar,Orthopedics,13,13-05-2035,City Hospital,New Delhi,81,74,1.54,1
Dr. Swati Desai,Orthopedics,15,14-05-2035,Govt Health Center,Chennai,30,175,0.63,0
Dr. Rohit Verma,Orthopedics,12,15-05-2035,Metro Hospital,New Delhi,30,315,1.57,0
Dr. Swati Desai,Cardiology,8,16-05-2035,Govt Health Center,New Delhi,67,182,1.89,1
Dr. Rohit Verma,Orthopedics,15,17-05-2035,Govt Health Center,New Delhi,58,327,1.65,0
Dr. Anil Mehra,Cardiology,16,18-05-2035,Govt Health Center,Chennai,45,91,0.79,0
Dr. Ravi Kumar,Cardiology,8,19-05-2035,City Hospital,Mumbai,26,150,0.63,0
Dr. Anil Mehra,Orthopedics,15,20-05-2035,City Hospital,Mumbai,89,453,1.24,0
Dr. Rohit Verma,Cardiology,17,21-05-2035,Metro Hospital,Chennai,62,333,1.93,0
Dr. Rohit Verma,Pediatrics,9,22-05-2035,Metro Hospital,Kolkata,24,326,1.73,0
Dr. Rohit Verma,Pediatrics,11,23-05-2035,City Hospital,Chennai,88,188,1.34,1
Dr. Ravi Kumar,Dermatology,9,24-05-2035,Govt Health Center,Kolkata,49,270,0.71,0
Dr. Swati Desai,Pediatrics,9,25-05-2035,Govt Health Center,New Delhi,90,118,1.57,1
Dr. Anil Mehra,Cardiology,17,26-05-2035,City Hospital,Kolkata,60,342,1.72,0
Dr. Anil Mehra,Cardiology,10,27-05-2035,Metro Hospital,New Delhi,74,226,1.9,1
Dr. Swati Desai,Pediatrics,15,28-05-2035,Govt Health Center,Mumbai,22,422,1.42,0
Dr. Anil Mehra,Orthopedics,11,29-05-2035,Metro Hospital,New Delhi,47,246,1.27,1
Dr. Ravi Kumar,Orthopedics,14,30-05-2035,Govt Health Center,Kolkata,83,82,1.43,1
Dr. Anil Mehra,Cardiology,17,31-05-2035,Metro Hospital,Mumbai,35,350,1.91,0
Dr. Rohit Verma,Orthopedics,10,01-06-2035,Govt Health Center,Mumbai,85,277,1.44,1
Dr. Swati Desai,Dermatology,17,02-06-2035,Metro Hospital,Chennai,92,185,0.89,0
Dr. Ravi Kumar,Dermatology,10,03-06-2035,Metro Hospital,Kolkata,24,421,1.45,0
Dr. Swati Desai,Pediatrics,9,04-06-2035,Metro Hospital,Kolkata,14,183,1.82,1
Dr. Ravi Kumar,Pediatrics,13,05-06-2035,City Hospital,Chennai,11,448,1.35,0
Dr. Rohit Verma,Orthopedics,13,06-06-2035,Metro Hospital,Chennai,87,192,1.25,1
Dr. Swati Desai,Cardiology,8,07-06-2035,City Hospital,Mumbai,74,294,1.6,1
Dr. Anil Mehra,Pediatrics,14,08-06-2035,City Hospital,Chennai,86,186,1.49,1
Dr. Ravi Kumar,Dermatology,11,09-06-2035,Metro Hospital,Mumbai,69,110,0.59,0
Dr. Swati Desai,Pediatrics,10,10-06-2035,City Hospital,Kolkata,65,105,1.59,1
Dr. Anil Mehra,Pediatrics,15,11-06-2035,City Hospital,Chennai,87,182,1.11,1
Dr. Swati Desai,Dermatology,9,12-06-2035,City Hospital,Kolkata,47,431,1.91,0
Dr. Swati Desai,Cardiology,16,13-06-2035,Govt Health Center,Mumbai,66,459,1.96,0
Dr. Swati Desai,Pediatrics,15,14-06-2035,Metro Hospital,New Delhi,60,257,1.17,1
Dr. Ravi Kumar,Pediatrics,15,15-06-2035,City Hospital,New Delhi,50,175,1.95,1
Dr. Anil Mehra,Pediatrics,10,16-06-2035,Metro Hospital,Kolkata,88,172,0.97,0
Dr. Rohit Verma,Orthopedics,11,17-06-2035,City Hospital,Mumbai,79,490,1.52,0
Dr. Ravi Kumar,Pediatrics,9,18-06-2035,Metro Hospital,Mumbai,92,280,0.61,0
Dr. Ravi Kumar,Dermatology,9,19-06-2035,City Hospital,New Delhi,61,84,0.72,0
Dr. Ravi Kumar,Cardiology,11,20-06-2035,Govt Health Center,Mumbai,10,315,1.8,0
Dr. Rohit Verma,Cardiology,13,21-06-2035,Govt Health Center,Mumbai,94,140,1.84,1
Dr. Anil Mehra,Dermatology,12,22-06-2035,Govt Health Center,Kolkata,27,70,1.3,1
Dr. Anil Mehra,Orthopedics,8,23-06-2035,City Hospital,New Delhi,36,189,1.01,1
Dr. Anil Mehra,Dermatology,17,24-06-2035,Metro Hospital,Mumbai,81,314,1.18,0
Dr. Swati Desai,Cardiology,8,25-06-2035,City Hospital,Kolkata,85,449,1.8,0
Dr. Swati Desai,Dermatology,13,26-06-2035,Govt Health Center,Chennai,51,169,0.82,0
Dr. Swati Desai,Orthopedics,10,27-06-2035,City Hospital,New Delhi,15,270,0.94,0
Dr. Rohit Verma,Cardiology,10,28-06-2035,Metro Hospital,Kolkata,99,487,1.68,0
Dr. Swati Desai,Orthopedics,14,29-06-2035,Govt Health Center,Chennai,89,432,1.9,0
Dr. Rohit Verma,Dermatology,8,30-06-2035,City Hospital,Mumbai,92,72,0.64,0
Dr. Anil Mehra,Pediatrics,8,01-07-2035,Metro Hospital,Mumbai,91,88,1.71,1
Dr. Swati Desai,Dermatology,17,02-07-2035,Govt Health Center,Chennai,33,284,1.47,1
Dr. Swati Desai,Orthopedics,10,03-07-2035,Metro Hospital,Kolkata,54,290,0.85,0
Dr. Ravi Kumar,Dermatology,15,04-07-2035,Metro Hospital,Mumbai,93,177,1.63,1
Dr. Rohit Verma,Pediatrics,8,05-07-2035,Govt Health Center,Mumbai,80,71,1.59,1
Dr. Anil Mehra,Orthopedics,17,06-07-2035,City Hospital,Kolkata,16,104,0.71,0
Dr. Ravi Kumar,Dermatology,11,07-07-2035,City Hospital,Kolkata,25,464,1.25,0
Dr. Ravi Kumar,Orthopedics,16,08-07-2035,City Hospital,Chennai,67,379,1.64,0
Dr. Anil Mehra,Orthopedics,11,09-07-2035,City Hospital,Mumbai,66,96,0.79,0
Dr. Ravi Kumar,Cardiology,17,10-07-2035,Metro Hospital,Kolkata,51,283,1.19,1
Dr. Rohit Verma,Cardiology,15,11-07-2035,City Hospital,New Delhi,23,76,0.68,0
Dr. Rohit Verma,Orthopedics,14,12-07-2035,City Hospital,Chennai,65,433,0.96,0
Dr. Swati Desai,Dermatology,10,13-07-2035,Metro Hospital,Chennai,21,97,0.83,0
Dr. Ravi Kumar,Dermatology,14,14-07-2035,Metro Hospital,Chennai,24,216,1.26,1
Dr. Swati Desai,Dermatology,14,15-07-2035,Govt Health Center,Chennai,17,454,0.71,0
Dr. Ravi Kumar,Pediatrics,17,16-07-2035,Metro Hospital,New Delhi,67,320,1.07,0
Dr. Rohit Verma,Orthopedics,10,17-07-2035,Govt Health Center,Chennai,62,130,0.91,0
Dr. Rohit Verma,Orthopedics,9,18-07-2035,Govt Health Center,Chennai,18,167,1.62,1
Dr. Rohit Verma,Pediatrics,16,19-07-2035,City Hospital,Kolkata,55,94,1.55,1
Dr. Ravi Kumar,Orthopedics,8,20-07-2035,City Hospital,Mumbai,16,324,0.64,0
Dr. Rohit Verma,Orthopedics,14,21-07-2035,City Hospital,Chennai,53,230,1.93,1
Dr. Ravi Kumar,Pediatrics,11,22-07-2035,Metro Hospital,Kolkata,23,360,1.62,0
Dr. Swati Desai,Cardiology,9,23-07-2035,Metro Hospital,Kolkata,84,281,1.42,1
Dr. Ravi Kumar,Orthopedics,9,24-07-2035,City Hospital,Mumbai,15,135,1.22,1
Dr. Swati Desai,Pediatrics,15,25-07-2035,City Hospital,Kolkata,44,154,0.77,0
Dr. Ravi Kumar,Dermatology,14,26-07-2035,Metro Hospital,Kolkata,79,292,1.94,1
Dr. Swati Desai,Cardiology,14,27-07-2035,Govt Health Center,Chennai,70,226,0.51,0
Dr. Rohit Verma,Dermatology,12,28-07-2035,Govt Health Center,Chennai,33,283,1.54,1
Dr. Swati Desai,Orthopedics,17,29-07-2035,City Hospital,Kolkata,82,127,1.26,1
Dr. Rohit Verma,Cardiology,15,30-07-2035,City Hospital,New Delhi,11,175,1.85,1
Dr. Rohit Verma,Pediatrics,9,31-07-2035,City Hospital,Mumbai,87,238,1.07,1
Dr. Swati Desai,Orthopedics,9,01-08-2035,Govt Health Center,Kolkata,60,109,1.28,1
Dr. Ravi Kumar,Pediatrics,12,02-08-2035,City Hospital,Kolkata,40,269,1.61,1
Dr. Ravi Kumar,Cardiology,8,03-08-2035,Govt Health Center,New Delhi,36,125,0.57,0
Dr. Anil Mehra,Dermatology,13,04-08-2035,Metro Hospital,Mumbai,40,140,0.58,0
Dr. Ravi Kumar,Orthopedics,11,05-08-2035,Metro Hospital,Kolkata,79,165,0.82,0
Dr. Anil Mehra,Orthopedics,13,06-08-2035,Metro Hospital,Kolkata,52,329,0.72,0
Dr. Ravi Kumar,Pediatrics,14,07-08-2035,City Hospital,Chennai,91,216,0.51,0
Dr. Ravi Kumar,Cardiology,10,08-08-2035,Metro Hospital,Kolkata,61,175,1.43,1
Dr. Rohit Verma,Pediatrics,15,09-08-2035,Govt Health Center,New Delhi,23,494,1.69,0
Dr. Anil Mehra,Cardiology,14,10-08-2035,Govt Health Center,Kolkata,68,282,1.94,1
Dr. Ravi Kumar,Orthopedics,8,11-08-2035,Govt Health Center,Mumbai,29,163,1.16,1
Dr. Anil Mehra,Cardiology,13,12-08-2035,City Hospital,Mumbai,61,149,0.92,0
Dr. Rohit Verma,Orthopedics,14,13-08-2035,City Hospital,New Delhi,84,200,1.8,1
Dr. Rohit Verma,Cardiology,11,14-08-2035,Govt Health Center,Kolkata,49,121,1.77,1
Dr. Anil Mehra,Dermatology,9,15-08-2035,Govt Health Center,Kolkata,77,419,1.44,0
Dr. Rohit Verma,Cardiology,17,16-08-2035,Govt Health Center,Kolkata,53,398,0.91,0
Dr. Swati Desai,Dermatology,16,17-08-2035,Govt Health Center,Kolkata,15,216,1.86,1
Dr. Swati Desai,Cardiology,14,18-08-2035,Metro Hospital,Kolkata,96,121,0.77,0
Dr. Rohit Verma,Cardiology,8,19-08-2035,Govt Health Center,Mumbai,66,397,0.57,0
Dr. Swati Desai,Pediatrics,15,20-08-2035,City Hospital,Chennai,67,402,1.69,0
Dr. Ravi Kumar,Pediatrics,10,21-08-2035,City Hospital,Mumbai,81,60,1.35,1
Dr. Anil Mehra,Orthopedics,11,22-08-2035,City Hospital,Chennai,39,347,0.87,0
Dr. Ravi Kumar,Pediatrics,12,23-08-2035,City Hospital,Mumbai,61,278,1.51,1
Dr. Anil Mehra,Cardiology,8,24-08-2035,City Hospital,New Delhi,20,175,1.65,1
Dr. Rohit Verma,Pediatrics,13,25-08-2035,Govt Health Center,Kolkata,56,202,1.77,1
Dr. Ravi Kumar,Cardiology,17,26-08-2035,Govt Health Center,Chennai,14,211,0.92,0
Dr. Rohit Verma,Dermatology,13,27-08-2035,Metro Hospital,Mumbai,12,327,0.54,0
Dr. Rohit Verma,Cardiology,9,28-08-2035,Metro Hospital,Chennai,24,435,1.27,0
Dr. Anil Mehra,Orthopedics,17,29-08-2035,Metro Hospital,Kolkata,11,228,1.78,1
Dr. Anil Mehra,Dermatology,13,30-08-2035,Govt Health Center,New Delhi,11,193,0.81,0
Dr. Anil Mehra,Orthopedics,15,31-08-2035,Metro Hospital,Kolkata,81,188,1.13,1
Dr. Ravi Kumar,Orthopedics,13,01-09-2035,Govt Health Center,Mumbai,63,255,0.88,0
Dr. Swati Desai,Orthopedics,11,02-09-2035,City Hospital,Mumbai,55,145,0.52,0
Dr. Anil Mehra,Pediatrics,11,03-09-2035,Govt Health Center,Chennai,50,263,1.85,1
Dr. Anil Mehra,Orthopedics,16,04-09-2035,Govt Health Center,New Delhi,78,118,0.7,0
Dr. Ravi Kumar,Dermatology,13,05-09-2035,City Hospital,New Delhi,39,405,1.65,0
Dr. Anil Mehra,Cardiology,15,06-09-2035,City Hospital,Mumbai,53,367,1.02,0
Dr. Ravi Kumar,Orthopedics,15,07-09-2035,City Hospital,Chennai,19,68,0.92,0
Dr. Rohit Verma,Dermatology,14,08-09-2035,Metro Hospital,Kolkata,97,462,1.91,0
Dr. Anil Mehra,Orthopedics,10,09-09-2035,Metro Hospital,Kolkata,92,475,1.49,0
Dr. Anil Mehra,Cardiology,17,10-09-2035,Metro Hospital,Mumbai,39,456,1.53,0
Dr. Rohit Verma,Dermatology,8,11-09-2035,City Hospital,Mumbai,98,365,1.64,0
Dr. Rohit Verma,Dermatology,12,12-09-2035,Metro Hospital,Kolkata,84,451,1.01,0
Dr. Rohit Verma,Cardiology,17,13-09-2035,City Hospital,Kolkata,58,400,1.35,0
Dr. Anil Mehra,Dermatology,17,14-09-2035,City Hospital,Kolkata,44,150,0.91,0
Dr. Swati Desai,Cardiology,9,15-09-2035,City Hospital,Chennai,74,130,1.75,1
Dr. Swati Desai,Dermatology,17,16-09-2035,Metro Hospital,New Delhi,26,232,1.4,1
Dr. Swati Desai,Dermatology,9,17-09-2035,Metro Hospital,Mumbai,40,67,0.87,0
Dr. Anil Mehra,Cardiology,14,18-09-2035,City Hospital,Mumbai,79,204,1.85,1
Dr. Rohit Verma,Cardiology,10,19-09-2035,Metro Hospital,Chennai,86,390,1.37,0
Dr. Anil Mehra,Dermatology,15,20-09-2035,Govt Health Center,Kolkata,61,178,1.24,1
Dr. Rohit Verma,Dermatology,16,21-09-2035,Metro Hospital,Chennai,35,447,0.55,0
Dr. Anil Mehra,Cardiology,15,22-09-2035,City Hospital,Kolkata,14,364,1.86,0
Dr. Anil Mehra,Pediatrics,13,23-09-2035,City Hospital,Mumbai,23,415,1.93,0
Dr. Rohit Verma,Cardiology,12,24-09-2035,City Hospital,New Delhi,60,210,1.34,1
Dr. Swati Desai,Dermatology,10,25-09-2035,Govt Health Center,Chennai,24,469,1.16,0
Dr. Rohit Verma,Dermatology,10,26-09-2035,City Hospital,Kolkata,21,168,1.04,1
Dr. Ravi Kumar,Dermatology,14,27-09-2035,City Hospital,Mumbai,55,472,0.9,0
Dr. Ravi Kumar,Cardiology,12,28-09-2035,Metro Hospital,New Delhi,73,425,1.36,0
Dr. Rohit Verma,Dermatology,13,29-09-2035,Govt Health Center,Chennai,81,381,0.69,0
Dr. Anil Mehra,Pediatrics,13,30-09-2035,Metro Hospital,Chennai,68,222,1.88,1
Dr. Ravi Kumar,Orthopedics,16,01-10-2035,City Hospital,Mumbai,35,202,0.76,0
Dr. Ravi Kumar,Pediatrics,8,02-10-2035,City Hospital,Chennai,38,448,1.62,0
Dr. Anil Mehra,Cardiology,15,03-10-2035,Govt Health Center,Mumbai,13,69,0.96,0
Dr. Anil Mehra,Dermatology,17,04-10-2035,City Hospital,Chennai,59,83,0.84,0
Dr. Swati Desai,Cardiology,12,05-10-2035,Govt Health Center,New Delhi,34,363,1.34,0
Dr. Anil Mehra,Orthopedics,13,06-10-2035,Metro Hospital,New Delhi,49,109,1.65,1
Dr. Rohit Verma,Cardiology,13,07-10-2035,Govt Health Center,Chennai,41,207,1.59,1
Dr. Rohit Verma,Dermatology,8,08-10-2035,Metro Hospital,Mumbai,84,413,0.85,0
Dr. Swati Desai,Orthopedics,10,09-10-2035,City Hospital,Kolkata,46,446,1,0
Dr. Ravi Kumar,Orthopedics,13,10-10-2035,Metro Hospital,Chennai,19,255,1.8,1
Dr. Ravi Kumar,Dermatology,16,11-10-2035,Metro Hospital,Kolkata,47,142,1.58,1
Dr. Anil Mehra,Dermatology,13,12-10-2035,Metro Hospital,Mumbai,70,267,1.57,1
Dr. Rohit Verma,Dermatology,13,13-10-2035,Govt Health Center,Kolkata,36,372,0.9,0
Dr. Ravi Kumar,Cardiology,8,14-10-2035,Metro Hospital,Chennai,90,138,1.69,1
Dr. Swati Desai,Pediatrics,16,15-10-2035,Govt Health Center,New Delhi,16,222,1.04,1
Dr. Swati Desai,Cardiology,11,16-10-2035,Govt Health Center,Mumbai,82,89,1.1,1
Dr. Rohit Verma,Cardiology,9,17-10-2035,Govt Health Center,New Delhi,18,471,0.93,0
Dr. Swati Desai,Pediatrics,8,18-10-2035,City Hospital,New Delhi,68,252,0.68,0
Dr. Swati Desai,Dermatology,10,19-10-2035,City Hospital,New Delhi,45,270,1.13,1
Dr. Rohit Verma,Dermatology,10,20-10-2035,City Hospital,Chennai,39,96,0.53,0
Dr. Anil Mehra,Pediatrics,12,21-10-2035,Govt Health Center,Mumbai,28,292,1.18,1
Dr. Anil Mehra,Pediatrics,8,22-10-2035,City Hospital,Kolkata,50,137,1.59,1
Dr. Swati Desai,Cardiology,14,23-10-2035,Metro Hospital,New Delhi,64,206,1.94,1
Dr. Anil Mehra,Orthopedics,8,24-10-2035,Govt Health Center,Kolkata,96,211,0.62,0
Dr. Anil Mehra,Pediatrics,11,25-10-2035,City Hospital,Mumbai,93,444,0.92,0
Dr. Swati Desai,Cardiology,13,26-10-2035,Govt Health Center,Mumbai,15,69,1.24,1
Dr. Anil Mehra,Orthopedics,8,27-10-2035,City Hospital,Kolkata,97,197,0.76,0
Dr. Swati Desai,Dermatology,14,28-10-2035,Metro Hospital,Kolkata,31,250,0.68,0
Dr. Ravi Kumar,Dermatology,17,29-10-2035,Govt Health Center,New Delhi,79,361,1.18,0
Dr. Rohit Verma,Cardiology,14,30-10-2035,City Hospital,Kolkata,33,200,1.37,1
Dr. Rohit Verma,Cardiology,10,31-10-2035,City Hospital,Kolkata,71,149,1.73,1
Dr. Anil Mehra,Pediatrics,11,01-11-2035,Metro Hospital,Chennai,51,296,2,1
Dr. Anil Mehra,Dermatology,13,02-11-2035,Metro Hospital,New Delhi,31,162,1.66,1
Dr. Anil Mehra,Cardiology,14,03-11-2035,City Hospital,New Delhi,91,268,0.83,0
Dr. Rohit Verma,Dermatology,11,04-11-2035,City Hospital,Mumbai,25,393,1.62,0
Dr. Ravi Kumar,Dermatology,17,05-11-2035,Govt Health Center,Kolkata,22,409,1.31,0
Dr. Ravi Kumar,Pediatrics,16,06-11-2035,Govt Health Center,Chennai,46,74,1.18,1
Dr. Rohit Verma,Orthopedics,16,07-11-2035,City Hospital,Mumbai,61,338,1.9,0
Dr. Ravi Kumar,Pediatrics,16,08-11-2035,Metro Hospital,Chennai,33,464,1.55,0
Dr. Rohit Verma,Cardiology,17,09-11-2035,Govt Health Center,New Delhi,92,152,1.52,1
Dr. Ravi Kumar,Pediatrics,13,10-11-2035,City Hospital,Kolkata,93,128,0.52,0
Dr. Swati Desai,Pediatrics,9,11-11-2035,Metro Hospital,Chennai,26,434,1.8,0
Dr. Swati Desai,Dermatology,9,12-11-2035,Metro Hospital,Mumbai,25,487,1.69,0
Dr. Rohit Verma,Pediatrics,11,13-11-2035,City Hospital,New Delhi,10,65,0.95,0
Dr. Ravi Kumar,Cardiology,16,14-11-2035,City Hospital,Chennai,94,390,0.94,0
Dr. Anil Mehra,Orthopedics,10,15-11-2035,Govt Health Center,Chennai,10,108,0.58,0
Dr. Ravi Kumar,Pediatrics,13,16-11-2035,City Hospital,Mumbai,39,243,0.58,0
Dr. Swati Desai,Pediatrics,9,17-11-2035,Govt Health Center,Chennai,93,174,1.5,1
Dr. Swati Desai,Orthopedics,8,18-11-2035,Metro Hospital,New Delhi,33,436,0.78,0
Dr. Ravi Kumar,Cardiology,12,19-11-2035,Govt Health Center,Chennai,55,448,1.89,0
Dr. Ravi Kumar,Cardiology,15,20-11-2035,City Hospital,Kolkata,11,81,1.76,1
Dr. Anil Mehra,Pediatrics,17,21-11-2035,Govt Health Center,Kolkata,24,227,1.02,1
Dr. Anil Mehra,Dermatology,17,22-11-2035,Metro Hospital,Mumbai,38,416,1.07,0
Dr. Ravi Kumar,Pediatrics,9,23-11-2035,Metro Hospital,Kolkata,71,268,0.99,0
Dr. Ravi Kumar,Orthopedics,17,24-11-2035,City Hospital,Kolkata,22,149,0.64,0
Dr. Ravi Kumar,Orthopedics,16,25-11-2035,Govt Health Center,Chennai,92,493,0.55,0
Dr. Ravi Kumar,Orthopedics,15,26-11-2035,City Hospital,New Delhi,74,152,1.18,1
Dr. Rohit Verma,Pediatrics,10,27-11-2035,City Hospital,New Delhi,54,421,1.91,0
Dr. Ravi Kumar,Pediatrics,8,28-11-2035,Metro Hospital,Chennai,56,167,1.88,1
Dr. Anil Mehra,Cardiology,11,29-11-2035,Govt Health Center,Kolkata,25,292,1.71,1
Dr. Swati Desai,Dermatology,15,30-11-2035,City Hospital,Chennai,12,168,1.44,1
Dr. Rohit Verma,Pediatrics,10,01-12-2035,Metro Hospital,Kolkata,79,441,1.78,0
Dr. Ravi Kumar,Cardiology,17,02-12-2035,City Hospital,Kolkata,14,56,1.27,1
Dr. Swati Desai,Pediatrics,9,03-12-2035,Govt Health Center,Kolkata,35,437,0.77,0
Dr. Rohit Verma,Cardiology,14,04-12-2035,City Hospital,New Delhi,24,59,1.53,1
Dr. Swati Desai,Cardiology,11,05-12-2035,Govt Health Center,Mumbai,82,365,1.88,0
Dr. Ravi Kumar,Dermatology,13,06-12-2035,Metro Hospital,New Delhi,64,330,0.53,0
Dr. Ravi Kumar,Pediatrics,12,07-12-2035,Metro Hospital,Kolkata,31,91,0.88,0
Dr. Anil Mehra,Cardiology,9,08-12-2035,City Hospital,Chennai,46,96,0.9,0
Dr. Ravi Kumar,Orthopedics,17,09-12-2035,Metro Hospital,Chennai,94,145,0.65,0
Dr. Ravi Kumar,Orthopedics,9,10-12-2035,City Hospital,Kolkata,38,295,0.84,0
Dr. Rohit Verma,Orthopedics,16,11-12-2035,City Hospital,Mumbai,35,273,1.08,1
Dr. Anil Mehra,Dermatology,17,12-12-2035,Govt Health Center,New Delhi,79,163,1.91,1
Dr. Rohit Verma,Cardiology,9,13-12-2035,City Hospital,New Delhi,20,81,1.79,1
Dr. Swati Desai,Dermatology,15,14-12-2035,Govt Health Center,Kolkata,29,379,1.92,0
Dr. Ravi Kumar,Pediatrics,15,15-12-2035,City Hospital,Kolkata,93,202,0.68,0
Dr. Swati Desai,Pediatrics,8,16-12-2035,Govt Health Center,Mumbai,79,266,0.54,0
Dr. Rohit Verma,Cardiology,8,17-12-2035,Metro Hospital,New Delhi,42,295,0.66,0
Dr. Ravi Kumar,Orthopedics,11,18-12-2035,City Hospital,Mumbai,39,321,1.87,0
Dr. Ravi Kumar,Cardiology,9,19-12-2035,Govt Health Center,New Delhi,59,482,0.74,0
Dr. Rohit Verma,Cardiology,8,20-12-2035,City Hospital,Mumbai,43,449,1.36,0
Dr. Rohit Verma,Cardiology,16,21-12-2035,Govt Health Center,Mumbai,14,399,0.84,0
Dr. Rohit Verma,Dermatology,10,22-12-2035,Govt Health Center,Mumbai,89,471,0.53,0
Dr. Rohit Verma,Pediatrics,8,23-12-2035,City Hospital,Chennai,21,310,0.63,0
Dr. Rohit Verma,Cardiology,9,24-12-2035,City Hospital,Chennai,85,56,1.56,1
Dr. Ravi Kumar,Cardiology,15,25-12-2035,Metro Hospital,Chennai,84,254,0.77,0
Dr. Rohit Verma,Cardiology,12,26-12-2035,Metro Hospital,New Delhi,61,313,0.84,0
Dr. Ravi Kumar,Dermatology,14,27-12-2035,Metro Hospital,Mumbai,60,338,1.07,0
Dr. Ravi Kumar,Dermatology,13,28-12-2035,City Hospital,Kolkata,30,367,1.49,0
Dr. Rohit Verma,Dermatology,8,29-12-2035,Metro Hospital,Kolkata,80,251,1.2,1
Dr. Rohit Verma,Cardiology,13,30-12-2035,Govt Health Center,New Delhi,67,165,1.92,1
Dr. Anil Mehra,Orthopedics,14,31-12-2035,City Hospital,New Delhi,73,261,1.15,1
Dr. Ravi Kumar,Orthopedics,11,01-01-2036,Govt Health Center,Kolkata,15,209,0.8,0
Dr. Rohit Verma,Orthopedics,15,02-01-2036,Govt Health Center,Mumbai,58,178,1.3,1
Dr. Rohit Verma,Pediatrics,15,03-01-2036,Govt Health Center,Chennai,81,396,1.18,0
Dr. Rohit Verma,Cardiology,14,04-01-2036,City Hospital,New Delhi,46,197,1.68,1
Dr. Anil Mehra,Orthopedics,9,05-01-2036,City Hospital,New Delhi,19,360,1.9,0
Dr. Anil Mehra,Orthopedics,13,06-01-2036,Metro Hospital,New Delhi,89,496,1.75,0
Dr. Swati Desai,Orthopedics,13,07-01-2036,Metro Hospital,Kolkata,75,127,1.08,1
Dr. Ravi Kumar,Cardiology,14,08-01-2036,Metro Hospital,Chennai,65,311,0.82,0
Dr. Swati Desai,Orthopedics,13,09-01-2036,Metro Hospital,Mumbai,92,101,1.87,1
Dr. Rohit Verma,Orthopedics,9,10-01-2036,Govt Health Center,Mumbai,80,307,1.08,0
Dr. Anil Mehra,Cardiology,15,11-01-2036,City Hospital,Kolkata,75,270,1.66,1
Dr. Anil Mehra,Pediatrics,11,12-01-2036,Metro Hospital,New Delhi,54,88,1.98,1
Dr. Swati Desai,Dermatology,16,13-01-2036,Govt Health Center,Kolkata,96,297,1.37,1
Dr. Anil Mehra,Orthopedics,15,14-01-2036,City Hospital,Kolkata,77,426,1.22,0
Dr. Rohit Verma,Dermatology,10,15-01-2036,City Hospital,Mumbai,73,337,1.55,0
Dr. Anil Mehra,Pediatrics,10,16-01-2036,City Hospital,Chennai,25,303,0.79,0
Dr. Swati Desai,Pediatrics,15,17-01-2036,Govt Health Center,Mumbai,19,165,1.23,1
Dr. Rohit Verma,Orthopedics,9,18-01-2036,Metro Hospital,Kolkata,30,484,0.97,0
Dr. Swati Desai,Cardiology,16,19-01-2036,City Hospital,Kolkata,21,246,0.75,0
Dr. Anil Mehra,Pediatrics,11,20-01-2036,Govt Health Center,New Delhi,22,263,1.42,1
Dr. Swati Desai,Dermatology,13,21-01-2036,City Hospital,New Delhi,90,141,1.36,1
Dr. Swati Desai,Dermatology,10,22-01-2036,Govt Health Center,Kolkata,91,81,1.64,1
Dr. Ravi Kumar,Dermatology,10,23-01-2036,Metro Hospital,Mumbai,19,142,1.81,1
Dr. Anil Mehra,Dermatology,10,24-01-2036,Metro Hospital,New Delhi,22,281,0.83,0
Dr. Anil Mehra,Pediatrics,17,25-01-2036,City Hospital,Chennai,43,180,1.67,1
Dr. Swati Desai,Orthopedics,9,26-01-2036,Metro Hospital,Chennai,68,367,1.05,0
Dr. Ravi Kumar,Orthopedics,15,27-01-2036,Metro Hospital,Kolkata,58,272,1.44,1
Dr. Anil Mehra,Dermatology,16,28-01-2036,Govt Health Center,Chennai,15,62,1.78,1
Dr. Rohit Verma,Orthopedics,15,29-01-2036,Govt Health Center,Chennai,21,375,0.88,0
Dr. Swati Desai,Dermatology,17,30-01-2036,City Hospital,New Delhi,38,70,1.4,1
Dr. Anil Mehra,Dermatology,10,31-01-2036,Govt Health Center,New Delhi,86,494,1.22,0
Dr. Rohit Verma,Cardiology,14,01-02-2036,Metro Hospital,Mumbai,35,63,1.69,1
Dr. Anil Mehra,Pediatrics,17,02-02-2036,Govt Health Center,New Delhi,77,394,1.55,0
Dr. Rohit Verma,Pediatrics,9,03-02-2036,Metro Hospital,Mumbai,88,376,1.65,0
Dr. Swati Desai,Dermatology,11,04-02-2036,City Hospital,New Delhi,25,156,0.93,0
Dr. Anil Mehra,Pediatrics,13,05-02-2036,Metro Hospital,Kolkata,62,455,1.56,0
Dr. Anil Mehra,Orthopedics,12,06-02-2036,Govt Health Center,Mumbai,28,177,1.41,1
Dr. Ravi Kumar,Dermatology,16,07-02-2036,Govt Health Center,Kolkata,56,81,1.19,1
Dr. Swati Desai,Cardiology,17,08-02-2036,Govt Health Center,Mumbai,99,218,1.07,1
Dr. Rohit Verma,Orthopedics,11,09-02-2036,Govt Health Center,Chennai,41,337,1,0
Dr. Anil Mehra,Cardiology,12,10-02-2036,City Hospital,Mumbai,79,475,0.51,0
Dr. Anil Mehra,Cardiology,11,11-02-2036,Metro Hospital,Mumbai,79,485,0.75,0
Dr. Rohit Verma,Pediatrics,15,12-02-2036,Govt Health Center,Mumbai,70,130,0.59,0
Dr. Swati Desai,Pediatrics,15,13-02-2036,Metro Hospital,Mumbai,14,231,1.77,1
Dr. Ravi Kumar,Dermatology,10,14-02-2036,City Hospital,Mumbai,68,407,1.79,0
Dr. Ravi Kumar,Pediatrics,8,15-02-2036,Metro Hospital,Chennai,11,239,1.77,1
Dr. Anil Mehra,Cardiology,13,16-02-2036,Govt Health Center,Mumbai,11,304,1.73,0
Dr. Rohit Verma,Cardiology,9,17-02-2036,Metro Hospital,Kolkata,12,390,0.83,0
Dr. Anil Mehra,Orthopedics,9,18-02-2036,Govt Health Center,Mumbai,79,348,1.24,0
Dr. Rohit Verma,Cardiology,10,19-02-2036,Govt Health Center,Mumbai,52,436,1.86,0
Dr. Ravi Kumar,Dermatology,15,20-02-2036,City Hospital,Kolkata,14,215,1.64,1
Dr. Swati Desai,Dermatology,10,21-02-2036,City Hospital,New Delhi,59,305,0.5,0
Dr. Rohit Verma,Pediatrics,14,22-02-2036,Metro Hospital,New Delhi,19,472,1.19,0
Dr. Ravi Kumar,Pediatrics,17,23-02-2036,Metro Hospital,Chennai,36,247,0.52,0
Dr. Anil Mehra,Pediatrics,17,24-02-2036,Govt Health Center,Mumbai,33,262,0.92,0
Dr. Rohit Verma,Dermatology,16,25-02-2036,Govt Health Center,Mumbai,31,94,1.15,1
Dr. Swati Desai,Cardiology,15,26-02-2036,Govt Health Center,New Delhi,98,351,1.84,0
Dr. Anil Mehra,Pediatrics,8,27-02-2036,Govt Health Center,Mumbai,12,420,1.48,0
Dr. Anil Mehra,Orthopedics,14,28-02-2036,City Hospital,Chennai,25,409,1.04,0
Dr. Ravi Kumar,Pediatrics,14,29-02-2036,Govt Health Center,Kolkata,39,62,1.24,1
Dr. Rohit Verma,Dermatology,15,01-03-2036,City Hospital,Mumbai,52,101,1.73,1
Dr. Anil Mehra,Pediatrics,17,02-03-2036,Metro Hospital,Kolkata,13,314,0.95,0
Dr. Swati Desai,Cardiology,12,03-03-2036,Metro Hospital,Chennai,49,490,1.42,0
Dr. Rohit Verma,Pediatrics,17,04-03-2036,City Hospital,New Delhi,25,374,0.89,0
Dr. Swati Desai,Dermatology,16,05-03-2036,Govt Health Center,Chennai,81,92,1.22,1
Dr. Anil Mehra,Dermatology,16,06-03-2036,Metro Hospital,Chennai,97,56,0.54,0
Dr. Swati Desai,Orthopedics,15,07-03-2036,City Hospital,Chennai,25,279,1.78,1
Dr. Ravi Kumar,Dermatology,13,08-03-2036,Metro Hospital,Chennai,75,93,0.57,0
Dr. Swati Desai,Orthopedics,13,09-03-2036,Govt Health Center,Kolkata,64,221,0.84,0
Dr. Rohit Verma,Cardiology,8,10-03-2036,City Hospital,Chennai,29,151,1,0
Dr. Swati Desai,Dermatology,13,11-03-2036,Metro Hospital,Chennai,60,272,1.44,1
Dr. Swati Desai,Pediatrics,11,12-03-2036,Govt Health Center,Chennai,93,117,1.58,1
Dr. Ravi Kumar,Cardiology,11,13-03-2036,City Hospital,Chennai,93,171,0.62,0
Dr. Swati Desai,Pediatrics,9,14-03-2036,City Hospital,Kolkata,92,126,0.57,0
Dr. Swati Desai,Pediatrics,11,15-03-2036,City Hospital,Chennai,66,349,1.7,0
Dr. Anil Mehra,Pediatrics,12,16-03-2036,City Hospital,New Delhi,60,345,1.57,0
Dr. Anil Mehra,Cardiology,12,17-03-2036,Metro Hospital,Chennai,27,254,1.75,1
Dr. Rohit Verma,Cardiology,12,18-03-2036,City Hospital,Chennai,86,476,1.51,0
Dr. Anil Mehra,Dermatology,11,19-03-2036,City Hospital,Mumbai,90,367,1.63,0
Dr. Anil Mehra,Pediatrics,8,20-03-2036,City Hospital,Mumbai,68,220,1.07,1
Dr. Anil Mehra,Orthopedics,17,21-03-2036,City Hospital,Mumbai,37,267,1.39,1
Dr. Anil Mehra,Dermatology,15,22-03-2036,City Hospital,Chennai,78,452,1.71,0
Dr. Ravi Kumar,Cardiology,10,23-03-2036,Govt Health Center,New Delhi,37,354,0.76,0
Dr. Anil Mehra,Orthopedics,9,24-03-2036,Metro Hospital,New Delhi,98,242,1.13,1
Dr. Ravi Kumar,Cardiology,16,25-03-2036,Govt Health Center,Mumbai,93,382,1.61,0
Dr. Ravi Kumar,Orthopedics,14,26-03-2036,Metro Hospital,Mumbai,94,202,1.3,1
Dr. Anil Mehra,Dermatology,16,27-03-2036,City Hospital,Chennai,22,90,1.52,1
Dr. Swati Desai,Orthopedics,9,28-03-2036,Metro Hospital,New Delhi,15,72,0.94,0
Dr. Ravi Kumar,Dermatology,16,29-03-2036,City Hospital,New Delhi,38,235,0.55,0
Dr. Swati Desai,Cardiology,17,30-03-2036,City Hospital,Mumbai,18,265,0.54,0
Dr. Swati Desai,Orthopedics,16,31-03-2036,Govt Health Center,New Delhi,38,92,1.91,1
Dr. Anil Mehra,Pediatrics,16,01-04-2036,Govt Health Center,Mumbai,47,410,1.92,0
Dr. Rohit Verma,Pediatrics,17,02-04-2036,Govt Health Center,Mumbai,74,162,0.82,0
Dr. Anil Mehra,Cardiology,17,03-04-2036,Metro Hospital,Kolkata,65,280,0.72,0
Dr. Rohit Verma,Orthopedics,11,04-04-2036,Metro Hospital,Kolkata,39,473,0.53,0
Dr. Rohit Verma,Pediatrics,17,05-04-2036,Govt Health Center,Chennai,68,463,0.85,0
Dr. Anil Mehra,Dermatology,10,06-04-2036,Govt Health Center,Mumbai,96,467,1,0
Dr. Anil Mehra,Orthopedics,13,07-04-2036,City Hospital,Chennai,67,159,0.86,0
Dr. Rohit Verma,Orthopedics,10,08-04-2036,Metro Hospital,Kolkata,19,187,1.7,1
Dr. Anil Mehra,Pediatrics,16,09-04-2036,City Hospital,New Delhi,30,154,1.62,1
Dr. Rohit Verma,Dermatology,10,10-04-2036,Metro Hospital,Kolkata,65,365,0.62,0
Dr. Swati Desai,Dermatology,9,11-04-2036,Govt Health Center,Kolkata,35,434,1.55,0
Dr. Anil Mehra,Dermatology,15,12-04-2036,Metro Hospital,Kolkata,24,189,1.28,1
Dr. Swati Desai,Orthopedics,13,13-04-2036,Metro Hospital,New Delhi,90,479,0.7,0
Dr. Ravi Kumar,Cardiology,15,14-04-2036,City Hospital,Kolkata,44,304,1.61,0
Dr. Swati Desai,Orthopedics,14,15-04-2036,Govt Health Center,Mumbai,98,398,0.63,0
Dr. Swati Desai,Orthopedics,10,16-04-2036,Govt Health Center,Mumbai,24,124,0.77,0
Dr. Rohit Verma,Pediatrics,15,17-04-2036,Govt Health Center,Kolkata,84,282,0.72,0
Dr. Swati Desai,Cardiology,17,18-04-2036,City Hospital,Chennai,97,450,1.91,0
Dr. Anil Mehra,Dermatology,8,19-04-2036,City Hospital,Chennai,15,261,1.55,1
Dr. Rohit Verma,Pediatrics,8,20-04-2036,City Hospital,New Delhi,37,107,1.12,1
Dr. Ravi Kumar,Orthopedics,17,21-04-2036,Metro Hospital,New Delhi,72,87,1.73,1
Dr. Anil Mehra,Cardiology,15,22-04-2036,Metro Hospital,Mumbai,38,311,0.82,0
Dr. Ravi Kumar,Dermatology,16,23-04-2036,City Hospital,Mumbai,57,495,1.9,0
Dr. Swati Desai,Dermatology,17,24-04-2036,City Hospital,Kolkata,72,261,1.55,1
Dr. Anil Mehra,Orthopedics,13,25-04-2036,Govt Health Center,Chennai,67,187,1.34,1
Dr. Anil Mehra,Dermatology,12,26-04-2036,Metro Hospital,Mumbai,30,331,1.69,0
Dr. Ravi Kumar,Dermatology,9,27-04-2036,Metro Hospital,Chennai,85,107,1.47,1
Dr. Anil Mehra,Cardiology,16,28-04-2036,Govt Health Center,New Delhi,31,322,1.83,0
Dr. Anil Mehra,Pediatrics,13,29-04-2036,Govt Health Center,New Delhi,36,102,1.74,1
Dr. Anil Mehra,Cardiology,15,30-04-2036,Govt Health Center,Kolkata,94,255,0.8,0
Dr. Swati Desai,Pediatrics,16,01-05-2036,City Hospital,Kolkata,88,54,0.86,0
Dr. Ravi Kumar,Pediatrics,16,02-05-2036,City Hospital,Mumbai,66,372,0.6,0
Dr. Anil Mehra,Pediatrics,15,03-05-2036,City Hospital,Chennai,91,156,0.83,0
Dr. Rohit Verma,Dermatology,17,04-05-2036,City Hospital,Mumbai,19,292,1.02,1
Dr. Rohit Verma,Cardiology,15,05-05-2036,City Hospital,Mumbai,31,197,0.54,0
Dr. Rohit Verma,Dermatology,10,06-05-2036,Metro Hospital,Chennai,53,228,0.97,0
Dr. Rohit Verma,Orthopedics,10,07-05-2036,Metro Hospital,Mumbai,93,223,1.66,1
Dr. Swati Desai,Cardiology,9,08-05-2036,Metro Hospital,Kolkata,92,372,1.76,0
Dr. Anil Mehra,Pediatrics,8,09-05-2036,Govt Health Center,Chennai,37,436,0.51,0
Dr. Ravi Kumar,Dermatology,11,10-05-2036,Metro Hospital,Chennai,59,456,0.51,0
Dr. Anil Mehra,Dermatology,9,11-05-2036,Govt Health Center,Mumbai,60,442,0.72,0
Dr. Swati Desai,Cardiology,9,12-05-2036,Metro Hospital,Chennai,10,188,1.81,1
Dr. Rohit Verma,Cardiology,12,13-05-2036,City Hospital,Kolkata,43,224,1.2,1
Dr. Swati Desai,Pediatrics,11,14-05-2036,Metro Hospital,Kolkata,44,302,1.97,0
Dr. Anil Mehra,Pediatrics,8,15-05-2036,City Hospital,New Delhi,99,482,1.83,0
Dr. Ravi Kumar,Orthopedics,16,16-05-2036,City Hospital,New Delhi,70,299,1.84,1
Dr. Swati Desai,Pediatrics,11,17-05-2036,Metro Hospital,New Delhi,39,477,0.69,0
Dr. Ravi Kumar,Dermatology,12,18-05-2036,Metro Hospital,New Delhi,85,418,1.21,0
Dr. Swati Desai,Orthopedics,14,19-05-2036,City Hospital,Mumbai,87,446,1.99,0
Dr. Ravi Kumar,Orthopedics,9,20-05-2036,Govt Health Center,New Delhi,77,185,0.72,0
Dr. Ravi Kumar,Orthopedics,15,21-05-2036,Govt Health Center,New Delhi,85,496,1.36,0
Dr. Rohit Verma,Cardiology,9,22-05-2036,Metro Hospital,New Delhi,97,71,1.02,1
Dr. Ravi Kumar,Pediatrics,17,23-05-2036,City Hospital,New Delhi,49,87,1.08,1
Dr. Rohit Verma,Orthopedics,12,24-05-2036,Govt Health Center,Mumbai,74,76,1.84,1
Dr. Anil Mehra,Cardiology,9,25-05-2036,Metro Hospital,New Delhi,46,331,1.38,0
Dr. Anil Mehra,Cardiology,9,26-05-2036,Metro Hospital,Chennai,73,328,1.64,0
Dr. Rohit Verma,Orthopedics,11,27-05-2036,City Hospital,Kolkata,10,169,1.51,1
Dr. Rohit Verma,Orthopedics,11,28-05-2036,Govt Health Center,Chennai,24,302,1.29,0
Dr. Swati Desai,Dermatology,15,29-05-2036,Metro Hospital,Mumbai,22,408,1.69,0
Dr. Swati Desai,Orthopedics,13,30-05-2036,Govt Health Center,Mumbai,38,114,1.96,1
Dr. Swati Desai,Dermatology,17,31-05-2036,Metro Hospital,Mumbai,64,123,1.95,1
Dr. Anil Mehra,Orthopedics,15,01-06-2036,Metro Hospital,Kolkata,54,352,1.68,0
Dr. Swati Desai,Orthopedics,14,02-06-2036,Govt Health Center,New Delhi,13,366,1.23,0
Dr. Ravi Kumar,Pediatrics,17,03-06-2036,Govt Health Center,Mumbai,73,223,0.74,0
Dr. Ravi Kumar,Orthopedics,11,04-06-2036,City Hospital,New Delhi,24,437,0.57,0
Dr. Swati Desai,Orthopedics,9,05-06-2036,City Hospital,Mumbai,57,464,0.85,0
Dr. Ravi Kumar,Dermatology,16,06-06-2036,City Hospital,Kolkata,85,309,1.01,0
Dr. Anil Mehra,Dermatology,9,07-06-2036,City Hospital,Chennai,65,334,0.69,0
Dr. Ravi Kumar,Pediatrics,8,08-06-2036,Govt Health Center,Chennai,98,122,0.84,0
Dr. Anil Mehra,Orthopedics,15,09-06-2036,City Hospital,Kolkata,79,128,0.63,0
Dr. Rohit Verma,Orthopedics,17,10-06-2036,Govt Health Center,New Delhi,96,93,1.29,1
Dr. Rohit Verma,Dermatology,16,11-06-2036,Metro Hospital,Mumbai,24,282,0.69,0
Dr. Rohit Verma,Cardiology,8,12-06-2036,Govt Health Center,Chennai,48,52,1.61,1
Dr. Rohit Verma,Cardiology,14,13-06-2036,City Hospital,Kolkata,78,492,1,0
Dr. Ravi Kumar,Cardiology,9,14-06-2036,Govt Health Center,New Delhi,96,128,1.51,1
Dr. Swati Desai,Dermatology,13,15-06-2036,Govt Health Center,Chennai,88,426,1.82,0
Dr. Ravi Kumar,Dermatology,12,16-06-2036,Govt Health Center,Kolkata,98,230,0.63,0
Dr. Anil Mehra,Cardiology,8,17-06-2036,Govt Health Center,Mumbai,69,188,1.98,1
Dr. Ravi Kumar,Cardiology,9,18-06-2036,Govt Health Center,Kolkata,53,439,1.47,0
Dr. Ravi Kumar,Orthopedics,9,19-06-2036,City Hospital,New Delhi,52,352,0.58,0
Dr. Anil Mehra,Dermatology,17,20-06-2036,Govt Health Center,Chennai,13,56,0.97,0
Dr. Rohit Verma,Dermatology,17,21-06-2036,City Hospital,Mumbai,86,420,1.83,0
Dr. Rohit Verma,Cardiology,13,22-06-2036,Metro Hospital,New Delhi,59,415,1.39,0
Dr. Rohit Verma,Cardiology,8,23-06-2036,Govt Health Center,Kolkata,48,373,0.93,0
Dr. Swati Desai,Pediatrics,11,24-06-2036,Metro Hospital,Chennai,63,262,1.91,1
Dr. Anil Mehra,Dermatology,17,25-06-2036,City Hospital,Chennai,32,50,1.68,1
Dr. Anil Mehra,Pediatrics,12,26-06-2036,Govt Health Center,New Delhi,69,233,1.6,1
Dr. Ravi Kumar,Orthopedics,9,27-06-2036,Metro Hospital,Mumbai,89,300,1.83,0
Dr. Swati Desai,Pediatrics,9,28-06-2036,City Hospital,New Delhi,44,264,1.65,1
Dr. Rohit Verma,Cardiology,14,29-06-2036,Metro Hospital,Chennai,63,126,0.93,0
Dr. Swati Desai,Dermatology,14,30-06-2036,Govt Health Center,Chennai,67,92,1.38,1
Dr. Anil Mehra,Dermatology,13,01-07-2036,Govt Health Center,Chennai,71,461,1.76,0
Dr. Anil Mehra,Pediatrics,8,02-07-2036,Govt Health Center,Mumbai,89,206,0.77,0
Dr. Ravi Kumar,Pediatrics,10,03-07-2036,City Hospital,Chennai,57,67,0.74,0
Dr. Ravi Kumar,Orthopedics,16,04-07-2036,Metro Hospital,Chennai,16,392,0.74,0
Dr. Anil Mehra,Orthopedics,17,05-07-2036,City Hospital,New Delhi,54,269,0.79,0
Dr. Rohit Verma,Cardiology,8,06-07-2036,Metro Hospital,Chennai,22,122,0.65,0
Dr. Rohit Verma,Cardiology,9,07-07-2036,City Hospital,Kolkata,62,239,1.76,1
Dr. Swati Desai,Cardiology,15,08-07-2036,Govt Health Center,New Delhi,48,412,1.73,0
Dr. Anil Mehra,Pediatrics,14,09-07-2036,Metro Hospital,Chennai,93,311,0.73,0
Dr. Anil Mehra,Pediatrics,16,10-07-2036,Metro Hospital,New Delhi,27,193,1.56,1
Dr. Rohit Verma,Dermatology,17,11-07-2036,Metro Hospital,New Delhi,31,178,1.44,1
Dr. Rohit Verma,Cardiology,11,12-07-2036,City Hospital,Kolkata,45,327,0.91,0
Dr. Anil Mehra,Pediatrics,11,13-07-2036,Govt Health Center,New Delhi,62,351,0.84,0
Dr. Ravi Kumar,Dermatology,14,14-07-2036,Metro Hospital,New Delhi,81,239,0.88,0
Dr. Anil Mehra,Cardiology,8,15-07-2036,City Hospital,Mumbai,12,200,1.6,1
Dr. Anil Mehra,Orthopedics,17,16-07-2036,Metro Hospital,Chennai,71,454,0.98,0
Dr. Rohit Verma,Orthopedics,16,17-07-2036,Govt Health Center,Mumbai,38,356,0.92,0
Dr. Rohit Verma,Pediatrics,9,18-07-2036,Metro Hospital,Chennai,82,433,0.53,0
Dr. Ravi Kumar,Dermatology,8,19-07-2036,Govt Health Center,New Delhi,17,144,1.86,1
Dr. Ravi Kumar,Orthopedics,14,20-07-2036,City Hospital,Chennai,85,87,1.63,1
Dr. Swati Desai,Dermatology,13,21-07-2036,City Hospital,New Delhi,55,205,1.21,1
Dr. Anil Mehra,Dermatology,10,22-07-2036,Govt Health Center,Chennai,65,349,1.91,0
Dr. Rohit Verma,Orthopedics,8,23-07-2036,Govt Health Center,New Delhi,58,396,0.94,0
Dr. Ravi Kumar,Dermatology,12,24-07-2036,City Hospital,Chennai,52,472,1.51,0
Dr. Swati Desai,Orthopedics,17,25-07-2036,Govt Health Center,Chennai,19,475,0.96,0
Dr. Swati Desai,Pediatrics,11,26-07-2036,Govt Health Center,Chennai,22,91,0.97,0
Dr. Rohit Verma,Cardiology,12,27-07-2036,Metro Hospital,New Delhi,66,365,1.77,0
Dr. Rohit Verma,Cardiology,8,28-07-2036,City Hospital,Chennai,11,175,1.68,1
Dr. Swati Desai,Pediatrics,8,29-07-2036,City Hospital,New Delhi,74,362,0.94,0
Dr. Ravi Kumar,Orthopedics,12,30-07-2036,Govt Health Center,Mumbai,95,126,0.62,0
Dr. Swati Desai,Orthopedics,13,31-07-2036,Govt Health Center,Chennai,89,145,1.04,1
Dr. Anil Mehra,Orthopedics,12,01-08-2036,Govt Health Center,Kolkata,51,312,1.64,0
Dr. Anil Mehra,Orthopedics,9,02-08-2036,City Hospital,Kolkata,67,356,0.65,0
Dr. Rohit Verma,Pediatrics,16,03-08-2036,Metro Hospital,New Delhi,19,274,1.51,1
Dr. Ravi Kumar,Cardiology,12,04-08-2036,City Hospital,Kolkata,72,160,1.83,1
Dr. Ravi Kumar,Dermatology,12,05-08-2036,Metro Hospital,New Delhi,80,287,0.77,0
Dr. Anil Mehra,Dermatology,17,06-08-2036,Govt Health Center,New Delhi,70,254,1.79,1
Dr. Swati Desai,Cardiology,16,07-08-2036,City Hospital,Kolkata,10,337,0.58,0
Dr. Rohit Verma,Pediatrics,10,08-08-2036,Metro Hospital,Kolkata,35,312,1.5,0
Dr. Swati Desai,Dermatology,12,09-08-2036,City Hospital,Mumbai,14,125,1.69,1
Dr. Swati Desai,Cardiology,12,10-08-2036,Metro Hospital,New Delhi,44,473,1.17,0
Dr. Swati Desai,Pediatrics,9,11-08-2036,Metro Hospital,Kolkata,22,192,0.81,0
Dr. Ravi Kumar,Dermatology,11,12-08-2036,City Hospital,Mumbai,36,364,1.89,0
Dr. Anil Mehra,Orthopedics,9,13-08-2036,Govt Health Center,Mumbai,21,418,0.53,0
Dr. Ravi Kumar,Orthopedics,12,14-08-2036,City Hospital,New Delhi,59,134,1.33,1
Dr. Anil Mehra,Pediatrics,17,15-08-2036,Govt Health Center,Chennai,68,445,1.06,0
Dr. Rohit Verma,Orthopedics,9,16-08-2036,Metro Hospital,Kolkata,40,301,1.19,0
Dr. Rohit Verma,Pediatrics,17,17-08-2036,Metro Hospital,Kolkata,78,382,1.3,0
Dr. Swati Desai,Cardiology,16,18-08-2036,City Hospital,Kolkata,46,281,1.3,1
Dr. Anil Mehra,Cardiology,17,19-08-2036,City Hospital,Kolkata,11,475,0.81,0
Dr. Anil Mehra,Dermatology,13,20-08-2036,Govt Health Center,Kolkata,80,344,1.52,0
Dr. Anil Mehra,Pediatrics,15,21-08-2036,Govt Health Center,Kolkata,74,368,0.53,0
Dr. Swati Desai,Dermatology,16,22-08-2036,City Hospital,Mumbai,12,179,0.53,0
Dr. Swati Desai,Dermatology,15,23-08-2036,Govt Health Center,New Delhi,29,334,1.22,0
Dr. Rohit Verma,Cardiology,12,24-08-2036,Govt Health Center,Mumbai,11,366,1.31,0
Dr. Ravi Kumar,Dermatology,12,25-08-2036,City Hospital,Kolkata,51,78,0.91,0
Dr. Anil Mehra,Orthopedics,13,26-08-2036,City Hospital,New Delhi,52,277,1.33,1
Dr. Anil Mehra,Dermatology,8,27-08-2036,Metro Hospital,Kolkata,30,343,1.27,0
Dr. Ravi Kumar,Pediatrics,15,28-08-2036,Metro Hospital,New Delhi,54,56,1.02,1
Dr. Anil Mehra,Orthopedics,9,29-08-2036,City Hospital,Mumbai,29,79,1.48,1
Dr. Swati Desai,Cardiology,13,30-08-2036,Metro Hospital,New Delhi,52,264,1.94,1
Dr. Swati Desai,Pediatrics,16,31-08-2036,Govt Health Center,Mumbai,59,164,1.24,1
Dr. Anil Mehra,Orthopedics,10,01-09-2036,City Hospital,Kolkata,52,489,1.68,0
Dr. Swati Desai,Pediatrics,9,02-09-2036,Metro Hospital,New Delhi,33,264,0.87,0
Dr. Swati Desai,Orthopedics,17,03-09-2036,City Hospital,Chennai,91,213,1.64,1
Dr. Anil Mehra,Pediatrics,12,04-09-2036,Metro Hospital,Chennai,93,219,1.47,1
Dr. Rohit Verma,Pediatrics,16,05-09-2036,City Hospital,Mumbai,69,270,1.46,1
Dr. Ravi Kumar,Orthopedics,13,06-09-2036,Govt Health Center,Mumbai,41,309,1.84,0
Dr. Swati Desai,Cardiology,15,07-09-2036,Metro Hospital,Mumbai,14,261,0.85,0
Dr. Rohit Verma,Cardiology,15,08-09-2036,City Hospital,Mumbai,11,310,1.05,0
Dr. Swati Desai,Pediatrics,14,09-09-2036,Govt Health Center,Kolkata,35,351,0.62,0
Dr. Swati Desai,Pediatrics,12,10-09-2036,Metro Hospital,Chennai,34,380,1.59,0
Dr. Ravi Kumar,Cardiology,9,11-09-2036,Metro Hospital,Mumbai,59,179,1.77,1
Dr. Swati Desai,Cardiology,17,12-09-2036,City Hospital,New Delhi,95,154,1.11,1
Dr. Ravi Kumar,Dermatology,17,13-09-2036,Govt Health Center,New Delhi,48,103,1.04,1
Dr. Ravi Kumar,Cardiology,12,14-09-2036,City Hospital,Kolkata,95,157,1.49,1
Dr. Ravi Kumar,Pediatrics,14,15-09-2036,Metro Hospital,Mumbai,84,364,0.61,0
Dr. Rohit Verma,Orthopedics,14,16-09-2036,City Hospital,New Delhi,20,338,0.94,0
Dr. Anil Mehra,Cardiology,9,17-09-2036,City Hospital,Mumbai,72,304,1.05,0
Dr. Rohit Verma,Dermatology,14,18-09-2036,Govt Health Center,New Delhi,77,327,1.28,0
Dr. Anil Mehra,Dermatology,13,19-09-2036,Govt Health Center,Kolkata,27,96,1.21,1
Dr. Anil Mehra,Dermatology,14,20-09-2036,Metro Hospital,New Delhi,37,183,0.81,0
Dr. Ravi Kumar,Orthopedics,15,21-09-2036,Govt Health Center,Mumbai,51,73,1.31,1
Dr. Swati Desai,Cardiology,11,22-09-2036,City Hospital,Mumbai,69,482,1.89,0
Dr. Ravi Kumar,Cardiology,8,23-09-2036,Metro Hospital,Kolkata,31,166,0.54,0
Dr. Swati Desai,Cardiology,15,24-09-2036,Govt Health Center,Chennai,49,288,1.52,1
Dr. Anil Mehra,Orthopedics,15,25-09-2036,City Hospital,Mumbai,71,431,1.44,0
Dr. Ravi Kumar,Orthopedics,10,26-09-2036,City Hospital,Chennai,12,356,1.89,0
Dr. Swati Desai,Pediatrics,10,27-09-2036,Metro Hospital,Mumbai,80,423,1.47,0
Dr. Rohit Verma,Dermatology,12,28-09-2036,Metro Hospital,Kolkata,72,90,1.44,1
Dr. Swati Desai,Dermatology,10,29-09-2036,Govt Health Center,New Delhi,29,299,1.65,1
Dr. Ravi Kumar,Cardiology,12,30-09-2036,Govt Health Center,Chennai,80,372,0.9,0
Dr. Rohit Verma,Orthopedics,15,01-10-2036,Govt Health Center,New Delhi,80,138,1.39,1
Dr. Swati Desai,Orthopedics,8,02-10-2036,Govt Health Center,Kolkata,35,141,1.28,1
Dr. Swati Desai,Cardiology,9,03-10-2036,Metro Hospital,Kolkata,50,426,1.16,0
Dr. Swati Desai,Cardiology,9,04-10-2036,City Hospital,Kolkata,12,130,0.62,0
Dr. Swati Desai,Pediatrics,11,05-10-2036,City Hospital,Mumbai,52,179,0.94,0
Dr. Swati Desai,Dermatology,16,06-10-2036,Govt Health Center,Mumbai,26,140,0.92,0
Dr. Rohit Verma,Dermatology,9,07-10-2036,Metro Hospital,Mumbai,93,149,1.59,1
Dr. Anil Mehra,Dermatology,16,08-10-2036,Govt Health Center,Mumbai,62,127,1.88,1
Dr. Rohit Verma,Pediatrics,14,09-10-2036,Govt Health Center,Chennai,61,92,0.85,0
Dr. Rohit Verma,Cardiology,17,10-10-2036,Metro Hospital,Kolkata,42,172,0.61,0
Dr. Rohit Verma,Cardiology,15,11-10-2036,City Hospital,Chennai,89,337,2,0
Dr. Anil Mehra,Dermatology,8,12-10-2036,City Hospital,Mumbai,69,445,1.54,0
Dr. Ravi Kumar,Dermatology,12,13-10-2036,Govt Health Center,New Delhi,96,72,1.83,1
Dr. Anil Mehra,Pediatrics,16,14-10-2036,Metro Hospital,Chennai,77,193,0.72,0
Dr. Rohit Verma,Orthopedics,11,15-10-2036,City Hospital,New Delhi,65,477,1.7,0
Dr. Swati Desai,Orthopedics,9,16-10-2036,City Hospital,Mumbai,73,307,1.72,0
Dr. Swati Desai,Dermatology,13,17-10-2036,Metro Hospital,Chennai,17,56,0.73,0
Dr. Rohit Verma,Pediatrics,9,18-10-2036,Metro Hospital,Chennai,78,326,0.74,0
Dr. Swati Desai,Dermatology,10,19-10-2036,City Hospital,Chennai,42,235,0.94,0
Dr. Rohit Verma,Orthopedics,15,20-10-2036,Govt Health Center,New Delhi,34,144,0.83,0
Dr. Swati Desai,Dermatology,10,21-10-2036,Govt Health Center,Mumbai,80,456,1.96,0
Dr. Anil Mehra,Orthopedics,9,22-10-2036,City Hospital,Kolkata,16,431,1.04,0
Dr. Ravi Kumar,Orthopedics,13,23-10-2036,Govt Health Center,Kolkata,68,493,1.64,0
Dr. Ravi Kumar,Orthopedics,10,24-10-2036,Govt Health Center,Mumbai,42,426,1.71,0
Dr. Anil Mehra,Cardiology,8,25-10-2036,Metro Hospital,Chennai,50,74,1.08,1
Dr. Anil Mehra,Cardiology,10,26-10-2036,Metro Hospital,Kolkata,42,340,1.52,0
Dr. Rohit Verma,Dermatology,13,27-10-2036,Metro Hospital,Chennai,38,276,0.66,0
Dr. Rohit Verma,Orthopedics,10,28-10-2036,Govt Health Center,Mumbai,48,222,1.1,1
Dr. Rohit Verma,Cardiology,16,29-10-2036,Metro Hospital,New Delhi,66,184,1.95,1
Dr. Swati Desai,Dermatology,14,30-10-2036,Metro Hospital,Chennai,73,337,0.75,0
Dr. Rohit Verma,Dermatology,12,31-10-2036,City Hospital,New Delhi,95,358,1.08,0
Dr. Anil Mehra,Dermatology,9,01-11-2036,Metro Hospital,New Delhi,75,118,1.69,1
Dr. Ravi Kumar,Dermatology,16,02-11-2036,City Hospital,Mumbai,18,330,1.5,0
Dr. Swati Desai,Dermatology,12,03-11-2036,Govt Health Center,Mumbai,38,400,1.45,0
Dr. Rohit Verma,Pediatrics,14,04-11-2036,Metro Hospital,New Delhi,83,391,1.78,0
Dr. Swati Desai,Orthopedics,16,05-11-2036,City Hospital,New Delhi,37,407,0.54,0
Dr. Swati Desai,Dermatology,11,06-11-2036,City Hospital,Kolkata,62,382,1.66,0
Dr. Rohit Verma,Pediatrics,16,07-11-2036,City Hospital,Kolkata,55,280,1.82,1
Dr. Swati Desai,Orthopedics,8,08-11-2036,Govt Health Center,Mumbai,48,435,0.52,0
Dr. Ravi Kumar,Cardiology,13,09-11-2036,Metro Hospital,Chennai,85,391,1.34,0
Dr. Anil Mehra,Dermatology,9,10-11-2036,Govt Health Center,New Delhi,67,366,1.02,0
Dr. Anil Mehra,Pediatrics,15,11-11-2036,City Hospital,Chennai,95,442,0.58,0
Dr. Ravi Kumar,Cardiology,12,12-11-2036,Govt Health Center,New Delhi,63,356,1.13,0
Dr. Swati Desai,Pediatrics,10,13-11-2036,Govt Health Center,Mumbai,15,307,1.47,0
Dr. Rohit Verma,Orthopedics,9,14-11-2036,City Hospital,Chennai,54,222,1.88,1
Dr. Swati Desai,Orthopedics,15,15-11-2036,Metro Hospital,Mumbai,49,81,1.43,1
Dr. Ravi Kumar,Cardiology,14,16-11-2036,Metro Hospital,New Delhi,32,249,1.79,1
Dr. Swati Desai,Pediatrics,16,17-11-2036,Govt Health Center,Mumbai,51,129,0.68,0
Dr. Anil Mehra,Dermatology,15,18-11-2036,Metro Hospital,Chennai,47,402,0.82,0
Dr. Swati Desai,Dermatology,11,19-11-2036,City Hospital,Kolkata,25,124,1.96,1
Dr. Ravi Kumar,Cardiology,9,20-11-2036,Metro Hospital,Mumbai,83,465,1.83,0
Dr. Anil Mehra,Cardiology,9,21-11-2036,Govt Health Center,Chennai,56,313,0.85,0
Dr. Swati Desai,Cardiology,9,22-11-2036,City Hospital,Mumbai,30,134,1.43,1
Dr. Swati Desai,Pediatrics,13,23-11-2036,City Hospital,Mumbai,83,266,1.04,1
Dr. Anil Mehra,Dermatology,14,24-11-2036,City Hospital,Kolkata,84,170,1.2,1
Dr. Rohit Verma,Dermatology,13,25-11-2036,Govt Health Center,Chennai,30,69,1.79,1
Dr. Anil Mehra,Dermatology,9,26-11-2036,Govt Health Center,Chennai,34,498,1.6,0
Dr. Rohit Verma,Cardiology,11,27-11-2036,Metro Hospital,Chennai,70,198,0.86,0
Dr. Ravi Kumar,Dermatology,10,28-11-2036,Govt Health Center,New Delhi,63,56,0.97,0
Dr. Ravi Kumar,Orthopedics,11,29-11-2036,City Hospital,Mumbai,98,426,0.93,0
Dr. Anil Mehra,Cardiology,12,30-11-2036,Govt Health Center,Kolkata,69,427,1.67,0
Dr. Anil Mehra,Dermatology,14,01-12-2036,Govt Health Center,Chennai,51,442,1.24,0
Dr. Ravi Kumar,Pediatrics,16,02-12-2036,Metro Hospital,Kolkata,70,135,1.93,1
Dr. Rohit Verma,Cardiology,9,03-12-2036,City Hospital,New Delhi,41,435,1.73,0
Dr. Ravi Kumar,Orthopedics,15,04-12-2036,Metro Hospital,New Delhi,62,196,0.82,0
Dr. Anil Mehra,Orthopedics,10,05-12-2036,Metro Hospital,Kolkata,53,365,1.68,0
Dr. Ravi Kumar,Pediatrics,16,06-12-2036,Metro Hospital,Chennai,20,236,1.26,1
Dr. Anil Mehra,Pediatrics,17,07-12-2036,City Hospital,Kolkata,56,374,0.88,0
Dr. Anil Mehra,Cardiology,11,08-12-2036,Metro Hospital,Chennai,99,350,1.04,0
Dr. Ravi Kumar,Cardiology,10,09-12-2036,City Hospital,Chennai,69,367,1.96,0
Dr. Rohit Verma,Orthopedics,17,10-12-2036,Metro Hospital,New Delhi,45,443,1.23,0
Dr. Swati Desai,Pediatrics,13,11-12-2036,Metro Hospital,Kolkata,69,428,1.58,0
Dr. Ravi Kumar,Cardiology,17,12-12-2036,City Hospital,New Delhi,42,242,1.22,1
Dr. Swati Desai,Orthopedics,16,13-12-2036,Govt Health Center,Mumbai,51,331,1.06,0
Dr. Ravi Kumar,Pediatrics,14,14-12-2036,Metro Hospital,New Delhi,22,237,1.69,1
Dr. Swati Desai,Orthopedics,11,15-12-2036,Govt Health Center,Chennai,23,67,1.77,1
Dr. Rohit Verma,Dermatology,10,16-12-2036,Metro Hospital,Kolkata,67,364,0.61,0
Dr. Rohit Verma,Pediatrics,17,17-12-2036,Govt Health Center,Mumbai,49,198,0.92,0
Dr. Ravi Kumar,Cardiology,11,18-12-2036,Govt Health Center,Mumbai,74,95,1.26,1
Dr. Anil Mehra,Cardiology,10,19-12-2036,Govt Health Center,Mumbai,14,61,0.97,0
Dr. Swati Desai,Dermatology,10,20-12-2036,Govt Health Center,Mumbai,39,279,1.68,1
Dr. Anil Mehra,Pediatrics,16,21-12-2036,Govt Health Center,Kolkata,91,162,0.67,0
Dr. Anil Mehra,Orthopedics,11,22-12-2036,City Hospital,Chennai,54,209,1.7,1
Dr. Anil Mehra,Cardiology,16,23-12-2036,Govt Health Center,Mumbai,67,472,1.43,0
Dr. Rohit Verma,Dermatology,17,24-12-2036,City Hospital,Chennai,48,276,0.93,0
Dr. Ravi Kumar,Dermatology,12,25-12-2036,Metro Hospital,New Delhi,21,232,1.02,1
Dr. Ravi Kumar,Pediatrics,14,26-12-2036,City Hospital,Chennai,43,104,0.77,0
Dr. Rohit Verma,Pediatrics,12,27-12-2036,Govt Health Center,Mumbai,23,315,0.88,0
Dr. Rohit Verma,Cardiology,8,28-12-2036,City Hospital,New Delhi,47,84,1.58,1
Dr. Ravi Kumar,Dermatology,9,29-12-2036,Govt Health Center,New Delhi,25,129,1.06,1
Dr. Anil Mehra,Orthopedics,12,30-12-2036,City Hospital,New Delhi,70,55,1.53,1
Dr. Swati Desai,Dermatology,13,31-12-2036,Metro Hospital,Mumbai,68,176,1.27,1
Dr. Swati Desai,Orthopedics,14,01-01-2037,Govt Health Center,Chennai,84,117,0.72,0
Dr. Swati Desai,Orthopedics,9,02-01-2037,Govt Health Center,Kolkata,88,239,1.25,1
Dr. Anil Mehra,Cardiology,17,03-01-2037,City Hospital,Chennai,83,293,1.63,1
Dr. Ravi Kumar,Dermatology,16,04-01-2037,City Hospital,Mumbai,76,58,0.95,0
Dr. Rohit Verma,Orthopedics,13,05-01-2037,City Hospital,Mumbai,20,206,1.47,1
Dr. Ravi Kumar,Pediatrics,9,06-01-2037,City Hospital,New Delhi,20,120,0.8,0
Dr. Anil Mehra,Orthopedics,9,07-01-2037,City Hospital,Chennai,25,183,0.7,0
Dr. Rohit Verma,Pediatrics,10,08-01-2037,Govt Health Center,Mumbai,47,349,1.04,0
Dr. Anil Mehra,Pediatrics,8,09-01-2037,Metro Hospital,Mumbai,39,369,1.08,0
Dr. Swati Desai,Dermatology,16,10-01-2037,City Hospital,Kolkata,50,298,1.64,1
Dr. Swati Desai,Pediatrics,17,11-01-2037,Govt Health Center,Chennai,10,372,1.19,0
Dr. Anil Mehra,Orthopedics,11,12-01-2037,Metro Hospital,New Delhi,47,93,0.62,0
Dr. Rohit Verma,Pediatrics,12,13-01-2037,Metro Hospital,New Delhi,69,165,1.45,1
Dr. Rohit Verma,Dermatology,14,14-01-2037,City Hospital,New Delhi,28,447,1.2,0
Dr. Ravi Kumar,Cardiology,8,15-01-2037,Govt Health Center,Chennai,68,442,1,0
Dr. Swati Desai,Orthopedics,10,16-01-2037,Govt Health Center,Mumbai,77,277,1.7,1
Dr. Ravi Kumar,Orthopedics,10,17-01-2037,Govt Health Center,Mumbai,19,456,0.73,0
Dr. Ravi Kumar,Dermatology,9,18-01-2037,Govt Health Center,Kolkata,26,106,1.87,1
Dr. Anil Mehra,Dermatology,15,19-01-2037,Govt Health Center,Kolkata,89,293,1,0
Dr. Anil Mehra,Dermatology,12,20-01-2037,Metro Hospital,Mumbai,94,106,1.19,1
Dr. Ravi Kumar,Dermatology,8,21-01-2037,Metro Hospital,Mumbai,81,192,1.89,1
Dr. Swati Desai,Orthopedics,9,22-01-2037,Metro Hospital,Chennai,38,241,1.64,1
Dr. Anil Mehra,Cardiology,8,23-01-2037,Govt Health Center,Kolkata,15,56,0.61,0
Dr. Ravi Kumar,Pediatrics,13,24-01-2037,Metro Hospital,New Delhi,75,453,1.37,0
Dr. Ravi Kumar,Pediatrics,16,25-01-2037,Metro Hospital,New Delhi,72,497,0.97,0
Dr. Ravi Kumar,Cardiology,14,26-01-2037,City Hospital,New Delhi,40,324,1.26,0
Dr. Ravi Kumar,Cardiology,12,27-01-2037,Metro Hospital,New Delhi,34,183,1.61,1
Dr. Ravi Kumar,Cardiology,10,28-01-2037,City Hospital,Mumbai,96,484,1.24,0
Dr. Ravi Kumar,Dermatology,15,29-01-2037,Govt Health Center,Mumbai,30,88,0.61,0
Dr. Anil Mehra,Orthopedics,17,30-01-2037,Govt Health Center,Chennai,25,242,1.29,1
Dr. Swati Desai,Orthopedics,11,31-01-2037,Govt Health Center,New Delhi,13,376,0.54,0
Dr. Ravi Kumar,Orthopedics,16,01-02-2037,Govt Health Center,Mumbai,55,74,1.02,1
Dr. Rohit Verma,Dermatology,12,02-02-2037,Metro Hospital,Mumbai,17,151,1.22,1
Dr. Anil Mehra,Orthopedics,13,03-02-2037,City Hospital,Mumbai,15,200,1.47,1
Dr. Anil Mehra,Dermatology,12,04-02-2037,Govt Health Center,New Delhi,62,266,1.26,1
Dr. Ravi Kumar,Orthopedics,17,05-02-2037,Govt Health Center,Mumbai,73,279,0.73,0
Dr. Anil Mehra,Cardiology,14,06-02-2037,City Hospital,Kolkata,60,491,1.9,0
Dr. Ravi Kumar,Pediatrics,14,07-02-2037,City Hospital,New Delhi,72,316,1.48,0
Dr. Swati Desai,Pediatrics,8,08-02-2037,City Hospital,New Delhi,97,211,0.98,0
Dr. Swati Desai,Dermatology,9,09-02-2037,City Hospital,Kolkata,15,336,1.95,0
Dr. Anil Mehra,Orthopedics,14,10-02-2037,City Hospital,Chennai,71,215,1.82,1
Dr. Anil Mehra,Pediatrics,15,11-02-2037,Metro Hospital,Chennai,42,423,0.72,0
Dr. Rohit Verma,Cardiology,11,12-02-2037,City Hospital,New Delhi,11,419,1.48,0
Dr. Anil Mehra,Cardiology,13,13-02-2037,Metro Hospital,New Delhi,50,296,1.34,1
Dr. Rohit Verma,Cardiology,17,14-02-2037,City Hospital,New Delhi,25,223,0.79,0
Dr. Swati Desai,Dermatology,10,15-02-2037,City Hospital,Kolkata,68,445,0.85,0
Dr. Swati Desai,Dermatology,14,16-02-2037,Govt Health Center,Mumbai,18,58,1.35,1
Dr. Ravi Kumar,Orthopedics,10,17-02-2037,Govt Health Center,Kolkata,78,446,0.98,0
Dr. Swati Desai,Cardiology,14,18-02-2037,Govt Health Center,Mumbai,19,497,1.75,0
Dr. Rohit Verma,Orthopedics,15,19-02-2037,Govt Health Center,Mumbai,16,325,0.65,0
Dr. Anil Mehra,Orthopedics,10,20-02-2037,Govt Health Center,Chennai,75,108,1.87,1
Dr. Ravi Kumar,Cardiology,9,21-02-2037,Govt Health Center,Kolkata,29,134,1.76,1
Dr. Rohit Verma,Orthopedics,13,22-02-2037,City Hospital,Kolkata,72,199,1.61,1
Dr. Anil Mehra,Pediatrics,11,23-02-2037,City Hospital,New Delhi,13,370,0.89,0
Dr. Ravi Kumar,Dermatology,15,24-02-2037,Govt Health Center,Kolkata,37,109,1.57,1
Dr. Swati Desai,Orthopedics,9,25-02-2037,Govt Health Center,Mumbai,81,174,1.16,1
Dr. Rohit Verma,Cardiology,11,26-02-2037,Govt Health Center,Mumbai,44,90,1.45,1
Dr. Anil Mehra,Dermatology,9,27-02-2037,City Hospital,Kolkata,11,386,0.97,0
Dr. Ravi Kumar,Dermatology,9,28-02-2037,Govt Health Center,Chennai,50,222,1.75,1
Dr. Ravi Kumar,Orthopedics,9,01-03-2037,Govt Health Center,Chennai,37,309,0.56,0
Dr. Swati Desai,Pediatrics,8,02-03-2037,City Hospital,New Delhi,84,375,1.54,0
Dr. Anil Mehra,Orthopedics,11,03-03-2037,City Hospital,New Delhi,82,222,1.74,1
Dr. Swati Desai,Pediatrics,9,04-03-2037,Metro Hospital,Mumbai,10,235,1.47,1
Dr. Swati Desai,Dermatology,16,05-03-2037,Govt Health Center,Kolkata,36,290,0.79,0
Dr. Anil Mehra,Orthopedics,16,06-03-2037,City Hospital,Mumbai,76,388,0.93,0
Dr. Anil Mehra,Cardiology,14,07-03-2037,Metro Hospital,Mumbai,48,143,1.27,1
Dr. Anil Mehra,Orthopedics,13,08-03-2037,City Hospital,Kolkata,82,456,0.99,0
Dr. Rohit Verma,Pediatrics,10,09-03-2037,Metro Hospital,Mumbai,49,465,0.51,0
Dr. Anil Mehra,Pediatrics,14,10-03-2037,Metro Hospital,Mumbai,37,112,0.56,0
Dr. Ravi Kumar,Orthopedics,8,11-03-2037,Govt Health Center,Chennai,94,270,1.65,1
Dr. Swati Desai,Pediatrics,16,12-03-2037,Govt Health Center,New Delhi,33,57,0.63,0
Dr. Rohit Verma,Dermatology,11,13-03-2037,Metro Hospital,Chennai,91,262,1.89,1
Dr. Anil Mehra,Orthopedics,13,14-03-2037,Govt Health Center,New Delhi,60,258,1.16,1
Dr. Rohit Verma,Pediatrics,13,15-03-2037,City Hospital,New Delhi,65,258,1.64,1
Dr. Anil Mehra,Orthopedics,10,16-03-2037,City Hospital,New Delhi,82,425,0.69,0
Dr. Rohit Verma,Orthopedics,11,17-03-2037,Metro Hospital,Chennai,35,134,1.89,1
Dr. Swati Desai,Cardiology,17,18-03-2037,Metro Hospital,Kolkata,97,256,0.55,0
Dr. Swati Desai,Orthopedics,10,19-03-2037,City Hospital,Mumbai,61,396,0.56,0
Dr. Ravi Kumar,Cardiology,13,20-03-2037,City Hospital,Kolkata,15,202,0.58,0
Dr. Ravi Kumar,Pediatrics,8,21-03-2037,Metro Hospital,Kolkata,68,210,0.66,0
Dr. Anil Mehra,Cardiology,15,22-03-2037,City Hospital,New Delhi,21,499,1.23,0
Dr. Swati Desai,Cardiology,15,23-03-2037,City Hospital,New Delhi,72,165,1.68,1
Dr. Rohit Verma,Cardiology,16,24-03-2037,Metro Hospital,Chennai,45,411,0.93,0
Dr. Rohit Verma,Dermatology,13,25-03-2037,Govt Health Center,Chennai,18,300,1.62,0
Dr. Rohit Verma,Cardiology,8,26-03-2037,City Hospital,Mumbai,83,449,1.66,0
Dr. Ravi Kumar,Orthopedics,10,27-03-2037,Govt Health Center,Kolkata,76,232,1.86,1
Dr. Rohit Verma,Cardiology,8,28-03-2037,Govt Health Center,Kolkata,38,213,0.72,0
Dr. Ravi Kumar,Orthopedics,12,29-03-2037,City Hospital,Mumbai,80,377,0.7,0
Dr. Ravi Kumar,Cardiology,10,30-03-2037,Govt Health Center,New Delhi,99,129,0.68,0
Dr. Anil Mehra,Dermatology,9,31-03-2037,Metro Hospital,Chennai,17,56,1.04,1
Dr. Rohit Verma,Pediatrics,10,01-04-2037,City Hospital,Mumbai,52,374,1.23,0
Dr. Rohit Verma,Cardiology,16,02-04-2037,City Hospital,Kolkata,86,136,1.19,1
Dr. Swati Desai,Cardiology,15,03-04-2037,Govt Health Center,Mumbai,44,57,0.89,0
Dr. Anil Mehra,Dermatology,10,04-04-2037,City Hospital,Mumbai,92,436,1.43,0
Dr. Swati Desai,Cardiology,9,05-04-2037,City Hospital,Kolkata,31,468,1.01,0
Dr. Anil Mehra,Orthopedics,12,06-04-2037,Govt Health Center,Kolkata,89,419,1.05,0
Dr. Rohit Verma,Cardiology,8,07-04-2037,Govt Health Center,Chennai,88,85,0.66,0
Dr. Ravi Kumar,Cardiology,11,08-04-2037,City Hospital,Chennai,75,300,1.39,0
Dr. Ravi Kumar,Pediatrics,15,09-04-2037,City Hospital,Kolkata,30,149,1.48,1
Dr. Ravi Kumar,Pediatrics,8,10-04-2037,Metro Hospital,Chennai,80,128,1.64,1
Dr. Ravi Kumar,Cardiology,12,11-04-2037,Metro Hospital,Chennai,50,335,1.86,0
Dr. Ravi Kumar,Dermatology,11,12-04-2037,City Hospital,Chennai,50,320,1.65,0
Dr. Swati Desai,Pediatrics,13,13-04-2037,City Hospital,Kolkata,58,270,0.85,0
Dr. Anil Mehra,Cardiology,14,14-04-2037,Metro Hospital,New Delhi,13,245,0.85,0
Dr. Rohit Verma,Pediatrics,16,15-04-2037,Govt Health Center,New Delhi,74,275,1.87,1
Dr. Swati Desai,Cardiology,8,16-04-2037,City Hospital,Chennai,19,136,1.69,1
Dr. Anil Mehra,Pediatrics,17,17-04-2037,Metro Hospital,New Delhi,76,107,1.67,1
Dr. Ravi Kumar,Pediatrics,11,18-04-2037,Metro Hospital,Chennai,19,461,1.58,0
Dr. Anil Mehra,Orthopedics,13,19-04-2037,City Hospital,New Delhi,82,219,0.9,0
Dr. Anil Mehra,Cardiology,17,20-04-2037,City Hospital,New Delhi,26,146,1.77,1
Dr. Ravi Kumar,Cardiology,14,21-04-2037,Metro Hospital,Mumbai,76,195,0.71,0
Dr. Ravi Kumar,Cardiology,14,22-04-2037,City Hospital,Chennai,62,438,1.03,0
Dr. Ravi Kumar,Cardiology,15,23-04-2037,Govt Health Center,New Delhi,44,442,1.02,0
Dr. Rohit Verma,Pediatrics,17,24-04-2037,City Hospital,New Delhi,13,407,1.34,0
Dr. Ravi Kumar,Orthopedics,15,25-04-2037,Metro Hospital,Mumbai,77,420,1.2,0
Dr. Rohit Verma,Orthopedics,15,26-04-2037,Metro Hospital,New Delhi,20,442,1.19,0
Dr. Ravi Kumar,Dermatology,15,27-04-2037,City Hospital,Mumbai,53,67,1.33,1
Dr. Rohit Verma,Cardiology,15,28-04-2037,Metro Hospital,New Delhi,69,233,1.12,1
Dr. Anil Mehra,Dermatology,13,29-04-2037,Govt Health Center,Mumbai,79,192,0.87,0
Dr. Swati Desai,Pediatrics,16,30-04-2037,City Hospital,Mumbai,71,383,1.5,0
Dr. Anil Mehra,Dermatology,10,01-05-2037,City Hospital,Kolkata,41,111,1.69,1
Dr. Anil Mehra,Cardiology,13,02-05-2037,Metro Hospital,Chennai,55,212,1.22,1
Dr. Ravi Kumar,Orthopedics,12,03-05-2037,Govt Health Center,Kolkata,32,89,1.47,1
Dr. Rohit Verma,Orthopedics,15,04-05-2037,City Hospital,Chennai,46,228,1.3,1
Dr. Swati Desai,Cardiology,11,05-05-2037,Metro Hospital,New Delhi,99,284,0.59,0
Dr. Ravi Kumar,Pediatrics,11,06-05-2037,City Hospital,Chennai,84,429,1.13,0
Dr. Ravi Kumar,Cardiology,17,07-05-2037,Govt Health Center,Kolkata,67,109,0.51,0
Dr. Ravi Kumar,Pediatrics,17,08-05-2037,Metro Hospital,Chennai,94,277,1.49,1
Dr. Anil Mehra,Orthopedics,12,09-05-2037,City Hospital,Kolkata,52,288,1.26,1
Dr. Rohit Verma,Pediatrics,13,10-05-2037,Metro Hospital,Chennai,97,105,0.69,0
Dr. Rohit Verma,Cardiology,11,11-05-2037,Metro Hospital,New Delhi,24,283,1.31,1
Dr. Swati Desai,Cardiology,9,12-05-2037,Govt Health Center,New Delhi,76,133,1.85,1
Dr. Rohit Verma,Cardiology,9,13-05-2037,Govt Health Center,Chennai,11,252,1.01,1
Dr. Rohit Verma,Pediatrics,10,14-05-2037,City Hospital,Chennai,80,90,1.97,1
Dr. Ravi Kumar,Pediatrics,9,15-05-2037,Metro Hospital,New Delhi,14,487,1.94,0
Dr. Ravi Kumar,Pediatrics,8,16-05-2037,Metro Hospital,Chennai,62,66,1.68,1
Dr. Anil Mehra,Orthopedics,15,17-05-2037,Metro Hospital,Mumbai,54,154,1.72,1
Dr. Ravi Kumar,Dermatology,12,18-05-2037,City Hospital,New Delhi,50,74,1.12,1
Dr. Ravi Kumar,Dermatology,17,19-05-2037,Govt Health Center,New Delhi,72,431,1.1,0
Dr. Ravi Kumar,Cardiology,8,20-05-2037,Govt Health Center,Kolkata,81,142,1.93,1
Dr. Ravi Kumar,Orthopedics,16,21-05-2037,Metro Hospital,Kolkata,41,264,1.05,1
Dr. Anil Mehra,Pediatrics,15,22-05-2037,City Hospital,Mumbai,11,442,0.65,0
Dr. Ravi Kumar,Cardiology,11,23-05-2037,Metro Hospital,Chennai,19,233,0.73,0
Dr. Swati Desai,Orthopedics,15,24-05-2037,Govt Health Center,Mumbai,52,266,1.57,1
Dr. Swati Desai,Cardiology,17,25-05-2037,Metro Hospital,Chennai,52,200,1.07,1
Dr. Swati Desai,Orthopedics,14,26-05-2037,Metro Hospital,Kolkata,76,423,0.8,0
Dr. Swati Desai,Orthopedics,14,27-05-2037,Metro Hospital,Chennai,32,307,1.72,0
Dr. Ravi Kumar,Dermatology,8,28-05-2037,Govt Health Center,Kolkata,91,350,1.23,0
Dr. Swati Desai,Cardiology,13,29-05-2037,City Hospital,New Delhi,69,168,1.35,1
Dr. Ravi Kumar,Pediatrics,11,30-05-2037,Metro Hospital,New Delhi,90,498,0.73,0
Dr. Anil Mehra,Dermatology,17,31-05-2037,Govt Health Center,Chennai,15,471,0.79,0
Dr. Swati Desai,Dermatology,17,01-06-2037,Metro Hospital,Kolkata,22,183,0.69,0
Dr. Rohit Verma,Pediatrics,17,02-06-2037,City Hospital,Mumbai,30,481,1.27,0
Dr. Swati Desai,Orthopedics,9,03-06-2037,Metro Hospital,Kolkata,67,477,1.66,0
Dr. Swati Desai,Pediatrics,17,04-06-2037,City Hospital,Kolkata,94,256,1.6,1
Dr. Ravi Kumar,Cardiology,14,05-06-2037,Govt Health Center,Kolkata,37,312,0.89,0
Dr. Swati Desai,Pediatrics,16,06-06-2037,City Hospital,New Delhi,79,371,1.78,0
Dr. Rohit Verma,Orthopedics,12,07-06-2037,City Hospital,Kolkata,17,239,0.66,0
Dr. Ravi Kumar,Pediatrics,15,08-06-2037,Govt Health Center,Chennai,86,207,0.67,0
Dr. Ravi Kumar,Orthopedics,12,09-06-2037,City Hospital,New Delhi,67,125,1.77,1
Dr. Anil Mehra,Orthopedics,14,10-06-2037,City Hospital,New Delhi,49,101,0.87,0
Dr. Anil Mehra,Cardiology,14,11-06-2037,Govt Health Center,New Delhi,95,275,1.56,1
Dr. Swati Desai,Pediatrics,16,12-06-2037,City Hospital,Kolkata,10,143,0.51,0
Dr. Anil Mehra,Pediatrics,10,13-06-2037,City Hospital,Mumbai,86,341,0.64,0
Dr. Anil Mehra,Cardiology,8,14-06-2037,Metro Hospital,Kolkata,74,340,1.41,0
Dr. Anil Mehra,Orthopedics,9,15-06-2037,City Hospital,Kolkata,19,371,0.77,0
Dr. Ravi Kumar,Pediatrics,13,16-06-2037,City Hospital,Mumbai,69,227,0.54,0
Dr. Ravi Kumar,Cardiology,17,17-06-2037,City Hospital,Kolkata,78,436,1.2,0
Dr. Ravi Kumar,Orthopedics,17,18-06-2037,Govt Health Center,Chennai,29,155,1,0
Dr. Anil Mehra,Cardiology,16,19-06-2037,City Hospital,Mumbai,71,125,1.7,1
Dr. Ravi Kumar,Pediatrics,10,20-06-2037,Govt Health Center,Chennai,22,53,1.73,1
Dr. Anil Mehra,Cardiology,17,21-06-2037,Govt Health Center,Chennai,67,360,1.42,0
Dr. Ravi Kumar,Dermatology,9,22-06-2037,City Hospital,New Delhi,46,485,0.94,0
Dr. Ravi Kumar,Orthopedics,8,23-06-2037,City Hospital,New Delhi,19,236,1.19,1
Dr. Rohit Verma,Dermatology,9,24-06-2037,City Hospital,Mumbai,12,69,1.55,1
Dr. Swati Desai,Dermatology,10,25-06-2037,City Hospital,Kolkata,43,324,0.6,0
Dr. Anil Mehra,Orthopedics,14,26-06-2037,City Hospital,Chennai,43,185,1,0
Dr. Rohit Verma,Orthopedics,9,27-06-2037,City Hospital,Kolkata,39,76,1.73,1
Dr. Ravi Kumar,Cardiology,12,28-06-2037,City Hospital,Chennai,46,185,1.11,1
Dr. Anil Mehra,Orthopedics,9,29-06-2037,Govt Health Center,New Delhi,77,67,1.44,1
Dr. Ravi Kumar,Dermatology,14,30-06-2037,Metro Hospital,New Delhi,43,334,0.64,0
Dr. Swati Desai,Dermatology,17,01-07-2037,Govt Health Center,New Delhi,41,351,1.67,0
Dr. Rohit Verma,Pediatrics,15,02-07-2037,City Hospital,Mumbai,94,469,0.65,0
Dr. Swati Desai,Orthopedics,15,03-07-2037,Metro Hospital,Chennai,67,436,1.79,0
Dr. Rohit Verma,Dermatology,15,04-07-2037,Metro Hospital,Kolkata,33,442,0.66,0
Dr. Ravi Kumar,Pediatrics,17,05-07-2037,City Hospital,Chennai,18,187,1.84,1
Dr. Swati Desai,Pediatrics,16,06-07-2037,City Hospital,Kolkata,50,281,1.05,1
Dr. Swati Desai,Cardiology,8,07-07-2037,Govt Health Center,Kolkata,33,389,1.44,0
Dr. Ravi Kumar,Dermatology,8,08-07-2037,Metro Hospital,Kolkata,34,499,1.77,0
Dr. Swati Desai,Cardiology,17,09-07-2037,Metro Hospital,Chennai,45,306,0.52,0
Dr. Anil Mehra,Dermatology,9,10-07-2037,City Hospital,New Delhi,17,268,0.9,0
Dr. Rohit Verma,Cardiology,13,11-07-2037,City Hospital,Mumbai,98,181,1.86,1
Dr. Rohit Verma,Cardiology,8,12-07-2037,Metro Hospital,Mumbai,68,481,1.08,0
Dr. Rohit Verma,Orthopedics,12,13-07-2037,Metro Hospital,New Delhi,44,406,1.56,0
Dr. Anil Mehra,Cardiology,12,14-07-2037,City Hospital,Mumbai,47,305,0.71,0
Dr. Rohit Verma,Orthopedics,11,15-07-2037,City Hospital,Kolkata,92,145,1.52,1
Dr. Ravi Kumar,Pediatrics,12,16-07-2037,City Hospital,Mumbai,41,323,0.61,0
Dr. Swati Desai,Dermatology,8,17-07-2037,Govt Health Center,Chennai,60,383,1.58,0
Dr. Anil Mehra,Pediatrics,13,18-07-2037,Govt Health Center,New Delhi,37,350,0.99,0
Dr. Rohit Verma,Dermatology,14,19-07-2037,City Hospital,New Delhi,65,417,1.2,0
Dr. Ravi Kumar,Pediatrics,15,20-07-2037,Govt Health Center,New Delhi,17,64,0.75,0
Dr. Swati Desai,Dermatology,9,21-07-2037,Metro Hospital,New Delhi,50,228,1.44,1
Dr. Swati Desai,Cardiology,14,22-07-2037,Metro Hospital,Chennai,32,494,1.01,0
Dr. Anil Mehra,Dermatology,13,23-07-2037,City Hospital,Kolkata,63,309,1.08,0
Dr. Anil Mehra,Dermatology,16,24-07-2037,Metro Hospital,Kolkata,32,452,1.48,0
Dr. Anil Mehra,Pediatrics,15,25-07-2037,Metro Hospital,Kolkata,41,137,0.77,0
Dr. Ravi Kumar,Pediatrics,11,26-07-2037,Metro Hospital,Mumbai,19,143,1.78,1
Dr. Ravi Kumar,Pediatrics,16,27-07-2037,Metro Hospital,Kolkata,90,382,1.61,0
Dr. Anil Mehra,Orthopedics,8,28-07-2037,Metro Hospital,Mumbai,44,444,1.37,0
Dr. Rohit Verma,Orthopedics,13,29-07-2037,Govt Health Center,Chennai,72,77,0.69,0
Dr. Swati Desai,Dermatology,15,30-07-2037,Govt Health Center,Mumbai,76,234,1.53,1
Dr. Swati Desai,Dermatology,11,31-07-2037,City Hospital,Kolkata,45,124,0.53,0
Dr. Ravi Kumar,Cardiology,9,01-08-2037,Metro Hospital,New Delhi,58,103,1.71,1
Dr. Swati Desai,Cardiology,9,02-08-2037,Govt Health Center,Chennai,55,370,0.96,0
Dr. Rohit Verma,Dermatology,17,03-08-2037,Govt Health Center,Kolkata,36,96,0.68,0
Dr. Swati Desai,Orthopedics,8,04-08-2037,Govt Health Center,Kolkata,40,297,0.75,0
Dr. Ravi Kumar,Dermatology,12,05-08-2037,Metro Hospital,Kolkata,43,283,1.94,1
Dr. Ravi Kumar,Cardiology,13,06-08-2037,Govt Health Center,Chennai,85,167,1.66,1
Dr. Rohit Verma,Orthopedics,11,07-08-2037,City Hospital,New Delhi,68,309,0.86,0
Dr. Rohit Verma,Orthopedics,11,08-08-2037,City Hospital,New Delhi,63,279,1.95,1
Dr. Swati Desai,Cardiology,12,09-08-2037,Metro Hospital,New Delhi,98,339,0.71,0
Dr. Swati Desai,Dermatology,12,10-08-2037,City Hospital,Kolkata,75,290,1.6,1
Dr. Ravi Kumar,Pediatrics,16,11-08-2037,Govt Health Center,Mumbai,39,381,1.49,0
Dr. Rohit Verma,Dermatology,15,12-08-2037,Metro Hospital,Kolkata,82,231,1.73,1
Dr. Rohit Verma,Dermatology,16,13-08-2037,City Hospital,New Delhi,32,366,1.07,0
Dr. Rohit Verma,Cardiology,10,14-08-2037,Metro Hospital,Chennai,18,150,1.1,1
Dr. Swati Desai,Orthopedics,10,15-08-2037,Govt Health Center,Mumbai,93,297,1.44,1
Dr. Rohit Verma,Cardiology,8,16-08-2037,City Hospital,Mumbai,64,398,1.1,0
Dr. Ravi Kumar,Dermatology,17,17-08-2037,Govt Health Center,Kolkata,10,407,0.56,0
Dr. Ravi Kumar,Pediatrics,13,18-08-2037,City Hospital,Chennai,65,162,1.59,1
Dr. Swati Desai,Pediatrics,11,19-08-2037,Metro Hospital,Mumbai,48,270,1.46,1
Dr. Anil Mehra,Pediatrics,15,20-08-2037,City Hospital,New Delhi,96,388,1.14,0
Dr. Swati Desai,Cardiology,9,21-08-2037,City Hospital,Kolkata,27,197,0.95,0
Dr. Anil Mehra,Orthopedics,9,22-08-2037,City Hospital,Kolkata,51,436,0.98,0
Dr. Rohit Verma,Cardiology,14,23-08-2037,Metro Hospital,New Delhi,82,345,1.61,0
Dr. Swati Desai,Pediatrics,12,24-08-2037,City Hospital,New Delhi,84,246,1.59,1
Dr. Ravi Kumar,Dermatology,8,25-08-2037,Govt Health Center,New Delhi,74,456,1.73,0
Dr. Rohit Verma,Orthopedics,14,26-08-2037,Metro Hospital,Mumbai,84,118,1.64,1
Dr. Ravi Kumar,Cardiology,14,27-08-2037,Metro Hospital,Chennai,42,337,1.64,0
Dr. Rohit Verma,Cardiology,17,28-08-2037,Govt Health Center,Mumbai,39,73,0.88,0
Dr. Swati Desai,Orthopedics,13,29-08-2037,Metro Hospital,Chennai,14,418,0.65,0
Dr. Anil Mehra,Orthopedics,11,30-08-2037,City Hospital,Kolkata,59,484,1.64,0
Dr. Rohit Verma,Dermatology,15,31-08-2037,Metro Hospital,Chennai,74,420,0.65,0
Dr. Anil Mehra,Orthopedics,9,01-09-2037,Govt Health Center,New Delhi,19,235,1.97,1
Dr. Rohit Verma,Dermatology,9,02-09-2037,Metro Hospital,Mumbai,69,219,1.81,1
Dr. Ravi Kumar,Pediatrics,9,03-09-2037,Govt Health Center,New Delhi,86,340,1.3,0
Dr. Ravi Kumar,Pediatrics,10,04-09-2037,Metro Hospital,Kolkata,36,81,1.03,1
Dr. Rohit Verma,Cardiology,13,05-09-2037,Govt Health Center,Mumbai,81,487,1.29,0
Dr. Anil Mehra,Pediatrics,8,06-09-2037,Metro Hospital,Mumbai,37,350,1.6,0
Dr. Swati Desai,Pediatrics,9,07-09-2037,City Hospital,New Delhi,54,225,1.63,1
Dr. Swati Desai,Dermatology,17,08-09-2037,Govt Health Center,Mumbai,61,413,0.61,0
Dr. Ravi Kumar,Cardiology,9,09-09-2037,Govt Health Center,New Delhi,75,391,1.71,0
Dr. Swati Desai,Orthopedics,8,10-09-2037,Metro Hospital,Chennai,71,226,1.46,1
Dr. Ravi Kumar,Cardiology,10,11-09-2037,Metro Hospital,Kolkata,85,339,0.56,0
Dr. Swati Desai,Pediatrics,17,12-09-2037,Metro Hospital,New Delhi,86,193,0.97,0
Dr. Rohit Verma,Orthopedics,14,13-09-2037,City Hospital,Kolkata,69,60,1.27,1
Dr. Ravi Kumar,Cardiology,8,14-09-2037,Metro Hospital,Mumbai,95,196,0.78,0
Dr. Ravi Kumar,Cardiology,14,15-09-2037,Govt Health Center,Kolkata,49,397,0.73,0
Dr. Rohit Verma,Cardiology,12,16-09-2037,Metro Hospital,Kolkata,24,462,0.52,0
Dr. Ravi Kumar,Cardiology,16,17-09-2037,City Hospital,Kolkata,16,359,1.87,0
Dr. Swati Desai,Dermatology,9,18-09-2037,Metro Hospital,Mumbai,48,486,0.58,0
Dr. Swati Desai,Cardiology,8,19-09-2037,Metro Hospital,Chennai,60,244,1.05,1
Dr. Ravi Kumar,Pediatrics,16,20-09-2037,Govt Health Center,Chennai,16,125,0.81,0
Dr. Swati Desai,Pediatrics,15,21-09-2037,Metro Hospital,Chennai,21,209,1.61,1
Dr. Anil Mehra,Dermatology,17,22-09-2037,City Hospital,New Delhi,23,149,1.56,1
Dr. Ravi Kumar,Orthopedics,13,23-09-2037,Metro Hospital,New Delhi,43,165,1.71,1
Dr. Rohit Verma,Orthopedics,12,24-09-2037,Metro Hospital,Mumbai,48,429,1.43,0
Dr. Anil Mehra,Pediatrics,15,25-09-2037,Govt Health Center,Chennai,82,132,1.39,1
Dr. Ravi Kumar,Pediatrics,15,26-09-2037,Metro Hospital,Kolkata,73,361,1.11,0
Dr. Rohit Verma,Dermatology,12,27-09-2037,Govt Health Center,Chennai,21,112,1.45,1
Dr. Swati Desai,Orthopedics,14,28-09-2037,Govt Health Center,New Delhi,43,181,0.67,0
Dr. Rohit Verma,Orthopedics,8,29-09-2037,Metro Hospital,Mumbai,36,297,1.53,1
Dr. Anil Mehra,Cardiology,11,30-09-2037,Govt Health Center,Chennai,31,444,0.66,0
Dr. Swati Desai,Cardiology,9,01-10-2037,Govt Health Center,New Delhi,27,180,1.79,1
Dr. Ravi Kumar,Cardiology,17,02-10-2037,Metro Hospital,New Delhi,55,460,1.26,0
Dr. Swati Desai,Dermatology,10,03-10-2037,Metro Hospital,Kolkata,53,416,1.3,0
Dr. Ravi Kumar,Pediatrics,8,04-10-2037,City Hospital,Chennai,27,477,1.38,0
Dr. Ravi Kumar,Dermatology,9,05-10-2037,City Hospital,Kolkata,46,451,1.66,0
Dr. Rohit Verma,Orthopedics,8,06-10-2037,Govt Health Center,Chennai,16,207,1.22,1
Dr. Rohit Verma,Pediatrics,15,07-10-2037,Govt Health Center,Mumbai,77,265,1.14,1
Dr. Rohit Verma,Cardiology,11,08-10-2037,Metro Hospital,Chennai,89,375,0.93,0
Dr. Anil Mehra,Dermatology,10,09-10-2037,City Hospital,Kolkata,95,480,0.69,0
Dr. Anil Mehra,Dermatology,8,10-10-2037,City Hospital,Kolkata,69,83,0.79,0
Dr. Rohit Verma,Cardiology,9,11-10-2037,Metro Hospital,New Delhi,57,424,0.5,0
Dr. Anil Mehra,Dermatology,10,12-10-2037,Metro Hospital,Chennai,60,381,1.8,0
Dr. Swati Desai,Cardiology,10,13-10-2037,Metro Hospital,Chennai,93,347,1.65,0
Dr. Swati Desai,Orthopedics,13,14-10-2037,Metro Hospital,Mumbai,61,328,0.83,0
Dr. Anil Mehra,Pediatrics,17,15-10-2037,City Hospital,New Delhi,86,345,0.5,0
Dr. Anil Mehra,Orthopedics,15,16-10-2037,Metro Hospital,Kolkata,61,64,1.24,1
Dr. Swati Desai,Orthopedics,13,17-10-2037,Metro Hospital,Chennai,93,164,1.12,1
Dr. Ravi Kumar,Cardiology,9,18-10-2037,City Hospital,New Delhi,63,106,1.66,1
Dr. Swati Desai,Dermatology,9,19-10-2037,Metro Hospital,Mumbai,50,416,1.1,0
Dr. Swati Desai,Orthopedics,14,20-10-2037,City Hospital,New Delhi,51,191,1.8,1
Dr. Anil Mehra,Orthopedics,8,21-10-2037,City Hospital,Chennai,31,256,0.64,0
Dr. Swati Desai,Orthopedics,8,22-10-2037,Metro Hospital,Chennai,48,189,1.05,1
Dr. Anil Mehra,Dermatology,14,23-10-2037,Metro Hospital,Mumbai,32,156,1.9,1
Dr. Anil Mehra,Dermatology,16,24-10-2037,Govt Health Center,Mumbai,57,422,0.52,0
Dr. Rohit Verma,Cardiology,12,25-10-2037,Govt Health Center,Mumbai,42,340,1.09,0
Dr. Swati Desai,Orthopedics,8,26-10-2037,City Hospital,Kolkata,50,458,0.89,0
Dr. Ravi Kumar,Pediatrics,12,27-10-2037,City Hospital,New Delhi,39,127,1.3,1
Dr. Rohit Verma,Dermatology,8,28-10-2037,Govt Health Center,New Delhi,87,51,0.92,0
Dr. Anil Mehra,Cardiology,17,29-10-2037,City Hospital,New Delhi,56,323,1.8,0
Dr. Anil Mehra,Orthopedics,16,30-10-2037,Govt Health Center,Kolkata,66,84,1.91,1
Dr. Ravi Kumar,Pediatrics,11,31-10-2037,Metro Hospital,New Delhi,81,314,1.77,0
Dr. Anil Mehra,Dermatology,16,01-11-2037,Metro Hospital,Mumbai,66,444,1.1,0
Dr. Swati Desai,Pediatrics,9,02-11-2037,Metro Hospital,New Delhi,71,267,1.98,1
Dr. Rohit Verma,Dermatology,14,03-11-2037,City Hospital,Kolkata,95,116,1.6,1
Dr. Anil Mehra,Cardiology,9,04-11-2037,Metro Hospital,Kolkata,66,118,1.03,1
Dr. Anil Mehra,Pediatrics,11,05-11-2037,City Hospital,New Delhi,77,273,0.64,0
Dr. Ravi Kumar,Orthopedics,13,06-11-2037,Metro Hospital,Kolkata,81,410,1.5,0
Dr. Swati Desai,Orthopedics,9,07-11-2037,City Hospital,Kolkata,95,343,1.59,0
Dr. Anil Mehra,Dermatology,9,08-11-2037,City Hospital,New Delhi,34,375,0.68,0
Dr. Ravi Kumar,Orthopedics,9,09-11-2037,Govt Health Center,Kolkata,98,252,1.32,1
Dr. Anil Mehra,Pediatrics,10,10-11-2037,Govt Health Center,Kolkata,49,130,1.98,1
Dr. Ravi Kumar,Cardiology,12,11-11-2037,Govt Health Center,New Delhi,26,492,0.99,0
Dr. Ravi Kumar,Dermatology,16,12-11-2037,City Hospital,Mumbai,89,115,0.95,0
Dr. Swati Desai,Pediatrics,13,13-11-2037,Govt Health Center,Mumbai,57,346,1.85,0
Dr. Anil Mehra,Dermatology,16,14-11-2037,Govt Health Center,Kolkata,48,329,0.68,0
Dr. Swati Desai,Cardiology,17,15-11-2037,Govt Health Center,Chennai,24,483,1.9,0
Dr. Ravi Kumar,Dermatology,12,16-11-2037,City Hospital,Chennai,26,310,1.67,0
Dr. Rohit Verma,Orthopedics,13,17-11-2037,City Hospital,New Delhi,44,326,1.09,0
Dr. Anil Mehra,Orthopedics,17,18-11-2037,Govt Health Center,New Delhi,42,55,0.63,0
Dr. Rohit Verma,Dermatology,15,19-11-2037,Govt Health Center,Mumbai,27,181,0.53,0
Dr. Anil Mehra,Cardiology,10,20-11-2037,City Hospital,Chennai,39,314,1.06,0
Dr. Swati Desai,Cardiology,9,21-11-2037,City Hospital,New Delhi,96,374,1.56,0
Dr. Swati Desai,Orthopedics,10,22-11-2037,Govt Health Center,Chennai,46,117,1.23,1
Dr. Swati Desai,Cardiology,16,23-11-2037,Govt Health Center,Chennai,16,175,1.61,1
Dr. Swati Desai,Dermatology,13,24-11-2037,Govt Health Center,Kolkata,83,442,1.51,0
Dr. Swati Desai,Pediatrics,17,25-11-2037,City Hospital,Kolkata,89,451,1.36,0
Dr. Rohit Verma,Dermatology,11,26-11-2037,Govt Health Center,Chennai,37,364,1.95,0
Dr. Swati Desai,Orthopedics,17,27-11-2037,City Hospital,Mumbai,96,220,1.59,1
Dr. Ravi Kumar,Orthopedics,10,28-11-2037,Metro Hospital,New Delhi,27,385,1.87,0
Dr. Ravi Kumar,Orthopedics,9,29-11-2037,Govt Health Center,New Delhi,56,499,0.86,0
Dr. Rohit Verma,Cardiology,11,30-11-2037,Metro Hospital,Mumbai,32,78,1.57,1
Dr. Anil Mehra,Dermatology,16,01-12-2037,City Hospital,Kolkata,29,225,1.4,1
Dr. Ravi Kumar,Pediatrics,11,02-12-2037,Metro Hospital,Kolkata,40,356,1.89,0
Dr. Anil Mehra,Dermatology,12,03-12-2037,Govt Health Center,Mumbai,23,475,1.27,0
Dr. Rohit Verma,Pediatrics,15,04-12-2037,Metro Hospital,Mumbai,32,341,0.92,0
Dr. Anil Mehra,Dermatology,9,05-12-2037,Metro Hospital,Kolkata,11,381,1.08,0
Dr. Anil Mehra,Orthopedics,10,06-12-2037,Metro Hospital,Chennai,38,154,0.83,0
Dr. Anil Mehra,Pediatrics,13,07-12-2037,City Hospital,Kolkata,59,94,0.83,0
Dr. Anil Mehra,Dermatology,14,08-12-2037,Govt Health Center,Chennai,82,150,1.21,1
Dr. Rohit Verma,Cardiology,11,09-12-2037,City Hospital,New Delhi,68,275,1.84,1
Dr. Ravi Kumar,Cardiology,8,10-12-2037,Metro Hospital,New Delhi,42,468,0.79,0
Dr. Swati Desai,Dermatology,14,11-12-2037,Metro Hospital,Chennai,57,153,0.93,0
Dr. Anil Mehra,Orthopedics,16,12-12-2037,City Hospital,Chennai,53,311,1.78,0
Dr. Ravi Kumar,Pediatrics,8,13-12-2037,City Hospital,Kolkata,21,302,1.01,0
Dr. Ravi Kumar,Dermatology,8,14-12-2037,Metro Hospital,Mumbai,92,214,1.94,1
Dr. Rohit Verma,Cardiology,8,15-12-2037,Govt Health Center,Chennai,51,341,0.9,0
Dr. Ravi Kumar,Pediatrics,17,16-12-2037,City Hospital,New Delhi,93,261,1.16,1
Dr. Rohit Verma,Cardiology,14,17-12-2037,Metro Hospital,Kolkata,44,193,0.64,0
Dr. Anil Mehra,Cardiology,16,18-12-2037,Metro Hospital,New Delhi,50,285,1.99,1
Dr. Anil Mehra,Dermatology,10,19-12-2037,Govt Health Center,Kolkata,94,71,1.84,1
Dr. Swati Desai,Cardiology,15,20-12-2037,Metro Hospital,Mumbai,64,118,1.73,1
Dr. Swati Desai,Pediatrics,16,21-12-2037,City Hospital,Mumbai,22,118,0.74,0
Dr. Swati Desai,Orthopedics,10,22-12-2037,Metro Hospital,New Delhi,48,295,1.95,1
Dr. Ravi Kumar,Dermatology,10,23-12-2037,Metro Hospital,Chennai,98,112,1.89,1
Dr. Anil Mehra,Pediatrics,8,24-12-2037,Metro Hospital,Chennai,75,286,1.15,1
Dr. Rohit Verma,Dermatology,9,25-12-2037,Metro Hospital,New Delhi,44,380,1.52,0
Dr. Swati Desai,Cardiology,14,26-12-2037,Govt Health Center,Chennai,81,412,1.99,0
Dr. Rohit Verma,Cardiology,10,27-12-2037,City Hospital,Chennai,42,68,1.11,1
Dr. Rohit Verma,Pediatrics,14,28-12-2037,Metro Hospital,New Delhi,98,280,0.67,0
Dr. Swati Desai,Pediatrics,12,29-12-2037,City Hospital,New Delhi,94,278,1.8,1
Dr. Anil Mehra,Orthopedics,17,30-12-2037,Govt Health Center,Mumbai,45,407,1.21,0
Dr. Swati Desai,Pediatrics,15,31-12-2037,City Hospital,New Delhi,22,431,1.98,0
Dr. Rohit Verma,Pediatrics,12,01-01-2038,Govt Health Center,Mumbai,65,176,1.33,1
Dr. Swati Desai,Dermatology,10,02-01-2038,City Hospital,Mumbai,55,195,0.54,0
Dr. Rohit Verma,Cardiology,16,03-01-2038,City Hospital,Kolkata,82,419,1.24,0
Dr. Rohit Verma,Pediatrics,14,04-01-2038,Metro Hospital,Chennai,55,378,1.58,0
Dr. Swati Desai,Orthopedics,12,05-01-2038,City Hospital,New Delhi,53,163,0.54,0
Dr. Ravi Kumar,Pediatrics,14,06-01-2038,Metro Hospital,Chennai,55,292,1.12,1
Dr. Swati Desai,Cardiology,17,07-01-2038,Metro Hospital,Kolkata,83,194,0.73,0
Dr. Ravi Kumar,Pediatrics,16,08-01-2038,City Hospital,New Delhi,78,90,1.46,1
Dr. Rohit Verma,Dermatology,12,09-01-2038,Metro Hospital,New Delhi,40,210,1.94,1
Dr. Rohit Verma,Cardiology,14,10-01-2038,City Hospital,Kolkata,33,488,1.44,0
Dr. Ravi Kumar,Pediatrics,16,11-01-2038,Metro Hospital,Chennai,41,387,1.54,0
Dr. Rohit Verma,Dermatology,8,12-01-2038,Metro Hospital,Mumbai,76,457,1.09,0
Dr. Ravi Kumar,Cardiology,11,13-01-2038,Govt Health Center,Kolkata,25,126,1.34,1
Dr. Ravi Kumar,Pediatrics,8,14-01-2038,Govt Health Center,Kolkata,66,217,1.32,1
Dr. Rohit Verma,Dermatology,15,15-01-2038,City Hospital,New Delhi,93,333,1.64,0
Dr. Anil Mehra,Orthopedics,10,16-01-2038,Metro Hospital,Mumbai,33,159,1.79,1
Dr. Ravi Kumar,Dermatology,9,17-01-2038,Govt Health Center,Kolkata,43,244,1.49,1
Dr. Swati Desai,Orthopedics,11,18-01-2038,Govt Health Center,Chennai,61,277,1.97,1
Dr. Swati Desai,Pediatrics,10,19-01-2038,Govt Health Center,Kolkata,57,216,1.74,1
Dr. Rohit Verma,Dermatology,12,20-01-2038,Metro Hospital,Chennai,96,70,0.69,0
Dr. Anil Mehra,Orthopedics,15,21-01-2038,City Hospital,New Delhi,62,214,1.26,1
Dr. Rohit Verma,Cardiology,17,22-01-2038,Metro Hospital,Kolkata,64,179,1.85,1
Dr. Anil Mehra,Dermatology,15,23-01-2038,Metro Hospital,Chennai,47,311,1.92,0
Dr. Ravi Kumar,Pediatrics,14,24-01-2038,Govt Health Center,New Delhi,11,101,1.07,1
Dr. Ravi Kumar,Cardiology,15,25-01-2038,Metro Hospital,New Delhi,78,310,1.59,0
Dr. Ravi Kumar,Orthopedics,12,26-01-2038,Metro Hospital,New Delhi,91,224,1.12,1
Dr. Ravi Kumar,Dermatology,17,27-01-2038,Govt Health Center,Kolkata,62,348,0.69,0
Dr. Swati Desai,Dermatology,17,28-01-2038,Govt Health Center,New Delhi,59,145,1.83,1
Dr. Swati Desai,Pediatrics,13,29-01-2038,Metro Hospital,New Delhi,38,406,1.9,0
Dr. Rohit Verma,Cardiology,15,30-01-2038,Govt Health Center,Chennai,83,419,1.26,0
Dr. Anil Mehra,Dermatology,8,31-01-2038,City Hospital,New Delhi,64,89,0.53,0
Dr. Ravi Kumar,Dermatology,13,01-02-2038,City Hospital,Kolkata,70,444,1.72,0
Dr. Ravi Kumar,Cardiology,13,02-02-2038,City Hospital,Mumbai,59,258,1.22,1
Dr. Anil Mehra,Dermatology,12,03-02-2038,City Hospital,New Delhi,25,191,0.61,0
Dr. Anil Mehra,Cardiology,11,04-02-2038,City Hospital,Kolkata,96,307,0.78,0
Dr. Rohit Verma,Cardiology,8,05-02-2038,Govt Health Center,New Delhi,79,216,0.73,0
Dr. Anil Mehra,Cardiology,17,06-02-2038,Govt Health Center,Kolkata,53,240,1.53,1
Dr. Ravi Kumar,Pediatrics,15,07-02-2038,City Hospital,New Delhi,93,368,0.95,0
Dr. Ravi Kumar,Cardiology,13,08-02-2038,City Hospital,Chennai,25,168,0.69,0
Dr. Ravi Kumar,Cardiology,10,09-02-2038,City Hospital,Mumbai,37,195,1.88,1
Dr. Ravi Kumar,Orthopedics,10,10-02-2038,Govt Health Center,Mumbai,66,399,1.93,0
Dr. Ravi Kumar,Orthopedics,13,11-02-2038,Govt Health Center,Kolkata,35,384,0.71,0
Dr. Rohit Verma,Pediatrics,14,12-02-2038,Metro Hospital,Kolkata,95,178,0.85,0
Dr. Ravi Kumar,Cardiology,15,13-02-2038,Metro Hospital,Mumbai,20,194,1.39,1
Dr. Rohit Verma,Orthopedics,12,14-02-2038,Metro Hospital,Chennai,10,103,0.73,0
Dr. Ravi Kumar,Orthopedics,17,15-02-2038,Metro Hospital,Chennai,78,171,0.74,0
Dr. Swati Desai,Dermatology,13,16-02-2038,Govt Health Center,New Delhi,52,173,1,0
Dr. Swati Desai,Cardiology,8,17-02-2038,Govt Health Center,Chennai,55,216,1.92,1
Dr. Swati Desai,Orthopedics,13,18-02-2038,Govt Health Center,Mumbai,45,481,1.94,0
Dr. Swati Desai,Pediatrics,16,19-02-2038,Govt Health Center,Mumbai,75,371,1.76,0
Dr. Rohit Verma,Dermatology,17,20-02-2038,City Hospital,Chennai,66,192,1.54,1
Dr. Rohit Verma,Dermatology,11,21-02-2038,Metro Hospital,Chennai,15,71,1.58,1
Dr. Anil Mehra,Cardiology,17,22-02-2038,Govt Health Center,Mumbai,71,325,1.2,0
Dr. Ravi Kumar,Cardiology,8,23-02-2038,Govt Health Center,Mumbai,36,398,1.3,0
Dr. Swati Desai,Dermatology,16,24-02-2038,Metro Hospital,Mumbai,35,476,1.45,0
Dr. Rohit Verma,Pediatrics,11,25-02-2038,Govt Health Center,Mumbai,22,489,1.6,0
Dr. Ravi Kumar,Cardiology,9,26-02-2038,City Hospital,Mumbai,85,457,0.65,0
Dr. Ravi Kumar,Cardiology,8,27-02-2038,Govt Health Center,Chennai,27,348,0.84,0
Dr. Rohit Verma,Dermatology,10,28-02-2038,Metro Hospital,Chennai,47,326,1.94,0
Dr. Swati Desai,Dermatology,14,01-03-2038,City Hospital,New Delhi,15,353,1,0
Dr. Anil Mehra,Cardiology,17,02-03-2038,City Hospital,New Delhi,37,371,0.9,0
Dr. Ravi Kumar,Orthopedics,9,03-03-2038,Metro Hospital,Kolkata,98,164,1.13,1
Dr. Anil Mehra,Cardiology,16,04-03-2038,Metro Hospital,New Delhi,14,321,0.94,0
Dr. Swati Desai,Orthopedics,9,05-03-2038,City Hospital,Chennai,68,217,0.64,0
Dr. Swati Desai,Dermatology,12,06-03-2038,Govt Health Center,New Delhi,88,326,0.81,0
Dr. Anil Mehra,Orthopedics,15,07-03-2038,Metro Hospital,New Delhi,82,485,1.46,0
Dr. Swati Desai,Pediatrics,17,08-03-2038,City Hospital,Chennai,54,406,0.83,0
Dr. Ravi Kumar,Dermatology,15,09-03-2038,Metro Hospital,Mumbai,62,313,1.47,0
Dr. Anil Mehra,Cardiology,10,10-03-2038,Govt Health Center,Chennai,11,299,0.65,0
Dr. Swati Desai,Cardiology,9,11-03-2038,Govt Health Center,Chennai,58,415,0.56,0
Dr. Anil Mehra,Dermatology,16,12-03-2038,City Hospital,Kolkata,82,488,1.79,0
Dr. Ravi Kumar,Dermatology,10,13-03-2038,Govt Health Center,Kolkata,99,304,1.64,0
Dr. Swati Desai,Pediatrics,15,14-03-2038,Govt Health Center,Kolkata,96,391,1.5,0
Dr. Ravi Kumar,Dermatology,9,15-03-2038,Govt Health Center,Mumbai,72,107,0.55,0
Dr. Swati Desai,Cardiology,10,16-03-2038,Metro Hospital,New Delhi,79,54,0.86,0
Dr. Rohit Verma,Pediatrics,8,17-03-2038,City Hospital,Kolkata,67,475,1.72,0
Dr. Swati Desai,Cardiology,13,18-03-2038,City Hospital,Chennai,13,160,0.72,0
Dr. Anil Mehra,Orthopedics,14,19-03-2038,City Hospital,Kolkata,39,414,1.72,0
Dr. Swati Desai,Dermatology,11,20-03-2038,Govt Health Center,Chennai,66,335,1.38,0
Dr. Ravi Kumar,Orthopedics,8,21-03-2038,Metro Hospital,Mumbai,56,400,1.61,0
Dr. Ravi Kumar,Cardiology,10,22-03-2038,City Hospital,Kolkata,27,314,1.47,0
Dr. Swati Desai,Orthopedics,16,23-03-2038,Metro Hospital,Chennai,53,298,1.13,1
Dr. Anil Mehra,Orthopedics,12,24-03-2038,City Hospital,New Delhi,61,144,0.94,0
Dr. Rohit Verma,Cardiology,13,25-03-2038,Govt Health Center,Mumbai,58,400,1.51,0
Dr. Anil Mehra,Cardiology,11,26-03-2038,City Hospital,Chennai,39,346,1.71,0
Dr. Rohit Verma,Dermatology,8,27-03-2038,City Hospital,New Delhi,61,356,0.57,0
Dr. Ravi Kumar,Orthopedics,12,28-03-2038,Govt Health Center,New Delhi,46,234,1.07,1
Dr. Anil Mehra,Pediatrics,12,29-03-2038,Govt Health Center,Chennai,72,278,1.03,1
Dr. Rohit Verma,Pediatrics,12,30-03-2038,City Hospital,Kolkata,21,366,1.34,0
Dr. Swati Desai,Cardiology,13,31-03-2038,Metro Hospital,New Delhi,26,311,0.67,0
Dr. Ravi Kumar,Cardiology,9,01-04-2038,Govt Health Center,Mumbai,43,168,1.9,1
Dr. Swati Desai,Orthopedics,8,02-04-2038,City Hospital,New Delhi,37,283,1.32,1
Dr. Ravi Kumar,Cardiology,9,03-04-2038,Govt Health Center,Kolkata,13,331,1.89,0
Dr. Anil Mehra,Pediatrics,17,04-04-2038,Metro Hospital,Mumbai,55,251,1.73,1
Dr. Anil Mehra,Dermatology,13,05-04-2038,City Hospital,Mumbai,23,311,0.79,0
Dr. Ravi Kumar,Dermatology,12,06-04-2038,City Hospital,Mumbai,22,102,0.7,0
Dr. Ravi Kumar,Orthopedics,12,07-04-2038,Metro Hospital,Chennai,67,366,1.79,0
Dr. Ravi Kumar,Dermatology,13,08-04-2038,Metro Hospital,New Delhi,58,210,1.3,1
Dr. Anil Mehra,Cardiology,17,09-04-2038,City Hospital,Kolkata,59,293,0.53,0
Dr. Rohit Verma,Cardiology,14,10-04-2038,Metro Hospital,Chennai,76,478,1.9,0
Dr. Swati Desai,Cardiology,16,11-04-2038,Metro Hospital,Chennai,30,143,1.21,1
Dr. Swati Desai,Cardiology,14,12-04-2038,City Hospital,Mumbai,89,89,0.95,0
Dr. Anil Mehra,Orthopedics,9,13-04-2038,Govt Health Center,Chennai,60,329,1.27,0
Dr. Swati Desai,Dermatology,13,14-04-2038,Metro Hospital,New Delhi,47,141,1.73,1
Dr. Ravi Kumar,Pediatrics,16,15-04-2038,Govt Health Center,Chennai,35,350,0.67,0
Dr. Rohit Verma,Dermatology,14,16-04-2038,Govt Health Center,Chennai,15,87,1.04,1
Dr. Swati Desai,Cardiology,9,17-04-2038,Govt Health Center,Mumbai,27,462,0.98,0
Dr. Rohit Verma,Pediatrics,10,18-04-2038,Metro Hospital,Mumbai,15,292,1.76,1
Dr. Ravi Kumar,Orthopedics,15,19-04-2038,City Hospital,Chennai,50,413,1.67,0
Dr. Swati Desai,Cardiology,16,20-04-2038,City Hospital,Mumbai,66,185,1.1,1
Dr. Anil Mehra,Cardiology,11,21-04-2038,City Hospital,Kolkata,59,113,1.5,1
Dr. Rohit Verma,Pediatrics,16,22-04-2038,City Hospital,Kolkata,34,392,1.09,0
Dr. Ravi Kumar,Orthopedics,9,23-04-2038,City Hospital,Kolkata,57,412,1.36,0
Dr. Rohit Verma,Pediatrics,12,24-04-2038,City Hospital,Chennai,33,250,1.99,1
Dr. Swati Desai,Orthopedics,9,25-04-2038,Govt Health Center,New Delhi,39,356,1.3,0
Dr. Swati Desai,Cardiology,8,26-04-2038,Govt Health Center,New Delhi,96,311,1.98,0
Dr. Anil Mehra,Dermatology,12,27-04-2038,Govt Health Center,Mumbai,54,224,1.62,1
Dr. Ravi Kumar,Cardiology,9,28-04-2038,Metro Hospital,New Delhi,52,226,0.68,0
Dr. Ravi Kumar,Dermatology,14,29-04-2038,Metro Hospital,New Delhi,81,134,1.69,1
Dr. Anil Mehra,Dermatology,15,30-04-2038,Metro Hospital,Chennai,65,209,0.74,0
Dr. Anil Mehra,Orthopedics,9,01-05-2038,City Hospital,Mumbai,82,231,1.3,1
Dr. Ravi Kumar,Pediatrics,14,02-05-2038,Govt Health Center,New Delhi,79,85,1.42,1
Dr. Rohit Verma,Orthopedics,11,03-05-2038,Metro Hospital,Kolkata,42,394,1.84,0
Dr. Rohit Verma,Cardiology,8,04-05-2038,Govt Health Center,Mumbai,54,148,0.82,0
Dr. Anil Mehra,Pediatrics,10,05-05-2038,City Hospital,Mumbai,16,275,1.81,1
Dr. Rohit Verma,Dermatology,8,06-05-2038,Govt Health Center,Mumbai,27,452,1.9,0
Dr. Ravi Kumar,Dermatology,12,07-05-2038,City Hospital,Kolkata,79,86,0.63,0
Dr. Swati Desai,Cardiology,15,08-05-2038,Metro Hospital,New Delhi,54,322,1.83,0
Dr. Swati Desai,Pediatrics,8,09-05-2038,City Hospital,Kolkata,46,321,0.89,0
Dr. Rohit Verma,Cardiology,16,10-05-2038,City Hospital,Mumbai,30,235,0.62,0
Dr. Anil Mehra,Cardiology,10,11-05-2038,Govt Health Center,Mumbai,99,477,1.94,0
Dr. Anil Mehra,Orthopedics,12,12-05-2038,City Hospital,Chennai,88,98,1.09,1
Dr. Anil Mehra,Cardiology,16,13-05-2038,Metro Hospital,Chennai,53,143,1.43,1
Dr. Anil Mehra,Pediatrics,12,14-05-2038,Metro Hospital,Chennai,39,356,1.33,0
Dr. Anil Mehra,Cardiology,16,15-05-2038,City Hospital,Chennai,20,275,0.82,0
Dr. Rohit Verma,Pediatrics,17,16-05-2038,Govt Health Center,Mumbai,17,54,1.5,1
Dr. Swati Desai,Dermatology,15,17-05-2038,Metro Hospital,Kolkata,14,402,0.57,0
Dr. Swati Desai,Cardiology,14,18-05-2038,Metro Hospital,Chennai,17,491,0.8,0
Dr. Rohit Verma,Pediatrics,8,19-05-2038,City Hospital,Kolkata,14,223,1.92,1
Dr. Anil Mehra,Dermatology,11,20-05-2038,City Hospital,Chennai,19,232,1.93,1
Dr. Rohit Verma,Pediatrics,16,21-05-2038,Metro Hospital,New Delhi,24,122,1.22,1
Dr. Swati Desai,Dermatology,17,22-05-2038,City Hospital,Chennai,65,194,0.75,0
Dr. Ravi Kumar,Orthopedics,15,23-05-2038,City Hospital,Kolkata,64,445,1.13,0
Dr. Rohit Verma,Cardiology,11,24-05-2038,Metro Hospital,Chennai,12,201,1.82,1
Dr. Anil Mehra,Cardiology,8,25-05-2038,Govt Health Center,New Delhi,50,105,0.61,0
Dr. Swati Desai,Dermatology,17,26-05-2038,Govt Health Center,Kolkata,19,232,0.69,0
Dr. Swati Desai,Orthopedics,11,27-05-2038,Metro Hospital,Kolkata,16,171,1.84,1
Dr. Swati Desai,Pediatrics,10,28-05-2038,City Hospital,Kolkata,72,293,1.12,1
Dr. Swati Desai,Orthopedics,13,29-05-2038,Metro Hospital,Mumbai,72,431,0.63,0
Dr. Anil Mehra,Pediatrics,12,30-05-2038,Metro Hospital,Kolkata,97,253,0.71,0
Dr. Ravi Kumar,Pediatrics,12,31-05-2038,City Hospital,Mumbai,35,128,1.82,1
Dr. Swati Desai,Cardiology,9,01-06-2038,Govt Health Center,New Delhi,43,65,1.24,1
Dr. Rohit Verma,Dermatology,10,02-06-2038,Govt Health Center,Kolkata,81,175,0.74,0
Dr. Ravi Kumar,Cardiology,13,03-06-2038,City Hospital,Kolkata,48,136,1.84,1
Dr. Swati Desai,Cardiology,9,04-06-2038,Metro Hospital,Kolkata,69,327,1.77,0
Dr. Ravi Kumar,Cardiology,11,05-06-2038,City Hospital,New Delhi,78,415,0.53,0
Dr. Rohit Verma,Pediatrics,9,06-06-2038,Metro Hospital,Mumbai,35,477,1.37,0
Dr. Swati Desai,Cardiology,16,07-06-2038,City Hospital,Chennai,71,400,0.87,0
Dr. Rohit Verma,Pediatrics,10,08-06-2038,City Hospital,New Delhi,19,92,1.3,1
Dr. Anil Mehra,Dermatology,17,09-06-2038,Govt Health Center,New Delhi,63,128,0.92,0
Dr. Swati Desai,Pediatrics,17,10-06-2038,Govt Health Center,New Delhi,40,326,0.97,0
Dr. Swati Desai,Pediatrics,13,11-06-2038,City Hospital,Mumbai,47,428,1.4,0
Dr. Swati Desai,Orthopedics,8,12-06-2038,City Hospital,Mumbai,34,313,1.31,0
Dr. Swati Desai,Cardiology,17,13-06-2038,Govt Health Center,Mumbai,86,354,1.09,0
Dr. Anil Mehra,Cardiology,10,14-06-2038,Metro Hospital,Mumbai,74,277,0.66,0
Dr. Swati Desai,Cardiology,15,15-06-2038,Govt Health Center,Mumbai,59,174,1.95,1
Dr. Ravi Kumar,Cardiology,12,16-06-2038,Metro Hospital,Kolkata,33,155,0.76,0
Dr. Swati Desai,Orthopedics,15,17-06-2038,Govt Health Center,Chennai,36,279,1.45,1
Dr. Anil Mehra,Orthopedics,9,18-06-2038,Govt Health Center,Chennai,91,183,0.62,0
Dr. Swati Desai,Orthopedics,14,19-06-2038,Metro Hospital,Mumbai,59,130,1.53,1
Dr. Ravi Kumar,Orthopedics,16,20-06-2038,City Hospital,Mumbai,59,409,0.64,0
Dr. Anil Mehra,Cardiology,14,21-06-2038,Govt Health Center,Kolkata,24,158,0.84,0
Dr. Anil Mehra,Pediatrics,10,22-06-2038,Govt Health Center,Mumbai,26,224,1.47,1
Dr. Ravi Kumar,Dermatology,14,23-06-2038,Govt Health Center,Kolkata,38,213,0.92,0
Dr. Ravi Kumar,Orthopedics,15,24-06-2038,City Hospital,Kolkata,14,174,1.3,1
Dr. Ravi Kumar,Pediatrics,8,25-06-2038,Govt Health Center,New Delhi,20,397,0.69,0
Dr. Ravi Kumar,Orthopedics,10,26-06-2038,City Hospital,New Delhi,89,426,0.8,0
Dr. Ravi Kumar,Cardiology,12,27-06-2038,Govt Health Center,Mumbai,61,416,1.6,0
Dr. Anil Mehra,Cardiology,13,28-06-2038,Metro Hospital,Kolkata,43,72,0.55,0
Dr. Anil Mehra,Pediatrics,10,29-06-2038,Govt Health Center,Mumbai,90,464,0.67,0
Dr. Swati Desai,Pediatrics,11,30-06-2038,Govt Health Center,New Delhi,42,415,0.82,0
Dr. Swati Desai,Pediatrics,12,01-07-2038,City Hospital,New Delhi,58,380,0.53,0
Dr. Rohit Verma,Cardiology,10,02-07-2038,City Hospital,New Delhi,40,111,0.64,0
Dr. Swati Desai,Cardiology,11,03-07-2038,City Hospital,New Delhi,27,261,0.92,0
Dr. Swati Desai,Dermatology,12,04-07-2038,Metro Hospital,New Delhi,98,301,0.64,0
Dr. Ravi Kumar,Pediatrics,9,05-07-2038,Metro Hospital,Mumbai,14,145,1.8,1
Dr. Ravi Kumar,Dermatology,17,06-07-2038,City Hospital,Mumbai,39,258,0.6,0
Dr. Swati Desai,Orthopedics,16,07-07-2038,Metro Hospital,New Delhi,54,106,1.79,1
Dr. Rohit Verma,Dermatology,17,08-07-2038,City Hospital,Mumbai,96,283,1.73,1
Dr. Ravi Kumar,Orthopedics,15,09-07-2038,Metro Hospital,New Delhi,47,407,0.65,0
Dr. Swati Desai,Orthopedics,13,10-07-2038,City Hospital,New Delhi,91,375,0.54,0
Dr. Swati Desai,Dermatology,17,11-07-2038,City Hospital,New Delhi,38,114,0.57,0
Dr. Anil Mehra,Pediatrics,10,12-07-2038,Metro Hospital,Mumbai,45,342,1.39,0
Dr. Rohit Verma,Orthopedics,9,13-07-2038,Govt Health Center,Mumbai,18,373,1.51,0
Dr. Anil Mehra,Pediatrics,14,14-07-2038,City Hospital,Kolkata,32,380,1.43,0
Dr. Rohit Verma,Cardiology,15,15-07-2038,City Hospital,Mumbai,12,66,1.31,1
Dr. Ravi Kumar,Orthopedics,17,16-07-2038,Govt Health Center,Mumbai,95,184,0.76,0
Dr. Rohit Verma,Cardiology,8,17-07-2038,City Hospital,Chennai,65,357,1.76,0
Dr. Swati Desai,Dermatology,13,18-07-2038,City Hospital,New Delhi,49,468,0.99,0
Dr. Swati Desai,Pediatrics,14,19-07-2038,Metro Hospital,New Delhi,65,179,1.98,1
Dr. Rohit Verma,Dermatology,16,20-07-2038,Govt Health Center,Mumbai,67,473,1.08,0
Dr. Rohit Verma,Orthopedics,10,21-07-2038,City Hospital,Mumbai,40,86,0.89,0
Dr. Rohit Verma,Cardiology,9,22-07-2038,City Hospital,Kolkata,95,299,1.84,1
Dr. Anil Mehra,Orthopedics,12,23-07-2038,Govt Health Center,Chennai,20,106,1.35,1
Dr. Rohit Verma,Dermatology,17,24-07-2038,Govt Health Center,New Delhi,51,406,1.58,0
Dr. Ravi Kumar,Pediatrics,8,25-07-2038,Metro Hospital,New Delhi,12,59,1.11,1
Dr. Anil Mehra,Pediatrics,13,26-07-2038,Metro Hospital,Mumbai,66,130,1.83,1
Dr. Anil Mehra,Orthopedics,16,27-07-2038,Metro Hospital,Mumbai,23,479,1.88,0
Dr. Rohit Verma,Orthopedics,17,28-07-2038,City Hospital,Chennai,55,139,1.16,1
Dr. Ravi Kumar,Cardiology,16,29-07-2038,Govt Health Center,New Delhi,28,438,0.86,0
Dr. Anil Mehra,Dermatology,14,30-07-2038,Metro Hospital,Chennai,69,438,1.47,0
Dr. Swati Desai,Orthopedics,14,31-07-2038,Govt Health Center,New Delhi,40,169,1.93,1
Dr. Anil Mehra,Cardiology,15,01-08-2038,City Hospital,Mumbai,45,151,1.43,1
Dr. Rohit Verma,Orthopedics,17,02-08-2038,City Hospital,Chennai,41,76,1.93,1
Dr. Ravi Kumar,Pediatrics,9,03-08-2038,Govt Health Center,Kolkata,72,310,1.02,0
Dr. Rohit Verma,Cardiology,13,04-08-2038,Govt Health Center,Mumbai,35,110,1.87,1
Dr. Swati Desai,Cardiology,12,05-08-2038,Metro Hospital,Kolkata,74,185,0.67,0
Dr. Swati Desai,Orthopedics,12,06-08-2038,Govt Health Center,Kolkata,11,464,1.04,0
Dr. Swati Desai,Dermatology,10,07-08-2038,Metro Hospital,Kolkata,79,146,1.24,1
Dr. Rohit Verma,Pediatrics,10,08-08-2038,Govt Health Center,New Delhi,54,198,1.48,1
Dr. Anil Mehra,Dermatology,13,09-08-2038,Govt Health Center,Kolkata,87,276,0.94,0
Dr. Rohit Verma,Cardiology,17,10-08-2038,Govt Health Center,New Delhi,34,326,1.89,0
Dr. Ravi Kumar,Dermatology,17,11-08-2038,City Hospital,Chennai,49,356,1.86,0
Dr. Anil Mehra,Cardiology,14,12-08-2038,City Hospital,Mumbai,27,384,1.7,0
Dr. Swati Desai,Dermatology,8,13-08-2038,City Hospital,New Delhi,21,277,0.67,0
Dr. Rohit Verma,Orthopedics,10,14-08-2038,Metro Hospital,New Delhi,33,364,0.62,0
Dr. Swati Desai,Dermatology,8,15-08-2038,Metro Hospital,Chennai,88,298,1.25,1
Dr. Swati Desai,Cardiology,17,16-08-2038,City Hospital,Chennai,52,307,1.65,0
Dr. Ravi Kumar,Pediatrics,10,17-08-2038,City Hospital,Mumbai,41,463,0.68,0
Dr. Anil Mehra,Pediatrics,12,18-08-2038,Govt Health Center,Chennai,90,363,1.46,0
Dr. Ravi Kumar,Pediatrics,16,19-08-2038,Govt Health Center,New Delhi,56,269,1.29,1
Dr. Ravi Kumar,Cardiology,10,20-08-2038,Metro Hospital,Mumbai,54,285,1.59,1
Dr. Ravi Kumar,Dermatology,17,21-08-2038,Metro Hospital,Mumbai,44,69,1.15,1
Dr. Swati Desai,Pediatrics,17,22-08-2038,Govt Health Center,Mumbai,86,473,1.54,0
Dr. Ravi Kumar,Pediatrics,16,23-08-2038,Metro Hospital,Kolkata,18,462,0.74,0
Dr. Ravi Kumar,Pediatrics,8,24-08-2038,City Hospital,Kolkata,19,438,0.82,0
Dr. Anil Mehra,Orthopedics,13,25-08-2038,Govt Health Center,New Delhi,74,394,1.86,0
Dr. Anil Mehra,Cardiology,16,26-08-2038,Govt Health Center,Kolkata,68,187,0.99,0
Dr. Ravi Kumar,Cardiology,12,27-08-2038,Metro Hospital,Chennai,66,238,1.98,1
Dr. Anil Mehra,Cardiology,17,28-08-2038,Govt Health Center,Mumbai,98,154,0.57,0
Dr. Anil Mehra,Cardiology,9,29-08-2038,Govt Health Center,New Delhi,95,417,1.24,0
Dr. Ravi Kumar,Cardiology,12,30-08-2038,City Hospital,Chennai,19,434,0.99,0
Dr. Swati Desai,Orthopedics,8,31-08-2038,Govt Health Center,Mumbai,99,480,1.99,0
Dr. Ravi Kumar,Dermatology,16,01-09-2038,Govt Health Center,Chennai,28,147,1.99,1
Dr. Anil Mehra,Orthopedics,17,02-09-2038,Govt Health Center,Kolkata,59,490,0.85,0
Dr. Swati Desai,Pediatrics,17,03-09-2038,Govt Health Center,Chennai,77,319,0.9,0
Dr. Rohit Verma,Orthopedics,16,04-09-2038,City Hospital,Kolkata,14,202,1.62,1
Dr. Swati Desai,Cardiology,13,05-09-2038,Govt Health Center,Chennai,38,267,1.83,1
Dr. Anil Mehra,Orthopedics,16,06-09-2038,City Hospital,New Delhi,14,70,1.5,1
Dr. Swati Desai,Cardiology,10,07-09-2038,City Hospital,Kolkata,69,321,1.8,0
Dr. Ravi Kumar,Orthopedics,11,08-09-2038,City Hospital,Kolkata,74,251,0.59,0
Dr. Rohit Verma,Cardiology,13,09-09-2038,Metro Hospital,Mumbai,37,209,1.46,1
Dr. Rohit Verma,Pediatrics,11,10-09-2038,Metro Hospital,Kolkata,92,478,1.55,0
Dr. Rohit Verma,Cardiology,8,11-09-2038,Govt Health Center,Mumbai,10,113,0.79,0
Dr. Anil Mehra,Orthopedics,14,12-09-2038,City Hospital,Kolkata,38,133,1.67,1
Dr. Anil Mehra,Pediatrics,12,13-09-2038,Metro Hospital,Kolkata,60,122,1.92,1
Dr. Rohit Verma,Orthopedics,15,14-09-2038,Govt Health Center,Kolkata,45,109,1.85,1
Dr. Swati Desai,Pediatrics,16,15-09-2038,Metro Hospital,Kolkata,41,403,0.87,0
Dr. Rohit Verma,Dermatology,12,16-09-2038,City Hospital,Mumbai,73,196,0.99,0
Dr. Swati Desai,Dermatology,15,17-09-2038,Govt Health Center,New Delhi,23,96,1.25,1
Dr. Swati Desai,Dermatology,8,18-09-2038,City Hospital,Chennai,41,272,0.74,0
Dr. Anil Mehra,Orthopedics,8,19-09-2038,City Hospital,Kolkata,18,497,1.93,0
Dr. Swati Desai,Orthopedics,14,20-09-2038,Metro Hospital,Kolkata,92,207,0.74,0
Dr. Rohit Verma,Pediatrics,13,21-09-2038,Govt Health Center,New Delhi,20,96,1.64,1
Dr. Anil Mehra,Pediatrics,12,22-09-2038,Govt Health Center,Mumbai,57,338,1.01,0
Dr. Ravi Kumar,Pediatrics,12,23-09-2038,Govt Health Center,Chennai,60,259,1.36,1
Dr. Ravi Kumar,Pediatrics,16,24-09-2038,Metro Hospital,New Delhi,13,70,0.57,0
Dr. Anil Mehra,Cardiology,8,25-09-2038,Govt Health Center,New Delhi,50,400,0.81,0
Dr. Rohit Verma,Dermatology,15,26-09-2038,Metro Hospital,New Delhi,34,368,1.17,0
Dr. Ravi Kumar,Cardiology,9,27-09-2038,Govt Health Center,New Delhi,26,280,1.52,1
Dr. Ravi Kumar,Cardiology,14,28-09-2038,Metro Hospital,Kolkata,56,347,1.67,0
Dr. Swati Desai,Cardiology,13,29-09-2038,Govt Health Center,Chennai,17,494,0.55,0
Dr. Swati Desai,Cardiology,17,30-09-2038,Metro Hospital,Kolkata,67,154,0.73,0
Dr. Rohit Verma,Dermatology,9,01-10-2038,City Hospital,New Delhi,10,175,1.59,1
Dr. Anil Mehra,Cardiology,10,02-10-2038,City Hospital,Chennai,11,420,1.72,0
Dr. Rohit Verma,Pediatrics,11,03-10-2038,City Hospital,New Delhi,19,348,0.85,0
Dr. Anil Mehra,Orthopedics,14,04-10-2038,Govt Health Center,Mumbai,36,117,0.84,0
Dr. Ravi Kumar,Pediatrics,15,05-10-2038,Metro Hospital,New Delhi,22,75,0.63,0
Dr. Swati Desai,Orthopedics,9,06-10-2038,City Hospital,New Delhi,72,210,0.73,0
Dr. Rohit Verma,Pediatrics,15,07-10-2038,Govt Health Center,Mumbai,20,157,0.51,0
Dr. Rohit Verma,Pediatrics,16,08-10-2038,Metro Hospital,Kolkata,23,338,1.38,0
Dr. Anil Mehra,Orthopedics,14,09-10-2038,City Hospital,Chennai,89,354,1.86,0
Dr. Anil Mehra,Dermatology,8,10-10-2038,City Hospital,New Delhi,35,133,0.72,0
Dr. Rohit Verma,Cardiology,13,11-10-2038,Govt Health Center,New Delhi,78,90,1.63,1
Dr. Anil Mehra,Pediatrics,15,12-10-2038,Metro Hospital,Mumbai,92,249,1.36,1
Dr. Rohit Verma,Dermatology,12,13-10-2038,Govt Health Center,Chennai,48,85,1.91,1
Dr. Rohit Verma,Cardiology,9,14-10-2038,City Hospital,Mumbai,37,400,1.7,0
Dr. Rohit Verma,Dermatology,12,15-10-2038,Govt Health Center,New Delhi,26,424,1.78,0
Dr. Ravi Kumar,Dermatology,15,16-10-2038,Govt Health Center,Kolkata,46,455,1.46,0
Dr. Anil Mehra,Cardiology,9,17-10-2038,City Hospital,Kolkata,92,283,1.72,1
Dr. Swati Desai,Pediatrics,8,18-10-2038,City Hospital,Chennai,36,291,1.03,1
Dr. Swati Desai,Dermatology,11,19-10-2038,Metro Hospital,New Delhi,85,480,0.81,0
Dr. Anil Mehra,Pediatrics,11,20-10-2038,Metro Hospital,Mumbai,76,388,1.87,0
Dr. Rohit Verma,Pediatrics,16,21-10-2038,City Hospital,New Delhi,77,69,1.6,1
Dr. Swati Desai,Pediatrics,10,22-10-2038,City Hospital,Mumbai,56,392,0.64,0
Dr. Swati Desai,Cardiology,11,23-10-2038,Metro Hospital,Mumbai,84,201,1.8,1
Dr. Anil Mehra,Orthopedics,10,24-10-2038,Govt Health Center,Chennai,43,431,1.02,0
Dr. Swati Desai,Pediatrics,9,25-10-2038,City Hospital,Mumbai,27,220,0.95,0
Dr. Rohit Verma,Orthopedics,11,26-10-2038,City Hospital,Chennai,44,265,1.43,1
Dr. Anil Mehra,Orthopedics,15,27-10-2038,Govt Health Center,Kolkata,27,405,1.35,0
Dr. Rohit Verma,Dermatology,8,28-10-2038,Metro Hospital,Chennai,79,378,1.31,0
Dr. Swati Desai,Pediatrics,15,29-10-2038,Metro Hospital,Chennai,43,281,0.88,0
Dr. Swati Desai,Pediatrics,15,30-10-2038,Govt Health Center,Chennai,42,65,1.94,1
Dr. Rohit Verma,Pediatrics,10,31-10-2038,City Hospital,Kolkata,81,332,1.93,0
Dr. Ravi Kumar,Orthopedics,17,01-11-2038,Govt Health Center,Chennai,93,350,0.51,0
Dr. Swati Desai,Cardiology,17,02-11-2038,City Hospital,Mumbai,93,214,1.01,1
Dr. Ravi Kumar,Orthopedics,13,03-11-2038,Metro Hospital,Mumbai,52,318,0.57,0
Dr. Swati Desai,Pediatrics,11,04-11-2038,City Hospital,Chennai,91,228,1.78,1
Dr. Ravi Kumar,Pediatrics,8,05-11-2038,City Hospital,Mumbai,36,307,1.83,0
Dr. Ravi Kumar,Pediatrics,8,06-11-2038,City Hospital,Chennai,57,125,1.28,1
Dr. Ravi Kumar,Orthopedics,12,07-11-2038,City Hospital,Kolkata,78,154,1.76,1
Dr. Rohit Verma,Pediatrics,15,08-11-2038,City Hospital,Mumbai,80,402,1.56,0
Dr. Ravi Kumar,Dermatology,8,09-11-2038,Metro Hospital,Chennai,31,136,1.25,1
Dr. Ravi Kumar,Pediatrics,9,10-11-2038,Govt Health Center,New Delhi,43,364,1.05,0
Dr. Ravi Kumar,Cardiology,14,11-11-2038,Metro Hospital,Kolkata,52,63,0.9,0
Dr. Swati Desai,Dermatology,15,12-11-2038,City Hospital,New Delhi,86,408,0.89,0
Dr. Ravi Kumar,Pediatrics,10,13-11-2038,Govt Health Center,Chennai,97,482,1.34,0
Dr. Swati Desai,Dermatology,15,14-11-2038,City Hospital,Mumbai,25,335,0.75,0
Dr. Ravi Kumar,Pediatrics,8,15-11-2038,Metro Hospital,Chennai,23,296,0.76,0
Dr. Ravi Kumar,Cardiology,16,16-11-2038,Metro Hospital,Mumbai,48,415,0.52,0
Dr. Rohit Verma,Pediatrics,9,17-11-2038,City Hospital,Chennai,80,290,1.42,1
Dr. Swati Desai,Dermatology,9,18-11-2038,City Hospital,Chennai,21,403,1.99,0
Dr. Ravi Kumar,Cardiology,11,19-11-2038,Govt Health Center,Mumbai,93,58,1.83,1
Dr. Swati Desai,Orthopedics,17,20-11-2038,Govt Health Center,Mumbai,64,73,1.56,1
Dr. Swati Desai,Cardiology,10,21-11-2038,City Hospital,Chennai,15,161,1.68,1
Dr. Anil Mehra,Cardiology,11,22-11-2038,Govt Health Center,New Delhi,49,346,1.13,0
Dr. Rohit Verma,Cardiology,13,23-11-2038,City Hospital,Kolkata,22,493,0.95,0
Dr. Rohit Verma,Dermatology,14,24-11-2038,City Hospital,New Delhi,78,266,1.05,1
Dr. Rohit Verma,Cardiology,12,25-11-2038,City Hospital,New Delhi,33,277,0.62,0
Dr. Anil Mehra,Pediatrics,9,26-11-2038,Metro Hospital,New Delhi,83,81,1.45,1
Dr. Anil Mehra,Cardiology,10,27-11-2038,City Hospital,New Delhi,68,480,0.76,0
Dr. Rohit Verma,Cardiology,17,28-11-2038,City Hospital,Mumbai,55,326,1.64,0
Dr. Anil Mehra,Pediatrics,10,29-11-2038,City Hospital,New Delhi,82,219,0.78,0
Dr. Anil Mehra,Pediatrics,12,30-11-2038,Govt Health Center,Kolkata,53,280,0.84,0
Dr. Anil Mehra,Orthopedics,12,01-12-2038,City Hospital,Mumbai,85,119,1.94,1
Dr. Rohit Verma,Cardiology,11,02-12-2038,Metro Hospital,New Delhi,20,160,0.66,0
Dr. Rohit Verma,Dermatology,15,03-12-2038,Metro Hospital,Mumbai,70,138,1.25,1
Dr. Rohit Verma,Cardiology,13,04-12-2038,City Hospital,New Delhi,45,51,0.59,0
Dr. Anil Mehra,Cardiology,13,05-12-2038,City Hospital,New Delhi,81,464,0.64,0
Dr. Rohit Verma,Pediatrics,8,06-12-2038,City Hospital,Kolkata,19,105,1.45,1
Dr. Anil Mehra,Orthopedics,13,07-12-2038,Metro Hospital,Mumbai,87,207,1.45,1
Dr. Ravi Kumar,Cardiology,10,08-12-2038,Govt Health Center,Mumbai,10,496,0.79,0
Dr. Anil Mehra,Dermatology,13,09-12-2038,Govt Health Center,Chennai,72,320,1.81,0
Dr. Swati Desai,Cardiology,17,10-12-2038,City Hospital,New Delhi,21,323,1.55,0
Dr. Rohit Verma,Dermatology,13,11-12-2038,Govt Health Center,New Delhi,14,81,0.95,0
Dr. Rohit Verma,Pediatrics,9,12-12-2038,Metro Hospital,Kolkata,87,319,0.87,0
Dr. Swati Desai,Orthopedics,8,13-12-2038,City Hospital,Kolkata,45,239,1.63,1
Dr. Anil Mehra,Cardiology,10,14-12-2038,Govt Health Center,Mumbai,26,259,1.6,1
Dr. Ravi Kumar,Orthopedics,12,15-12-2038,City Hospital,Kolkata,67,357,0.72,0
Dr. Swati Desai,Cardiology,11,16-12-2038,City Hospital,Mumbai,31,71,1.02,1
Dr. Swati Desai,Dermatology,14,17-12-2038,Metro Hospital,New Delhi,40,63,0.83,0
Dr. Anil Mehra,Orthopedics,11,18-12-2038,Metro Hospital,New Delhi,35,255,0.94,0
Dr. Rohit Verma,Cardiology,15,19-12-2038,Govt Health Center,Mumbai,22,83,0.93,0
Dr. Anil Mehra,Pediatrics,14,20-12-2038,Metro Hospital,Kolkata,72,391,1.96,0
Dr. Swati Desai,Dermatology,17,21-12-2038,City Hospital,Kolkata,76,105,1.63,1
Dr. Swati Desai,Orthopedics,16,22-12-2038,Metro Hospital,Mumbai,72,289,1.67,1
Dr. Rohit Verma,Cardiology,8,23-12-2038,Govt Health Center,New Delhi,20,486,0.92,0
Dr. Rohit Verma,Orthopedics,12,24-12-2038,Govt Health Center,Mumbai,78,482,0.5,0
Dr. Rohit Verma,Cardiology,11,25-12-2038,Govt Health Center,Kolkata,73,112,0.59,0
Dr. Anil Mehra,Dermatology,13,26-12-2038,Metro Hospital,Mumbai,77,449,1.33,0
Dr. Rohit Verma,Pediatrics,8,27-12-2038,Metro Hospital,New Delhi,41,129,0.93,0
Dr. Swati Desai,Dermatology,13,28-12-2038,Metro Hospital,Chennai,83,89,0.79,0
Dr. Swati Desai,Orthopedics,8,29-12-2038,Metro Hospital,Mumbai,19,343,0.57,0
Dr. Ravi Kumar,Orthopedics,8,30-12-2038,Metro Hospital,Chennai,63,451,1.81,0
Dr. Anil Mehra,Cardiology,15,31-12-2038,Govt Health Center,Mumbai,64,328,1.4,0
Dr. Ravi Kumar,Dermatology,9,01-01-2039,Govt Health Center,Kolkata,91,305,0.66,0
Dr. Swati Desai,Cardiology,17,02-01-2039,Metro Hospital,Kolkata,71,159,1.65,1
Dr. Ravi Kumar,Dermatology,13,03-01-2039,City Hospital,Chennai,64,97,1.63,1
Dr. Swati Desai,Orthopedics,13,04-01-2039,Govt Health Center,Mumbai,96,281,0.93,0
Dr. Ravi Kumar,Cardiology,13,05-01-2039,City Hospital,Kolkata,91,131,0.78,0
Dr. Rohit Verma,Cardiology,15,06-01-2039,City Hospital,Chennai,44,223,1.72,1
Dr. Ravi Kumar,Dermatology,11,07-01-2039,Govt Health Center,Chennai,76,162,0.99,0
Dr. Rohit Verma,Pediatrics,10,08-01-2039,City Hospital,Mumbai,74,327,1.77,0
Dr. Rohit Verma,Dermatology,13,09-01-2039,City Hospital,Kolkata,26,430,0.57,0
Dr. Anil Mehra,Pediatrics,11,10-01-2039,Govt Health Center,Chennai,51,359,1.25,0
Dr. Rohit Verma,Dermatology,9,11-01-2039,Govt Health Center,New Delhi,68,89,0.77,0
Dr. Rohit Verma,Orthopedics,13,12-01-2039,Metro Hospital,New Delhi,79,79,1.51,1
Dr. Ravi Kumar,Cardiology,17,13-01-2039,Govt Health Center,Kolkata,20,304,2,0
Dr. Swati Desai,Dermatology,12,14-01-2039,City Hospital,Kolkata,87,289,1.12,1
Dr. Anil Mehra,Orthopedics,16,15-01-2039,Govt Health Center,New Delhi,37,232,0.65,0
Dr. Rohit Verma,Dermatology,13,16-01-2039,Metro Hospital,Chennai,48,233,0.98,0
Dr. Anil Mehra,Cardiology,10,17-01-2039,Govt Health Center,Mumbai,63,91,1.84,1
Dr. Ravi Kumar,Dermatology,12,18-01-2039,City Hospital,Chennai,20,475,1.65,0
Dr. Rohit Verma,Pediatrics,17,19-01-2039,Govt Health Center,Kolkata,67,495,0.85,0
Dr. Ravi Kumar,Cardiology,15,20-01-2039,City Hospital,Kolkata,49,176,1.93,1
Dr. Anil Mehra,Pediatrics,16,21-01-2039,Govt Health Center,Mumbai,13,486,1.43,0
Dr. Ravi Kumar,Orthopedics,15,22-01-2039,Metro Hospital,Chennai,73,131,0.75,0
Dr. Anil Mehra,Orthopedics,10,23-01-2039,Metro Hospital,Mumbai,57,282,1.36,1
Dr. Ravi Kumar,Dermatology,16,24-01-2039,Govt Health Center,Chennai,79,358,1.18,0
Dr. Anil Mehra,Pediatrics,10,25-01-2039,City Hospital,Chennai,92,241,1.73,1
Dr. Swati Desai,Pediatrics,15,26-01-2039,Metro Hospital,New Delhi,40,50,1.02,1
Dr. Ravi Kumar,Cardiology,17,27-01-2039,City Hospital,Chennai,11,411,1.81,0
Dr. Ravi Kumar,Pediatrics,16,28-01-2039,Govt Health Center,Kolkata,52,256,1.72,1
Dr. Swati Desai,Pediatrics,14,29-01-2039,Metro Hospital,Kolkata,98,246,1.51,1
Dr. Swati Desai,Cardiology,11,30-01-2039,Metro Hospital,Kolkata,50,332,0.89,0
Dr. Ravi Kumar,Cardiology,17,31-01-2039,City Hospital,New Delhi,69,66,1.96,1
Dr. Swati Desai,Pediatrics,16,01-02-2039,Metro Hospital,Mumbai,84,368,1.32,0
Dr. Rohit Verma,Dermatology,10,02-02-2039,City Hospital,Kolkata,55,433,1.86,0
Dr. Anil Mehra,Cardiology,10,03-02-2039,City Hospital,Kolkata,49,218,0.82,0
Dr. Anil Mehra,Cardiology,9,04-02-2039,Govt Health Center,Mumbai,68,426,1.98,0
Dr. Anil Mehra,Pediatrics,17,05-02-2039,City Hospital,New Delhi,54,235,1.72,1
Dr. Rohit Verma,Pediatrics,10,06-02-2039,Metro Hospital,Chennai,51,171,1.92,1
Dr. Swati Desai,Cardiology,8,07-02-2039,City Hospital,Mumbai,30,490,0.82,0
Dr. Swati Desai,Pediatrics,11,08-02-2039,Metro Hospital,Chennai,12,273,1.15,1
Dr. Ravi Kumar,Cardiology,15,09-02-2039,City Hospital,Chennai,75,176,0.65,0
Dr. Swati Desai,Dermatology,12,10-02-2039,Govt Health Center,Chennai,20,215,0.71,0
Dr. Ravi Kumar,Dermatology,9,11-02-2039,Govt Health Center,Mumbai,33,171,0.93,0
Dr. Rohit Verma,Cardiology,10,12-02-2039,City Hospital,Mumbai,59,371,1.93,0
Dr. Anil Mehra,Cardiology,8,13-02-2039,City Hospital,Chennai,97,269,1.5,1
Dr. Anil Mehra,Orthopedics,9,14-02-2039,City Hospital,New Delhi,30,478,0.97,0
Dr. Anil Mehra,Orthopedics,8,15-02-2039,Govt Health Center,New Delhi,34,328,1.93,0
Dr. Swati Desai,Pediatrics,9,16-02-2039,City Hospital,New Delhi,13,197,1.61,1
Dr. Ravi Kumar,Pediatrics,10,17-02-2039,City Hospital,Kolkata,52,341,1.86,0
Dr. Ravi Kumar,Cardiology,8,18-02-2039,Metro Hospital,Chennai,56,475,1.89,0
Dr. Rohit Verma,Cardiology,16,19-02-2039,Govt Health Center,Kolkata,32,296,1.63,1
Dr. Swati Desai,Orthopedics,17,20-02-2039,Govt Health Center,New Delhi,69,455,0.86,0
Dr. Rohit Verma,Orthopedics,12,21-02-2039,City Hospital,Mumbai,97,237,1.99,1
Dr. Ravi Kumar,Cardiology,15,22-02-2039,City Hospital,New Delhi,30,60,0.99,0
Dr. Ravi Kumar,Dermatology,12,23-02-2039,Metro Hospital,Kolkata,75,333,1.51,0
Dr. Anil Mehra,Dermatology,15,24-02-2039,City Hospital,Kolkata,96,94,1.77,1
Dr. Swati Desai,Pediatrics,14,25-02-2039,Govt Health Center,New Delhi,60,173,0.76,0
Dr. Ravi Kumar,Cardiology,11,26-02-2039,Metro Hospital,Chennai,24,427,1.41,0
Dr. Anil Mehra,Cardiology,14,27-02-2039,Govt Health Center,Mumbai,67,296,1.06,1
Dr. Swati Desai,Pediatrics,13,28-02-2039,City Hospital,Mumbai,35,455,0.87,0
Dr. Rohit Verma,Orthopedics,10,01-03-2039,Metro Hospital,New Delhi,99,386,0.52,0
Dr. Swati Desai,Orthopedics,16,02-03-2039,Govt Health Center,Chennai,68,496,1.81,0
Dr. Swati Desai,Dermatology,17,03-03-2039,Govt Health Center,Chennai,99,208,0.7,0
Dr. Ravi Kumar,Cardiology,16,04-03-2039,Govt Health Center,New Delhi,54,316,1.82,0
Dr. Ravi Kumar,Orthopedics,12,05-03-2039,City Hospital,Mumbai,75,341,1.4,0
Dr. Swati Desai,Dermatology,15,06-03-2039,City Hospital,Mumbai,44,127,1.43,1
Dr. Ravi Kumar,Dermatology,14,07-03-2039,City Hospital,Mumbai,73,340,1.74,0
Dr. Ravi Kumar,Dermatology,16,08-03-2039,City Hospital,Chennai,93,432,1.26,0
Dr. Ravi Kumar,Orthopedics,14,09-03-2039,Govt Health Center,New Delhi,86,200,1.04,1
Dr. Anil Mehra,Orthopedics,11,10-03-2039,Metro Hospital,Chennai,36,334,0.71,0
Dr. Anil Mehra,Cardiology,11,11-03-2039,City Hospital,Mumbai,96,200,1.36,1
Dr. Swati Desai,Cardiology,15,12-03-2039,Metro Hospital,Chennai,89,173,1.33,1
Dr. Ravi Kumar,Dermatology,13,13-03-2039,Govt Health Center,Mumbai,40,277,0.94,0
Dr. Anil Mehra,Dermatology,16,14-03-2039,City Hospital,New Delhi,21,321,1.4,0
Dr. Swati Desai,Orthopedics,17,15-03-2039,Govt Health Center,Mumbai,54,408,1.16,0
Dr. Ravi Kumar,Orthopedics,14,16-03-2039,City Hospital,Kolkata,41,389,1.71,0
Dr. Rohit Verma,Cardiology,14,17-03-2039,City Hospital,Kolkata,63,266,1.34,1
Dr. Ravi Kumar,Cardiology,11,18-03-2039,Metro Hospital,New Delhi,75,196,1.9,1
Dr. Ravi Kumar,Pediatrics,10,19-03-2039,Govt Health Center,Chennai,96,267,1.28,1
Dr. Anil Mehra,Cardiology,15,20-03-2039,Govt Health Center,Chennai,41,145,1.83,1
Dr. Swati Desai,Orthopedics,14,21-03-2039,Govt Health Center,Chennai,24,496,1.28,0
Dr. Swati Desai,Dermatology,11,22-03-2039,Metro Hospital,Mumbai,64,99,1.34,1
Dr. Anil Mehra,Pediatrics,11,23-03-2039,Metro Hospital,Kolkata,50,92,1.05,1
Dr. Ravi Kumar,Cardiology,8,24-03-2039,Govt Health Center,New Delhi,49,68,1.1,1
Dr. Rohit Verma,Cardiology,14,25-03-2039,Govt Health Center,Chennai,81,162,1.9,1
Dr. Ravi Kumar,Orthopedics,8,26-03-2039,City Hospital,Chennai,58,426,0.83,0
Dr. Ravi Kumar,Pediatrics,17,27-03-2039,City Hospital,New Delhi,95,262,0.68,0
Dr. Rohit Verma,Cardiology,17,28-03-2039,Metro Hospital,Mumbai,47,67,1.75,1
Dr. Anil Mehra,Dermatology,11,29-03-2039,City Hospital,Chennai,65,183,1.37,1
Dr. Swati Desai,Orthopedics,10,30-03-2039,Govt Health Center,Mumbai,43,340,0.93,0
Dr. Anil Mehra,Pediatrics,10,31-03-2039,Govt Health Center,Mumbai,10,63,1.15,1
Dr. Anil Mehra,Cardiology,8,01-04-2039,City Hospital,Mumbai,19,113,1.29,1
Dr. Ravi Kumar,Cardiology,11,02-04-2039,City Hospital,Chennai,49,442,1.39,0
Dr. Swati Desai,Pediatrics,8,03-04-2039,Metro Hospital,Chennai,25,212,1.73,1
Dr. Swati Desai,Orthopedics,15,04-04-2039,City Hospital,New Delhi,97,307,1.09,0
Dr. Anil Mehra,Pediatrics,8,05-04-2039,Metro Hospital,New Delhi,55,55,1.51,1
Dr. Rohit Verma,Pediatrics,13,06-04-2039,City Hospital,Mumbai,33,404,1.75,0
Dr. Anil Mehra,Orthopedics,14,07-04-2039,City Hospital,Chennai,23,170,1.77,1
Dr. Rohit Verma,Cardiology,17,08-04-2039,City Hospital,Mumbai,99,202,0.88,0
Dr. Swati Desai,Dermatology,9,09-04-2039,City Hospital,New Delhi,48,378,1.03,0
Dr. Anil Mehra,Orthopedics,11,10-04-2039,Govt Health Center,Mumbai,27,227,1.39,1
Dr. Ravi Kumar,Dermatology,10,11-04-2039,Govt Health Center,Kolkata,93,440,1.83,0
Dr. Anil Mehra,Cardiology,16,12-04-2039,Govt Health Center,Mumbai,50,112,1.69,1
Dr. Swati Desai,Pediatrics,14,13-04-2039,City Hospital,Chennai,65,461,1.38,0
Dr. Ravi Kumar,Dermatology,9,14-04-2039,Metro Hospital,Mumbai,45,307,1.98,0
Dr. Ravi Kumar,Cardiology,13,15-04-2039,City Hospital,Mumbai,33,114,1.16,1
Dr. Rohit Verma,Cardiology,16,16-04-2039,Govt Health Center,Chennai,99,406,1.76,0
Dr. Ravi Kumar,Pediatrics,10,17-04-2039,Metro Hospital,Kolkata,38,236,1.73,1
Dr. Ravi Kumar,Pediatrics,13,18-04-2039,Metro Hospital,Chennai,31,457,1.86,0
Dr. Anil Mehra,Cardiology,10,19-04-2039,Govt Health Center,New Delhi,20,495,1.98,0
Dr. Swati Desai,Cardiology,10,20-04-2039,City Hospital,Kolkata,50,276,1.24,1
Dr. Rohit Verma,Dermatology,11,21-04-2039,Metro Hospital,Kolkata,58,248,0.79,0
Dr. Anil Mehra,Cardiology,16,22-04-2039,Metro Hospital,Chennai,20,343,1.19,0
Dr. Ravi Kumar,Cardiology,15,23-04-2039,Govt Health Center,Mumbai,61,300,1.78,0
Dr. Ravi Kumar,Dermatology,8,24-04-2039,Metro Hospital,New Delhi,76,367,1.75,0
Dr. Rohit Verma,Orthopedics,8,25-04-2039,Metro Hospital,New Delhi,94,242,1,0
Dr. Swati Desai,Dermatology,14,26-04-2039,Metro Hospital,Kolkata,84,168,0.57,0
Dr. Rohit Verma,Dermatology,10,27-04-2039,City Hospital,New Delhi,17,228,1.26,1
Dr. Anil Mehra,Pediatrics,14,28-04-2039,City Hospital,Kolkata,40,101,1.21,1
Dr. Rohit Verma,Dermatology,16,29-04-2039,Govt Health Center,Kolkata,83,159,0.63,0
Dr. Ravi Kumar,Cardiology,10,30-04-2039,City Hospital,New Delhi,15,273,1.69,1
Dr. Anil Mehra,Cardiology,10,01-05-2039,Metro Hospital,Kolkata,90,379,0.93,0
Dr. Ravi Kumar,Cardiology,9,02-05-2039,City Hospital,Mumbai,80,147,1.47,1
Dr. Swati Desai,Orthopedics,17,03-05-2039,Metro Hospital,Kolkata,22,368,0.65,0
Dr. Ravi Kumar,Cardiology,8,04-05-2039,Metro Hospital,Mumbai,15,444,1.79,0
Dr. Ravi Kumar,Orthopedics,16,05-05-2039,City Hospital,Mumbai,76,97,1.61,1
Dr. Rohit Verma,Cardiology,13,06-05-2039,City Hospital,Mumbai,36,150,1.08,1
Dr. Ravi Kumar,Dermatology,13,07-05-2039,City Hospital,New Delhi,54,487,1.44,0
Dr. Anil Mehra,Pediatrics,15,08-05-2039,City Hospital,Mumbai,35,483,0.78,0
Dr. Anil Mehra,Cardiology,12,09-05-2039,Govt Health Center,New Delhi,13,289,1.98,1
Dr. Swati Desai,Orthopedics,16,10-05-2039,City Hospital,Chennai,46,123,1.69,1
Dr. Anil Mehra,Orthopedics,12,11-05-2039,Govt Health Center,Mumbai,30,87,1.68,1
Dr. Rohit Verma,Pediatrics,9,12-05-2039,Metro Hospital,Kolkata,37,265,0.73,0
Dr. Swati Desai,Cardiology,13,13-05-2039,Govt Health Center,Chennai,91,185,0.53,0
Dr. Anil Mehra,Dermatology,16,14-05-2039,Metro Hospital,Chennai,41,55,1.38,1
Dr. Rohit Verma,Cardiology,10,15-05-2039,Govt Health Center,Mumbai,62,296,0.72,0
Dr. Anil Mehra,Cardiology,17,16-05-2039,Govt Health Center,New Delhi,42,373,1.67,0
Dr. Anil Mehra,Pediatrics,11,17-05-2039,Metro Hospital,Chennai,35,246,1.12,1
Dr. Ravi Kumar,Cardiology,17,18-05-2039,Govt Health Center,Mumbai,26,439,1.01,0
Dr. Anil Mehra,Dermatology,15,19-05-2039,Metro Hospital,Chennai,65,160,0.61,0
Dr. Anil Mehra,Orthopedics,13,20-05-2039,City Hospital,Chennai,93,337,1.99,0
Dr. Rohit Verma,Pediatrics,14,21-05-2039,Metro Hospital,Mumbai,39,87,1.93,1
Dr. Rohit Verma,Dermatology,14,22-05-2039,Govt Health Center,Kolkata,14,164,0.7,0
Dr. Ravi Kumar,Orthopedics,11,23-05-2039,City Hospital,Kolkata,15,234,1,0
Dr. Anil Mehra,Pediatrics,13,24-05-2039,Govt Health Center,Kolkata,71,261,1.09,1
Dr. Ravi Kumar,Pediatrics,16,25-05-2039,City Hospital,Chennai,19,414,0.95,0
Dr. Anil Mehra,Orthopedics,10,26-05-2039,Metro Hospital,New Delhi,79,304,1.9,0
Dr. Swati Desai,Orthopedics,15,27-05-2039,City Hospital,New Delhi,19,369,1.58,0
Dr. Swati Desai,Dermatology,14,28-05-2039,City Hospital,Chennai,94,359,1.93,0
Dr. Ravi Kumar,Cardiology,11,29-05-2039,City Hospital,Chennai,53,162,1.81,1
Dr. Ravi Kumar,Cardiology,17,30-05-2039,Govt Health Center,Mumbai,65,319,1.63,0
Dr. Ravi Kumar,Cardiology,10,31-05-2039,City Hospital,New Delhi,13,369,1.55,0
Dr. Rohit Verma,Cardiology,14,01-06-2039,Metro Hospital,Chennai,22,483,1.8,0
Dr. Rohit Verma,Cardiology,17,02-06-2039,Metro Hospital,Kolkata,83,224,1.53,1
Dr. Rohit Verma,Dermatology,16,03-06-2039,Metro Hospital,New Delhi,89,359,0.78,0
Dr. Ravi Kumar,Pediatrics,17,04-06-2039,City Hospital,Chennai,28,68,1.47,1
Dr. Anil Mehra,Dermatology,10,05-06-2039,Metro Hospital,Mumbai,79,252,1.27,1
Dr. Swati Desai,Dermatology,17,06-06-2039,Govt Health Center,Mumbai,99,472,1.97,0
Dr. Ravi Kumar,Dermatology,16,07-06-2039,Metro Hospital,New Delhi,71,498,1.26,0
Dr. Rohit Verma,Pediatrics,15,08-06-2039,City Hospital,Kolkata,18,175,0.56,0
Dr. Rohit Verma,Dermatology,10,09-06-2039,Metro Hospital,New Delhi,55,303,0.9,0
Dr. Ravi Kumar,Dermatology,15,10-06-2039,City Hospital,Chennai,65,365,1.88,0
Dr. Ravi Kumar,Pediatrics,11,11-06-2039,City Hospital,Kolkata,83,466,1.94,0
Dr. Rohit Verma,Dermatology,13,12-06-2039,Metro Hospital,Chennai,49,304,1.59,0
Dr. Anil Mehra,Cardiology,17,13-06-2039,Govt Health Center,Kolkata,76,337,0.59,0
Dr. Rohit Verma,Orthopedics,9,14-06-2039,Govt Health Center,Kolkata,92,341,0.54,0
Dr. Rohit Verma,Dermatology,15,15-06-2039,Metro Hospital,Chennai,71,201,1.22,1
Dr. Ravi Kumar,Orthopedics,16,16-06-2039,City Hospital,New Delhi,55,476,2,0
Dr. Anil Mehra,Dermatology,14,17-06-2039,Metro Hospital,Mumbai,15,248,1.8,1
Dr. Rohit Verma,Dermatology,15,18-06-2039,City Hospital,Kolkata,38,248,1.9,1
Dr. Rohit Verma,Cardiology,14,19-06-2039,City Hospital,Kolkata,28,351,1.44,0
Dr. Swati Desai,Pediatrics,17,20-06-2039,City Hospital,Mumbai,24,224,1.79,1
Dr. Ravi Kumar,Orthopedics,11,21-06-2039,Govt Health Center,New Delhi,66,319,0.98,0
Dr. Swati Desai,Pediatrics,8,22-06-2039,Govt Health Center,Mumbai,47,478,0.54,0
Dr. Swati Desai,Cardiology,10,23-06-2039,Metro Hospital,New Delhi,30,229,1.88,1
Dr. Rohit Verma,Cardiology,14,24-06-2039,Govt Health Center,Kolkata,60,267,0.83,0
Dr. Ravi Kumar,Orthopedics,14,25-06-2039,City Hospital,Kolkata,48,167,1.59,1
Dr. Anil Mehra,Pediatrics,10,26-06-2039,City Hospital,Chennai,96,355,1.49,0
Dr. Rohit Verma,Cardiology,8,27-06-2039,Metro Hospital,New Delhi,29,370,0.74,0
Dr. Anil Mehra,Dermatology,17,28-06-2039,City Hospital,Mumbai,11,382,0.79,0
Dr. Anil Mehra,Dermatology,16,29-06-2039,Metro Hospital,New Delhi,41,369,0.99,0
Dr. Ravi Kumar,Dermatology,13,30-06-2039,Metro Hospital,New Delhi,13,72,1.64,1
Dr. Swati Desai,Pediatrics,14,01-07-2039,City Hospital,New Delhi,16,174,0.56,0
Dr. Ravi Kumar,Dermatology,8,02-07-2039,Govt Health Center,New Delhi,12,133,1.11,1
Dr. Anil Mehra,Dermatology,8,03-07-2039,City Hospital,Mumbai,34,248,1.5,1
Dr. Rohit Verma,Cardiology,11,04-07-2039,City Hospital,Chennai,18,375,0.76,0
Dr. Anil Mehra,Cardiology,14,05-07-2039,Metro Hospital,Kolkata,96,236,0.68,0
Dr. Rohit Verma,Dermatology,15,06-07-2039,Govt Health Center,Mumbai,96,378,1.09,0
Dr. Rohit Verma,Dermatology,17,07-07-2039,Metro Hospital,Mumbai,35,141,0.93,0
Dr. Ravi Kumar,Cardiology,16,08-07-2039,City Hospital,Kolkata,73,379,1.47,0
Dr. Anil Mehra,Orthopedics,8,09-07-2039,Metro Hospital,Chennai,27,231,1.95,1
Dr. Swati Desai,Pediatrics,11,10-07-2039,Metro Hospital,Mumbai,97,276,0.51,0
Dr. Anil Mehra,Pediatrics,11,11-07-2039,City Hospital,Kolkata,11,248,1.85,1
Dr. Anil Mehra,Cardiology,10,12-07-2039,Metro Hospital,Chennai,10,284,1.15,1
Dr. Swati Desai,Pediatrics,14,13-07-2039,City Hospital,Chennai,57,459,1.5,0
Dr. Ravi Kumar,Cardiology,8,14-07-2039,Metro Hospital,New Delhi,89,93,1.78,1
Dr. Anil Mehra,Cardiology,16,15-07-2039,Govt Health Center,Mumbai,72,125,1.36,1
Dr. Anil Mehra,Cardiology,15,16-07-2039,City Hospital,Chennai,97,190,0.65,0
Dr. Rohit Verma,Cardiology,9,17-07-2039,Govt Health Center,Mumbai,45,231,0.71,0
Dr. Anil Mehra,Orthopedics,9,18-07-2039,Metro Hospital,Kolkata,72,168,1.68,1
Dr. Swati Desai,Dermatology,15,19-07-2039,Govt Health Center,Mumbai,84,89,0.84,0
Dr. Rohit Verma,Dermatology,8,20-07-2039,Govt Health Center,Chennai,35,309,1.35,0
Dr. Ravi Kumar,Orthopedics,14,21-07-2039,Govt Health Center,Kolkata,15,486,1.14,0
Dr. Rohit Verma,Pediatrics,16,22-07-2039,Metro Hospital,Kolkata,35,293,0.96,0
Dr. Swati Desai,Pediatrics,10,23-07-2039,City Hospital,New Delhi,52,178,1.68,1
Dr. Swati Desai,Dermatology,14,24-07-2039,Metro Hospital,Kolkata,10,55,1.6,1
Dr. Rohit Verma,Pediatrics,13,25-07-2039,Metro Hospital,Chennai,18,360,1.47,0
Dr. Ravi Kumar,Dermatology,14,26-07-2039,Metro Hospital,New Delhi,36,115,1.06,1
Dr. Rohit Verma,Dermatology,14,27-07-2039,City Hospital,Chennai,80,423,0.84,0
Dr. Ravi Kumar,Orthopedics,17,28-07-2039,Metro Hospital,Chennai,12,268,1.27,1
Dr. Rohit Verma,Pediatrics,8,29-07-2039,Metro Hospital,New Delhi,70,195,1.73,1
Dr. Swati Desai,Orthopedics,10,30-07-2039,City Hospital,New Delhi,82,283,1.36,1
Dr. Anil Mehra,Dermatology,17,31-07-2039,City Hospital,Mumbai,11,78,1.96,1
Dr. Anil Mehra,Dermatology,8,01-08-2039,City Hospital,Chennai,83,358,0.52,0
Dr. Ravi Kumar,Dermatology,12,02-08-2039,Govt Health Center,Mumbai,90,210,2,1
Dr. Ravi Kumar,Cardiology,10,03-08-2039,City Hospital,Kolkata,40,180,1.54,1
Dr. Ravi Kumar,Cardiology,8,04-08-2039,Govt Health Center,Kolkata,74,197,1.75,1
Dr. Swati Desai,Cardiology,9,05-08-2039,Govt Health Center,Mumbai,27,437,1,0
Dr. Rohit Verma,Orthopedics,17,06-08-2039,Metro Hospital,New Delhi,15,131,1.26,1
Dr. Swati Desai,Dermatology,12,07-08-2039,Govt Health Center,Kolkata,51,441,1.7,0
Dr. Anil Mehra,Pediatrics,10,08-08-2039,Metro Hospital,New Delhi,77,410,1.64,0
Dr. Ravi Kumar,Orthopedics,13,09-08-2039,Govt Health Center,Mumbai,13,391,1,0
Dr. Rohit Verma,Orthopedics,16,10-08-2039,City Hospital,New Delhi,13,132,0.99,0
Dr. Anil Mehra,Orthopedics,13,11-08-2039,Metro Hospital,Chennai,74,461,1.49,0
Dr. Anil Mehra,Pediatrics,9,12-08-2039,Govt Health Center,Kolkata,50,499,1.9,0
Dr. Anil Mehra,Dermatology,9,13-08-2039,Metro Hospital,New Delhi,52,122,1.16,1
Dr. Swati Desai,Cardiology,15,14-08-2039,City Hospital,New Delhi,64,404,1.03,0
Dr. Ravi Kumar,Dermatology,15,15-08-2039,Govt Health Center,Chennai,28,263,1.84,1
Dr. Anil Mehra,Dermatology,13,16-08-2039,Govt Health Center,New Delhi,30,75,1.52,1
Dr. Ravi Kumar,Orthopedics,17,17-08-2039,City Hospital,Mumbai,67,339,1.08,0
Dr. Swati Desai,Orthopedics,14,18-08-2039,Govt Health Center,Mumbai,39,120,0.59,0
Dr. Anil Mehra,Orthopedics,8,19-08-2039,Govt Health Center,Mumbai,16,399,1.58,0
Dr. Swati Desai,Cardiology,16,20-08-2039,Metro Hospital,Kolkata,78,226,1.03,1
Dr. Swati Desai,Cardiology,12,21-08-2039,Govt Health Center,New Delhi,73,138,0.61,0
Dr. Ravi Kumar,Cardiology,16,22-08-2039,City Hospital,Kolkata,11,226,1.42,1
Dr. Anil Mehra,Dermatology,9,23-08-2039,Govt Health Center,Kolkata,76,76,0.98,0
Dr. Swati Desai,Orthopedics,15,24-08-2039,Metro Hospital,New Delhi,88,498,1.01,0
Dr. Anil Mehra,Pediatrics,14,25-08-2039,Govt Health Center,New Delhi,83,338,1.22,0
Dr. Ravi Kumar,Dermatology,11,26-08-2039,Metro Hospital,Mumbai,18,377,1.58,0
Dr. Swati Desai,Cardiology,10,27-08-2039,Govt Health Center,Kolkata,32,354,0.91,0
Dr. Ravi Kumar,Pediatrics,11,28-08-2039,Metro Hospital,Kolkata,23,112,0.62,0
Dr. Anil Mehra,Pediatrics,11,29-08-2039,Metro Hospital,New Delhi,63,465,1.14,0
Dr. Anil Mehra,Orthopedics,17,30-08-2039,Govt Health Center,Kolkata,54,68,0.58,0
Dr. Ravi Kumar,Pediatrics,17,31-08-2039,City Hospital,Chennai,25,483,1.55,0
Dr. Rohit Verma,Cardiology,15,01-09-2039,City Hospital,New Delhi,93,327,1.94,0
Dr. Swati Desai,Orthopedics,11,02-09-2039,Govt Health Center,Mumbai,81,395,1.49,0
Dr. Anil Mehra,Pediatrics,12,03-09-2039,Govt Health Center,Chennai,66,116,0.91,0
Dr. Anil Mehra,Orthopedics,9,04-09-2039,Govt Health Center,Chennai,17,287,0.77,0
Dr. Swati Desai,Pediatrics,11,05-09-2039,Govt Health Center,Mumbai,34,186,0.85,0
Dr. Ravi Kumar,Dermatology,14,06-09-2039,Govt Health Center,Chennai,50,212,0.83,0
Dr. Ravi Kumar,Dermatology,10,07-09-2039,City Hospital,Chennai,71,376,0.97,0
Dr. Ravi Kumar,Cardiology,8,08-09-2039,Metro Hospital,Chennai,86,384,0.65,0
Dr. Rohit Verma,Dermatology,15,09-09-2039,Metro Hospital,Kolkata,27,437,1.84,0
Dr. Rohit Verma,Dermatology,15,10-09-2039,City Hospital,Chennai,59,342,1.83,0
Dr. Anil Mehra,Dermatology,13,11-09-2039,City Hospital,Chennai,50,77,1.42,1
Dr. Ravi Kumar,Pediatrics,14,12-09-2039,Metro Hospital,New Delhi,43,305,0.59,0
Dr. Swati Desai,Pediatrics,17,13-09-2039,City Hospital,Mumbai,90,442,1.71,0
Dr. Anil Mehra,Orthopedics,9,14-09-2039,Govt Health Center,Kolkata,21,340,0.59,0
Dr. Swati Desai,Pediatrics,12,15-09-2039,City Hospital,Kolkata,89,161,0.66,0
Dr. Anil Mehra,Dermatology,14,16-09-2039,City Hospital,Mumbai,86,289,0.99,0
Dr. Rohit Verma,Pediatrics,16,17-09-2039,City Hospital,Kolkata,84,292,1.15,1
Dr. Anil Mehra,Cardiology,8,18-09-2039,City Hospital,Kolkata,87,202,1.03,1
Dr. Rohit Verma,Orthopedics,10,19-09-2039,Metro Hospital,Kolkata,51,314,0.75,0
Dr. Anil Mehra,Orthopedics,13,20-09-2039,Metro Hospital,New Delhi,64,494,0.67,0
Dr. Ravi Kumar,Pediatrics,14,21-09-2039,Metro Hospital,New Delhi,68,101,1.79,1
Dr. Swati Desai,Dermatology,13,22-09-2039,Metro Hospital,Kolkata,60,450,1.04,0
Dr. Ravi Kumar,Orthopedics,8,23-09-2039,Govt Health Center,Mumbai,97,314,0.83,0
Dr. Anil Mehra,Cardiology,11,24-09-2039,Govt Health Center,Mumbai,62,103,1.23,1
Dr. Anil Mehra,Cardiology,13,25-09-2039,Metro Hospital,New Delhi,90,182,0.56,0
Dr. Anil Mehra,Orthopedics,15,26-09-2039,Metro Hospital,New Delhi,18,240,1.4,1
Dr. Rohit Verma,Dermatology,17,27-09-2039,Metro Hospital,Chennai,12,173,0.87,0
Dr. Swati Desai,Dermatology,11,28-09-2039,City Hospital,New Delhi,17,480,1.4,0
Dr. Swati Desai,Pediatrics,14,29-09-2039,Govt Health Center,Kolkata,91,267,1.42,1
Dr. Anil Mehra,Pediatrics,10,30-09-2039,Govt Health Center,New Delhi,68,414,1.71,0
Dr. Anil Mehra,Orthopedics,15,01-10-2039,City Hospital,Chennai,39,452,0.84,0
Dr. Rohit Verma,Pediatrics,8,02-10-2039,City Hospital,Chennai,76,371,1.2,0
Dr. Ravi Kumar,Pediatrics,11,03-10-2039,City Hospital,Mumbai,64,350,1.94,0
Dr. Ravi Kumar,Pediatrics,15,04-10-2039,Govt Health Center,Mumbai,43,120,1.59,1
Dr. Swati Desai,Cardiology,17,05-10-2039,City Hospital,Kolkata,52,263,1.96,1
Dr. Rohit Verma,Pediatrics,11,06-10-2039,City Hospital,New Delhi,37,411,1.89,0
Dr. Anil Mehra,Orthopedics,9,07-10-2039,City Hospital,Chennai,46,82,1.42,1
Dr. Swati Desai,Dermatology,9,08-10-2039,Metro Hospital,Chennai,98,423,0.9,0
Dr. Rohit Verma,Pediatrics,11,09-10-2039,City Hospital,Mumbai,39,385,1.64,0
Dr. Ravi Kumar,Dermatology,11,10-10-2039,Metro Hospital,Mumbai,80,220,1.55,1
Dr. Rohit Verma,Pediatrics,9,11-10-2039,Govt Health Center,New Delhi,71,393,1.38,0
Dr. Ravi Kumar,Orthopedics,14,12-10-2039,Govt Health Center,Chennai,38,399,1.55,0
Dr. Rohit Verma,Cardiology,13,13-10-2039,Govt Health Center,Mumbai,11,459,1.42,0
Dr. Swati Desai,Orthopedics,10,14-10-2039,Metro Hospital,New Delhi,99,350,1.28,0
Dr. Ravi Kumar,Cardiology,15,15-10-2039,City Hospital,New Delhi,66,340,1.12,0
Dr. Swati Desai,Pediatrics,15,16-10-2039,Govt Health Center,New Delhi,66,286,0.57,0
Dr. Swati Desai,Pediatrics,8,17-10-2039,City Hospital,Mumbai,51,386,1.8,0
Dr. Ravi Kumar,Cardiology,10,18-10-2039,Metro Hospital,Mumbai,58,486,1.8,0
Dr. Ravi Kumar,Orthopedics,12,19-10-2039,Govt Health Center,Mumbai,66,151,1.39,1
Dr. Anil Mehra,Orthopedics,9,20-10-2039,City Hospital,Kolkata,80,59,0.9,0
Dr. Anil Mehra,Cardiology,12,21-10-2039,City Hospital,Kolkata,27,90,0.54,0
Dr. Anil Mehra,Pediatrics,17,22-10-2039,Govt Health Center,Kolkata,79,419,0.5,0
Dr. Swati Desai,Cardiology,10,23-10-2039,City Hospital,Mumbai,36,175,0.61,0
Dr. Swati Desai,Pediatrics,16,24-10-2039,Metro Hospital,Mumbai,63,322,1.04,0
Dr. Anil Mehra,Cardiology,8,25-10-2039,Govt Health Center,Kolkata,33,432,0.78,0
Dr. Swati Desai,Pediatrics,11,26-10-2039,Govt Health Center,Chennai,43,376,0.9,0
Dr. Swati Desai,Cardiology,17,27-10-2039,Govt Health Center,Chennai,31,499,1.55,0
Dr. Ravi Kumar,Dermatology,13,28-10-2039,Govt Health Center,Chennai,97,60,1.94,1
Dr. Ravi Kumar,Pediatrics,16,29-10-2039,Metro Hospital,Chennai,72,368,0.81,0
Dr. Swati Desai,Orthopedics,10,30-10-2039,Metro Hospital,Kolkata,45,244,1.2,1
Dr. Anil Mehra,Cardiology,10,31-10-2039,City Hospital,New Delhi,93,479,1.99,0
Dr. Rohit Verma,Orthopedics,12,01-11-2039,Metro Hospital,New Delhi,70,69,1.9,1
Dr. Anil Mehra,Cardiology,14,02-11-2039,City Hospital,Chennai,91,446,1.03,0
Dr. Rohit Verma,Orthopedics,12,03-11-2039,City Hospital,Mumbai,51,322,0.98,0
Dr. Anil Mehra,Orthopedics,15,04-11-2039,Govt Health Center,Chennai,42,284,0.86,0
Dr. Ravi Kumar,Cardiology,12,05-11-2039,City Hospital,Chennai,83,465,0.73,0
Dr. Swati Desai,Cardiology,14,06-11-2039,Govt Health Center,New Delhi,18,276,1.19,1
Dr. Swati Desai,Orthopedics,13,07-11-2039,City Hospital,Mumbai,34,276,1.01,1
Dr. Ravi Kumar,Orthopedics,17,08-11-2039,Metro Hospital,New Delhi,22,403,1.62,0
Dr. Rohit Verma,Orthopedics,9,09-11-2039,Govt Health Center,Mumbai,56,390,0.86,0
Dr. Rohit Verma,Pediatrics,10,10-11-2039,City Hospital,Kolkata,54,321,1.6,0
Dr. Rohit Verma,Pediatrics,11,11-11-2039,Metro Hospital,New Delhi,14,328,0.93,0
Dr. Ravi Kumar,Dermatology,12,12-11-2039,Metro Hospital,Kolkata,40,444,1.39,0
Dr. Rohit Verma,Pediatrics,16,13-11-2039,Govt Health Center,Kolkata,40,173,1.46,1
Dr. Ravi Kumar,Pediatrics,13,14-11-2039,Govt Health Center,Chennai,99,447,1.51,0
Dr. Anil Mehra,Cardiology,8,15-11-2039,Govt Health Center,Mumbai,80,244,0.76,0
Dr. Anil Mehra,Dermatology,10,16-11-2039,City Hospital,New Delhi,50,120,0.92,0
Dr. Ravi Kumar,Dermatology,14,17-11-2039,Govt Health Center,Chennai,55,281,0.87,0
Dr. Swati Desai,Pediatrics,15,18-11-2039,Metro Hospital,New Delhi,61,222,1.36,1
Dr. Anil Mehra,Cardiology,14,19-11-2039,Metro Hospital,Kolkata,93,252,0.61,0
Dr. Rohit Verma,Cardiology,12,20-11-2039,Govt Health Center,New Delhi,95,82,1.28,1
Dr. Ravi Kumar,Dermatology,17,21-11-2039,Govt Health Center,New Delhi,14,260,0.63,0
Dr. Rohit Verma,Cardiology,15,22-11-2039,Metro Hospital,Chennai,21,350,1.01,0
Dr. Rohit Verma,Orthopedics,16,23-11-2039,City Hospital,Mumbai,30,231,1.53,1
Dr. Swati Desai,Pediatrics,14,24-11-2039,Metro Hospital,New Delhi,18,290,1.12,1
Dr. Rohit Verma,Orthopedics,16,25-11-2039,Metro Hospital,Kolkata,26,100,0.92,0
Dr. Swati Desai,Dermatology,8,26-11-2039,Metro Hospital,Kolkata,33,420,1.42,0
Dr. Anil Mehra,Dermatology,16,27-11-2039,Govt Health Center,Chennai,36,429,1.61,0
Dr. Ravi Kumar,Cardiology,10,28-11-2039,City Hospital,Kolkata,17,392,0.88,0
Dr. Rohit Verma,Cardiology,13,29-11-2039,City Hospital,New Delhi,53,456,0.95,0
Dr. Ravi Kumar,Dermatology,15,30-11-2039,Govt Health Center,Mumbai,71,78,1.46,1
Dr. Rohit Verma,Dermatology,10,01-12-2039,Metro Hospital,New Delhi,38,55,1.95,1
Dr. Ravi Kumar,Orthopedics,11,02-12-2039,Govt Health Center,Chennai,92,472,0.82,0
Dr. Rohit Verma,Orthopedics,14,03-12-2039,Govt Health Center,Kolkata,83,182,1.48,1
Dr. Rohit Verma,Cardiology,14,04-12-2039,City Hospital,New Delhi,33,145,1.86,1
Dr. Rohit Verma,Orthopedics,11,05-12-2039,City Hospital,New Delhi,43,473,1.19,0
Dr. Rohit Verma,Cardiology,16,06-12-2039,Govt Health Center,Kolkata,69,395,0.98,0
Dr. Rohit Verma,Cardiology,10,07-12-2039,Govt Health Center,Mumbai,40,131,1.5,1
Dr. Rohit Verma,Pediatrics,15,08-12-2039,City Hospital,Mumbai,13,326,0.55,0
Dr. Rohit Verma,Cardiology,15,09-12-2039,City Hospital,Mumbai,18,364,1.04,0
Dr. Rohit Verma,Orthopedics,11,10-12-2039,Metro Hospital,Kolkata,99,266,0.89,0
Dr. Rohit Verma,Dermatology,14,11-12-2039,Govt Health Center,New Delhi,86,453,0.84,0
Dr. Ravi Kumar,Dermatology,11,12-12-2039,Metro Hospital,Chennai,99,329,0.77,0
Dr. Swati Desai,Orthopedics,8,13-12-2039,Metro Hospital,New Delhi,63,180,1.61,1
Dr. Rohit Verma,Dermatology,8,14-12-2039,Metro Hospital,Kolkata,10,135,1.93,1
Dr. Swati Desai,Cardiology,8,15-12-2039,City Hospital,Kolkata,70,377,1.08,0
Dr. Rohit Verma,Dermatology,9,16-12-2039,Metro Hospital,New Delhi,82,415,0.57,0
Dr. Rohit Verma,Orthopedics,13,17-12-2039,City Hospital,Kolkata,40,362,1.58,0
Dr. Ravi Kumar,Dermatology,17,18-12-2039,City Hospital,New Delhi,97,415,1.31,0
Dr. Anil Mehra,Cardiology,12,19-12-2039,City Hospital,New Delhi,54,142,1.59,1
Dr. Anil Mehra,Cardiology,9,20-12-2039,Govt Health Center,Mumbai,69,120,1.47,1
Dr. Ravi Kumar,Orthopedics,15,21-12-2039,Metro Hospital,Kolkata,95,375,1.86,0
Dr. Swati Desai,Orthopedics,16,22-12-2039,City Hospital,Kolkata,82,375,0.71,0
Dr. Anil Mehra,Orthopedics,14,23-12-2039,Govt Health Center,Mumbai,96,381,0.75,0
Dr. Ravi Kumar,Pediatrics,16,24-12-2039,Govt Health Center,Mumbai,93,240,1.01,1
Dr. Ravi Kumar,Pediatrics,11,25-12-2039,Govt Health Center,Mumbai,51,263,1.24,1
Dr. Anil Mehra,Cardiology,14,26-12-2039,City Hospital,Chennai,94,96,1.89,1
Dr. Swati Desai,Pediatrics,12,27-12-2039,City Hospital,Kolkata,36,267,1.86,1
Dr. Ravi Kumar,Pediatrics,12,28-12-2039,City Hospital,New Delhi,67,138,1.81,1
Dr. Rohit Verma,Dermatology,10,29-12-2039,Govt Health Center,New Delhi,78,324,0.83,0
Dr. Swati Desai,Pediatrics,16,30-12-2039,City Hospital,New Delhi,90,276,1.59,1
Dr. Swati Desai,Dermatology,17,31-12-2039,Metro Hospital,Kolkata,82,446,1.08,0
Dr. Anil Mehra,Orthopedics,12,01-01-2040,City Hospital,Chennai,43,266,1.9,1
Dr. Anil Mehra,Dermatology,13,02-01-2040,City Hospital,Kolkata,19,289,0.82,0
Dr. Rohit Verma,Dermatology,10,03-01-2040,Metro Hospital,Kolkata,75,350,0.71,0
Dr. Ravi Kumar,Orthopedics,17,04-01-2040,City Hospital,Kolkata,34,465,1.76,0
Dr. Anil Mehra,Orthopedics,14,05-01-2040,City Hospital,Kolkata,12,463,1.58,0
Dr. Anil Mehra,Cardiology,16,06-01-2040,City Hospital,Kolkata,43,390,1.73,0
Dr. Swati Desai,Cardiology,16,07-01-2040,City Hospital,Chennai,80,431,0.74,0
Dr. Anil Mehra,Cardiology,17,08-01-2040,Govt Health Center,Mumbai,37,219,1.83,1
Dr. Anil Mehra,Cardiology,17,09-01-2040,City Hospital,New Delhi,18,414,1.52,0
Dr. Anil Mehra,Dermatology,12,10-01-2040,Metro Hospital,Kolkata,20,281,1.48,1
Dr. Anil Mehra,Dermatology,14,11-01-2040,Metro Hospital,Kolkata,89,157,1.37,1
Dr. Swati Desai,Cardiology,10,12-01-2040,Govt Health Center,Kolkata,48,377,1.65,0
Dr. Rohit Verma,Pediatrics,13,13-01-2040,City Hospital,New Delhi,22,282,1.12,1
Dr. Rohit Verma,Cardiology,15,14-01-2040,Metro Hospital,Chennai,20,219,0.7,0
Dr. Ravi Kumar,Pediatrics,15,15-01-2040,Govt Health Center,New Delhi,44,184,1.31,1
Dr. Anil Mehra,Orthopedics,9,16-01-2040,City Hospital,Chennai,17,180,1.62,1
Dr. Swati Desai,Dermatology,13,17-01-2040,Govt Health Center,Mumbai,16,86,0.73,0
Dr. Ravi Kumar,Dermatology,14,18-01-2040,City Hospital,Kolkata,78,308,0.84,0
Dr. Ravi Kumar,Pediatrics,14,19-01-2040,Govt Health Center,Chennai,79,451,1.54,0
Dr. Rohit Verma,Cardiology,10,20-01-2040,Govt Health Center,New Delhi,66,173,0.9,0
Dr. Swati Desai,Dermatology,16,21-01-2040,Metro Hospital,Chennai,44,475,0.75,0
Dr. Swati Desai,Pediatrics,9,22-01-2040,Metro Hospital,Chennai,20,442,1.83,0
Dr. Swati Desai,Orthopedics,10,23-01-2040,Govt Health Center,Mumbai,47,490,0.74,0
Dr. Rohit Verma,Orthopedics,9,24-01-2040,City Hospital,Kolkata,94,457,1.02,0
Dr. Rohit Verma,Dermatology,16,25-01-2040,City Hospital,Kolkata,87,312,1.14,0
Dr. Rohit Verma,Cardiology,11,26-01-2040,City Hospital,New Delhi,58,402,1.21,0
Dr. Rohit Verma,Pediatrics,9,27-01-2040,City Hospital,New Delhi,44,266,1.04,1
Dr. Rohit Verma,Dermatology,10,28-01-2040,City Hospital,Mumbai,38,219,1.87,1
Dr. Anil Mehra,Orthopedics,11,29-01-2040,Metro Hospital,Chennai,97,147,1.49,1
Dr. Anil Mehra,Cardiology,17,30-01-2040,Govt Health Center,Chennai,50,407,1.04,0
Dr. Swati Desai,Pediatrics,13,31-01-2040,Metro Hospital,New Delhi,15,235,1.04,1
Dr. Ravi Kumar,Dermatology,12,01-02-2040,City Hospital,Kolkata,19,262,1.25,1
Dr. Swati Desai,Pediatrics,10,02-02-2040,Govt Health Center,Chennai,93,407,0.55,0
Dr. Ravi Kumar,Cardiology,17,03-02-2040,City Hospital,Mumbai,93,361,1.89,0
Dr. Rohit Verma,Cardiology,15,04-02-2040,City Hospital,New Delhi,99,281,0.83,0
Dr. Ravi Kumar,Orthopedics,15,05-02-2040,Govt Health Center,Chennai,94,491,1.55,0
Dr. Swati Desai,Cardiology,14,06-02-2040,City Hospital,Kolkata,32,451,1.67,0
Dr. Swati Desai,Dermatology,10,07-02-2040,Metro Hospital,Kolkata,55,216,1.74,1
Dr. Ravi Kumar,Pediatrics,8,08-02-2040,Metro Hospital,Mumbai,21,355,0.75,0
Dr. Anil Mehra,Cardiology,12,09-02-2040,Metro Hospital,Mumbai,64,210,1.31,1
Dr. Rohit Verma,Cardiology,8,10-02-2040,City Hospital,New Delhi,22,333,0.63,0
Dr. Rohit Verma,Dermatology,13,11-02-2040,Metro Hospital,New Delhi,83,233,1.71,1
Dr. Swati Desai,Pediatrics,14,12-02-2040,City Hospital,Kolkata,16,74,1.23,1
Dr. Anil Mehra,Pediatrics,12,13-02-2040,City Hospital,Kolkata,21,191,0.74,0
Dr. Ravi Kumar,Orthopedics,11,14-02-2040,Metro Hospital,Chennai,70,232,1.58,1
Dr. Rohit Verma,Orthopedics,9,15-02-2040,Metro Hospital,Chennai,34,133,1,0
Dr. Anil Mehra,Pediatrics,12,16-02-2040,City Hospital,Chennai,11,280,0.67,0
Dr. Rohit Verma,Dermatology,16,17-02-2040,City Hospital,Mumbai,35,440,1.19,0
Dr. Anil Mehra,Dermatology,11,18-02-2040,City Hospital,Mumbai,60,437,0.85,0
Dr. Anil Mehra,Orthopedics,9,19-02-2040,City Hospital,Chennai,78,272,1.93,1
Dr. Swati Desai,Cardiology,13,20-02-2040,Metro Hospital,Kolkata,71,207,1.04,1
Dr. Rohit Verma,Dermatology,15,21-02-2040,City Hospital,New Delhi,81,367,1.36,0
Dr. Ravi Kumar,Cardiology,9,22-02-2040,City Hospital,Mumbai,82,234,1.92,1
Dr. Swati Desai,Dermatology,16,23-02-2040,City Hospital,Mumbai,48,470,1.09,0
Dr. Swati Desai,Pediatrics,14,24-02-2040,City Hospital,Chennai,93,232,1.04,1
Dr. Ravi Kumar,Orthopedics,9,25-02-2040,City Hospital,New Delhi,20,134,0.74,0
Dr. Swati Desai,Cardiology,12,26-02-2040,Govt Health Center,Mumbai,73,114,1.91,1
Dr. Anil Mehra,Cardiology,12,27-02-2040,Govt Health Center,New Delhi,95,101,1.7,1
Dr. Anil Mehra,Pediatrics,14,28-02-2040,Govt Health Center,Mumbai,89,52,0.83,0
Dr. Rohit Verma,Dermatology,12,29-02-2040,Metro Hospital,New Delhi,51,126,1,0
Dr. Rohit Verma,Cardiology,13,01-03-2040,City Hospital,New Delhi,19,184,1.87,1
Dr. Ravi Kumar,Dermatology,16,02-03-2040,Metro Hospital,Mumbai,98,375,1.31,0
Dr. Rohit Verma,Pediatrics,10,03-03-2040,City Hospital,New Delhi,28,119,1.33,1
Dr. Anil Mehra,Orthopedics,10,04-03-2040,Govt Health Center,Kolkata,13,211,1.47,1
Dr. Ravi Kumar,Cardiology,15,05-03-2040,City Hospital,Mumbai,92,145,1.64,1
Dr. Ravi Kumar,Dermatology,17,06-03-2040,Metro Hospital,Mumbai,12,65,1.91,1
Dr. Rohit Verma,Cardiology,13,07-03-2040,Metro Hospital,Kolkata,90,279,1.7,1
Dr. Anil Mehra,Dermatology,17,08-03-2040,City Hospital,New Delhi,23,441,1.9,0
Dr. Ravi Kumar,Dermatology,10,09-03-2040,Metro Hospital,Kolkata,19,454,1.73,0
Dr. Anil Mehra,Dermatology,9,10-03-2040,Govt Health Center,Mumbai,15,426,0.57,0
Dr. Anil Mehra,Pediatrics,9,11-03-2040,City Hospital,Kolkata,40,316,0.68,0
Dr. Anil Mehra,Orthopedics,9,12-03-2040,Govt Health Center,New Delhi,40,355,1.83,0
Dr. Rohit Verma,Cardiology,12,13-03-2040,Govt Health Center,Kolkata,57,392,0.54,0
Dr. Swati Desai,Orthopedics,12,14-03-2040,Metro Hospital,Mumbai,18,55,1.69,1
Dr. Swati Desai,Dermatology,8,15-03-2040,City Hospital,New Delhi,85,159,1.77,1
Dr. Ravi Kumar,Dermatology,9,16-03-2040,Govt Health Center,Mumbai,35,192,1.12,1
Dr. Anil Mehra,Orthopedics,9,17-03-2040,Govt Health Center,Mumbai,11,444,1.03,0
Dr. Rohit Verma,Orthopedics,11,18-03-2040,City Hospital,Chennai,13,204,0.79,0
Dr. Anil Mehra,Cardiology,14,19-03-2040,Metro Hospital,Mumbai,15,256,0.57,0
Dr. Anil Mehra,Dermatology,10,20-03-2040,Govt Health Center,Mumbai,39,478,1.62,0
Dr. Rohit Verma,Orthopedics,12,21-03-2040,City Hospital,New Delhi,64,215,0.61,0
Dr. Swati Desai,Pediatrics,16,22-03-2040,City Hospital,New Delhi,37,309,1.92,0
Dr. Anil Mehra,Dermatology,12,23-03-2040,Govt Health Center,New Delhi,70,222,0.95,0
Dr. Anil Mehra,Dermatology,16,24-03-2040,Govt Health Center,Kolkata,86,443,1.69,0
Dr. Swati Desai,Cardiology,8,25-03-2040,Govt Health Center,Kolkata,64,170,0.59,0
Dr. Rohit Verma,Pediatrics,16,26-03-2040,Metro Hospital,New Delhi,45,487,1.3,0
Dr. Ravi Kumar,Cardiology,12,27-03-2040,Metro Hospital,Kolkata,83,462,1.02,0
Dr. Swati Desai,Pediatrics,15,28-03-2040,City Hospital,Chennai,83,189,0.55,0
Dr. Ravi Kumar,Cardiology,12,29-03-2040,City Hospital,Kolkata,14,489,1.48,0
Dr. Ravi Kumar,Pediatrics,13,30-03-2040,Govt Health Center,Chennai,38,217,1.91,1
Dr. Swati Desai,Pediatrics,15,31-03-2040,City Hospital,New Delhi,21,133,0.52,0
Dr. Anil Mehra,Pediatrics,9,01-04-2040,Metro Hospital,New Delhi,31,470,0.91,0
Dr. Ravi Kumar,Orthopedics,10,02-04-2040,City Hospital,Kolkata,68,243,1.56,1
Dr. Ravi Kumar,Dermatology,16,03-04-2040,City Hospital,New Delhi,48,325,1.81,0
Dr. Rohit Verma,Pediatrics,12,04-04-2040,Govt Health Center,New Delhi,11,317,0.79,0
Dr. Anil Mehra,Orthopedics,12,05-04-2040,Govt Health Center,Mumbai,23,87,0.61,0
Dr. Ravi Kumar,Orthopedics,16,06-04-2040,Metro Hospital,New Delhi,19,463,0.51,0
Dr. Rohit Verma,Cardiology,17,07-04-2040,City Hospital,Mumbai,57,352,0.82,0
Dr. Anil Mehra,Dermatology,10,08-04-2040,City Hospital,New Delhi,73,387,0.61,0
Dr. Swati Desai,Dermatology,11,09-04-2040,City Hospital,Chennai,12,291,1.04,1
Dr. Swati Desai,Cardiology,14,10-04-2040,Govt Health Center,Chennai,81,379,1.16,0
Dr. Rohit Verma,Dermatology,9,11-04-2040,Metro Hospital,New Delhi,69,248,1.22,1
Dr. Swati Desai,Cardiology,15,12-04-2040,City Hospital,Chennai,90,347,0.71,0
Dr. Ravi Kumar,Orthopedics,12,13-04-2040,City Hospital,Chennai,77,54,1.2,1
Dr. Anil Mehra,Orthopedics,8,14-04-2040,City Hospital,Chennai,30,481,0.51,0
Dr. Ravi Kumar,Pediatrics,10,15-04-2040,City Hospital,Kolkata,28,420,0.86,0
Dr. Ravi Kumar,Cardiology,16,16-04-2040,Metro Hospital,Chennai,88,432,1.05,0
Dr. Swati Desai,Orthopedics,12,17-04-2040,Metro Hospital,Mumbai,29,404,0.68,0
Dr. Ravi Kumar,Orthopedics,15,18-04-2040,Metro Hospital,Kolkata,67,152,1.72,1
Dr. Swati Desai,Cardiology,8,19-04-2040,Govt Health Center,Mumbai,51,484,0.8,0
Dr. Anil Mehra,Orthopedics,14,20-04-2040,City Hospital,Mumbai,19,445,1.63,0
Dr. Anil Mehra,Dermatology,14,21-04-2040,City Hospital,Mumbai,32,187,1.21,1
Dr. Ravi Kumar,Orthopedics,15,22-04-2040,City Hospital,Kolkata,97,342,1.22,0
Dr. Rohit Verma,Cardiology,10,23-04-2040,City Hospital,New Delhi,21,430,1.47,0
Dr. Swati Desai,Dermatology,8,24-04-2040,Metro Hospital,Chennai,18,115,0.57,0
Dr. Swati Desai,Dermatology,16,25-04-2040,Govt Health Center,Chennai,88,116,0.62,0
Dr. Ravi Kumar,Orthopedics,8,26-04-2040,Govt Health Center,New Delhi,38,319,0.99,0
Dr. Swati Desai,Pediatrics,13,27-04-2040,City Hospital,New Delhi,91,96,1.13,1
Dr. Swati Desai,Dermatology,16,28-04-2040,Metro Hospital,Mumbai,29,453,1.14,0
Dr. Rohit Verma,Cardiology,9,29-04-2040,Govt Health Center,Kolkata,74,414,1.52,0
Dr. Rohit Verma,Pediatrics,11,30-04-2040,Govt Health Center,Mumbai,12,418,0.5,0
Dr. Ravi Kumar,Pediatrics,9,01-05-2040,City Hospital,Chennai,17,229,1.94,1
Dr. Rohit Verma,Dermatology,11,02-05-2040,Govt Health Center,New Delhi,48,117,0.76,0
Dr. Ravi Kumar,Orthopedics,9,03-05-2040,City Hospital,Chennai,73,164,0.87,0
Dr. Anil Mehra,Pediatrics,8,04-05-2040,Metro Hospital,New Delhi,40,75,1.86,1
Dr. Ravi Kumar,Orthopedics,10,05-05-2040,City Hospital,Kolkata,81,96,0.51,0
Dr. Anil Mehra,Dermatology,15,06-05-2040,Govt Health Center,Mumbai,88,256,1.99,1
Dr. Ravi Kumar,Cardiology,12,07-05-2040,City Hospital,Chennai,31,122,0.55,0
Dr. Swati Desai,Pediatrics,11,08-05-2040,City Hospital,Kolkata,14,308,0.68,0
Dr. Rohit Verma,Cardiology,12,09-05-2040,City Hospital,Chennai,67,435,0.86,0
Dr. Anil Mehra,Orthopedics,13,10-05-2040,City Hospital,New Delhi,82,474,1.16,0
Dr. Ravi Kumar,Orthopedics,13,11-05-2040,City Hospital,Chennai,88,79,1.28,1
Dr. Rohit Verma,Cardiology,12,12-05-2040,City Hospital,Kolkata,72,470,0.66,0
Dr. Ravi Kumar,Dermatology,13,13-05-2040,Govt Health Center,Kolkata,70,52,0.61,0
Dr. Rohit Verma,Dermatology,16,14-05-2040,City Hospital,Mumbai,61,58,0.55,0
Dr. Rohit Verma,Pediatrics,12,15-05-2040,Govt Health Center,Chennai,42,57,0.89,0
Dr. Ravi Kumar,Pediatrics,13,16-05-2040,City Hospital,New Delhi,31,58,1.88,1
Dr. Anil Mehra,Dermatology,11,17-05-2040,Metro Hospital,Chennai,60,425,1.08,0
Dr. Anil Mehra,Dermatology,10,18-05-2040,City Hospital,Mumbai,20,450,1.65,0
Dr. Swati Desai,Cardiology,13,19-05-2040,Govt Health Center,New Delhi,67,201,0.79,0
Dr. Rohit Verma,Orthopedics,12,20-05-2040,Govt Health Center,New Delhi,59,191,0.6,0
Dr. Swati Desai,Orthopedics,11,21-05-2040,Metro Hospital,Mumbai,79,487,1.33,0
Dr. Swati Desai,Pediatrics,12,22-05-2040,City Hospital,New Delhi,26,385,1.73,0
Dr. Ravi Kumar,Dermatology,14,23-05-2040,Metro Hospital,Kolkata,55,323,1.85,0
Dr. Ravi Kumar,Cardiology,8,24-05-2040,City Hospital,Kolkata,53,472,1.32,0
Dr. Ravi Kumar,Pediatrics,8,25-05-2040,City Hospital,New Delhi,66,421,0.94,0
Dr. Rohit Verma,Cardiology,8,26-05-2040,Govt Health Center,Chennai,14,480,0.66,0
Dr. Ravi Kumar,Dermatology,9,27-05-2040,Metro Hospital,New Delhi,48,76,1.5,1
Dr. Ravi Kumar,Dermatology,16,28-05-2040,Metro Hospital,Chennai,67,397,0.92,0
Dr. Rohit Verma,Dermatology,12,29-05-2040,Govt Health Center,Mumbai,18,120,1.77,1
Dr. Rohit Verma,Orthopedics,16,30-05-2040,Govt Health Center,Kolkata,32,268,1.41,1
Dr. Anil Mehra,Dermatology,12,31-05-2040,Metro Hospital,Kolkata,56,339,1.79,0
Dr. Ravi Kumar,Pediatrics,14,01-06-2040,Govt Health Center,Mumbai,45,305,1.35,0
Dr. Ravi Kumar,Orthopedics,13,02-06-2040,City Hospital,Mumbai,40,152,1.66,1
Dr. Ravi Kumar,Cardiology,9,03-06-2040,Metro Hospital,Kolkata,93,196,0.94,0
Dr. Anil Mehra,Pediatrics,10,04-06-2040,Metro Hospital,Mumbai,32,439,1.25,0
Dr. Ravi Kumar,Pediatrics,12,05-06-2040,Govt Health Center,New Delhi,65,207,0.53,0
Dr. Anil Mehra,Cardiology,11,06-06-2040,City Hospital,New Delhi,80,397,1.41,0
Dr. Swati Desai,Orthopedics,13,07-06-2040,Metro Hospital,Chennai,55,189,1.3,1
Dr. Anil Mehra,Pediatrics,15,08-06-2040,Metro Hospital,Chennai,67,192,1.63,1
Dr. Swati Desai,Pediatrics,15,09-06-2040,City Hospital,Chennai,45,158,1.59,1
Dr. Ravi Kumar,Pediatrics,10,10-06-2040,Govt Health Center,New Delhi,77,472,1.44,0
Dr. Swati Desai,Orthopedics,11,11-06-2040,Govt Health Center,Kolkata,97,408,0.59,0
Dr. Anil Mehra,Orthopedics,8,12-06-2040,Govt Health Center,Chennai,69,369,1.85,0
Dr. Rohit Verma,Orthopedics,9,13-06-2040,Govt Health Center,New Delhi,23,113,0.53,0
Dr. Swati Desai,Pediatrics,16,14-06-2040,City Hospital,Kolkata,34,320,1.7,0
Dr. Swati Desai,Dermatology,17,15-06-2040,City Hospital,Mumbai,80,235,1.22,1
Dr. Ravi Kumar,Cardiology,17,16-06-2040,Metro Hospital,New Delhi,88,405,1.73,0
Dr. Anil Mehra,Dermatology,9,17-06-2040,Metro Hospital,Mumbai,53,372,1.2,0
Dr. Swati Desai,Orthopedics,13,18-06-2040,City Hospital,Chennai,55,50,1.47,1
Dr. Swati Desai,Pediatrics,14,19-06-2040,Metro Hospital,Kolkata,22,56,1.04,1
Dr. Swati Desai,Pediatrics,13,20-06-2040,City Hospital,New Delhi,71,442,1.62,0
Dr. Swati Desai,Dermatology,15,21-06-2040,Govt Health Center,Chennai,28,50,0.88,0
Dr. Rohit Verma,Dermatology,16,22-06-2040,City Hospital,Chennai,21,310,1.58,0
Dr. Anil Mehra,Cardiology,15,23-06-2040,City Hospital,Kolkata,99,96,0.79,0
Dr. Ravi Kumar,Pediatrics,12,24-06-2040,Metro Hospital,Mumbai,57,405,1.58,0
Dr. Ravi Kumar,Dermatology,15,25-06-2040,City Hospital,Chennai,42,315,0.94,0
Dr. Rohit Verma,Cardiology,17,26-06-2040,Govt Health Center,Kolkata,88,51,0.92,0
Dr. Anil Mehra,Orthopedics,17,27-06-2040,Govt Health Center,Kolkata,46,72,1.72,1
Dr. Swati Desai,Dermatology,16,28-06-2040,Metro Hospital,New Delhi,15,408,1.72,0
Dr. Rohit Verma,Orthopedics,15,29-06-2040,Metro Hospital,Chennai,98,489,1.54,0
Dr. Anil Mehra,Cardiology,9,30-06-2040,City Hospital,Mumbai,90,452,1.89,0
Dr. Swati Desai,Orthopedics,9,01-07-2040,Metro Hospital,Mumbai,52,471,0.73,0
Dr. Rohit Verma,Pediatrics,10,02-07-2040,Govt Health Center,Chennai,59,352,0.9,0
Dr. Anil Mehra,Pediatrics,14,03-07-2040,Metro Hospital,Mumbai,55,133,0.94,0
Dr. Ravi Kumar,Orthopedics,16,04-07-2040,Metro Hospital,Kolkata,82,253,0.96,0
Dr. Ravi Kumar,Pediatrics,15,05-07-2040,Govt Health Center,Kolkata,37,276,0.99,0
Dr. Anil Mehra,Cardiology,16,06-07-2040,City Hospital,Chennai,76,485,1.55,0
Dr. Ravi Kumar,Pediatrics,13,07-07-2040,City Hospital,Mumbai,20,301,0.91,0
Dr. Anil Mehra,Orthopedics,8,08-07-2040,Metro Hospital,Kolkata,29,354,0.93,0
Dr. Swati Desai,Orthopedics,11,09-07-2040,Govt Health Center,Chennai,96,200,1.36,1
Dr. Anil Mehra,Orthopedics,13,10-07-2040,Govt Health Center,Kolkata,39,296,0.79,0
Dr. Swati Desai,Dermatology,13,11-07-2040,Govt Health Center,Chennai,45,355,1.05,0
Dr. Rohit Verma,Orthopedics,15,12-07-2040,City Hospital,New Delhi,85,66,0.59,0
Dr. Anil Mehra,Cardiology,8,13-07-2040,Govt Health Center,New Delhi,77,353,1.93,0
Dr. Rohit Verma,Pediatrics,9,14-07-2040,Govt Health Center,Chennai,97,426,0.98,0
Dr. Ravi Kumar,Pediatrics,9,15-07-2040,City Hospital,New Delhi,45,51,1.78,1
Dr. Swati Desai,Dermatology,13,16-07-2040,Govt Health Center,New Delhi,67,246,1.29,1
Dr. Anil Mehra,Dermatology,14,17-07-2040,City Hospital,Mumbai,37,495,0.84,0
Dr. Rohit Verma,Cardiology,9,18-07-2040,Metro Hospital,New Delhi,48,390,0.79,0
Dr. Swati Desai,Orthopedics,12,19-07-2040,Metro Hospital,Mumbai,75,318,1.54,0
Dr. Swati Desai,Dermatology,13,20-07-2040,Metro Hospital,New Delhi,52,110,1.95,1
Dr. Ravi Kumar,Pediatrics,11,21-07-2040,Metro Hospital,New Delhi,14,316,0.77,0
Dr. Ravi Kumar,Dermatology,8,22-07-2040,Metro Hospital,Kolkata,22,146,0.67,0
Dr. Swati Desai,Dermatology,10,23-07-2040,City Hospital,Chennai,18,332,1.08,0
Dr. Swati Desai,Orthopedics,17,24-07-2040,City Hospital,New Delhi,66,296,1.09,1
Dr. Anil Mehra,Dermatology,16,25-07-2040,City Hospital,Chennai,36,84,1.71,1
Dr. Swati Desai,Cardiology,13,26-07-2040,Govt Health Center,Chennai,70,323,1.2,0
Dr. Anil Mehra,Pediatrics,9,27-07-2040,Metro Hospital,Kolkata,86,117,0.59,0
Dr. Swati Desai,Orthopedics,16,28-07-2040,Govt Health Center,Chennai,59,238,1.88,1
Dr. Ravi Kumar,Pediatrics,11,29-07-2040,Govt Health Center,Chennai,91,90,1.06,1
Dr. Anil Mehra,Cardiology,15,30-07-2040,Govt Health Center,New Delhi,43,145,1.5,1
Dr. Rohit Verma,Cardiology,17,31-07-2040,Metro Hospital,Kolkata,94,220,1.5,1
Dr. Ravi Kumar,Dermatology,14,01-08-2040,Govt Health Center,Chennai,74,482,0.58,0
Dr. Anil Mehra,Dermatology,10,02-08-2040,Metro Hospital,New Delhi,54,444,0.51,0
Dr. Anil Mehra,Dermatology,15,03-08-2040,Metro Hospital,Kolkata,96,116,0.63,0
Dr. Rohit Verma,Pediatrics,11,04-08-2040,Metro Hospital,New Delhi,43,484,1.93,0
Dr. Anil Mehra,Cardiology,9,05-08-2040,Govt Health Center,Kolkata,82,357,1.69,0
Dr. Swati Desai,Orthopedics,12,06-08-2040,Metro Hospital,Kolkata,17,168,0.7,0
Dr. Rohit Verma,Dermatology,8,07-08-2040,Metro Hospital,Mumbai,57,390,1.42,0
Dr. Ravi Kumar,Pediatrics,15,08-08-2040,City Hospital,Mumbai,45,220,1.42,1
Dr. Ravi Kumar,Dermatology,15,09-08-2040,Govt Health Center,Mumbai,91,235,0.5,0
Dr. Swati Desai,Cardiology,10,10-08-2040,City Hospital,Chennai,75,119,1.14,1
Dr. Ravi Kumar,Orthopedics,8,11-08-2040,City Hospital,New Delhi,20,294,1.57,1
Dr. Anil Mehra,Cardiology,11,12-08-2040,Govt Health Center,Kolkata,61,462,0.78,0
Dr. Anil Mehra,Pediatrics,16,13-08-2040,City Hospital,New Delhi,45,208,1.78,1
Dr. Swati Desai,Dermatology,16,14-08-2040,Metro Hospital,Chennai,40,333,1.49,0
Dr. Ravi Kumar,Cardiology,8,15-08-2040,City Hospital,Mumbai,33,156,0.51,0
Dr. Ravi Kumar,Pediatrics,14,16-08-2040,City Hospital,Mumbai,30,483,1.78,0
Dr. Swati Desai,Dermatology,13,17-08-2040,Metro Hospital,New Delhi,39,85,0.53,0
Dr. Rohit Verma,Orthopedics,14,18-08-2040,City Hospital,New Delhi,81,397,1.83,0
Dr. Ravi Kumar,Cardiology,14,19-08-2040,Metro Hospital,Kolkata,73,452,1,0
Dr. Rohit Verma,Dermatology,15,20-08-2040,Govt Health Center,New Delhi,48,244,1.55,1
Dr. Ravi Kumar,Dermatology,15,21-08-2040,City Hospital,Kolkata,10,317,1.68,0
Dr. Ravi Kumar,Dermatology,17,22-08-2040,Govt Health Center,Kolkata,51,125,0.92,0
Dr. Ravi Kumar,Dermatology,9,23-08-2040,City Hospital,Mumbai,86,329,1.03,0
Dr. Ravi Kumar,Cardiology,11,24-08-2040,Metro Hospital,New Delhi,95,370,1.26,0
Dr. Anil Mehra,Dermatology,11,25-08-2040,City Hospital,Mumbai,14,397,1.37,0
Dr. Rohit Verma,Pediatrics,17,26-08-2040,Govt Health Center,Kolkata,21,129,0.94,0
Dr. Rohit Verma,Cardiology,15,27-08-2040,Metro Hospital,Mumbai,38,454,1.99,0
Dr. Ravi Kumar,Dermatology,10,28-08-2040,Metro Hospital,Mumbai,12,147,1.61,1
Dr. Ravi Kumar,Cardiology,10,29-08-2040,Govt Health Center,Kolkata,70,331,0.91,0
Dr. Rohit Verma,Pediatrics,9,30-08-2040,Govt Health Center,Chennai,60,167,1.46,1
Dr. Anil Mehra,Pediatrics,8,31-08-2040,City Hospital,Chennai,45,468,1.15,0
Dr. Swati Desai,Cardiology,15,01-09-2040,City Hospital,New Delhi,84,272,1.79,1
Dr. Swati Desai,Dermatology,16,02-09-2040,Metro Hospital,Mumbai,99,301,0.99,0
Dr. Rohit Verma,Dermatology,16,03-09-2040,Govt Health Center,New Delhi,11,129,0.78,0
Dr. Ravi Kumar,Pediatrics,15,04-09-2040,Govt Health Center,Mumbai,38,363,0.57,0
Dr. Ravi Kumar,Dermatology,12,05-09-2040,City Hospital,New Delhi,50,219,1.98,1
Dr. Anil Mehra,Pediatrics,8,06-09-2040,City Hospital,New Delhi,38,462,1.04,0
Dr. Swati Desai,Dermatology,16,07-09-2040,Metro Hospital,Kolkata,73,206,0.83,0
Dr. Anil Mehra,Pediatrics,13,08-09-2040,Govt Health Center,Chennai,67,442,1.24,0
Dr. Swati Desai,Orthopedics,14,09-09-2040,Govt Health Center,Chennai,92,383,0.94,0
Dr. Rohit Verma,Dermatology,15,10-09-2040,Govt Health Center,Chennai,19,426,0.85,0
Dr. Swati Desai,Dermatology,12,11-09-2040,Govt Health Center,Kolkata,20,377,1.42,0
Dr. Anil Mehra,Dermatology,13,12-09-2040,City Hospital,Chennai,16,51,0.61,0
Dr. Anil Mehra,Cardiology,14,13-09-2040,City Hospital,Kolkata,86,252,1.26,1
Dr. Anil Mehra,Dermatology,14,14-09-2040,City Hospital,Mumbai,70,307,1.08,0
Dr. Rohit Verma,Cardiology,9,15-09-2040,Metro Hospital,Kolkata,75,300,1.3,0
Dr. Swati Desai,Cardiology,8,16-09-2040,Govt Health Center,New Delhi,95,416,0.98,0
Dr. Swati Desai,Pediatrics,15,17-09-2040,City Hospital,New Delhi,62,195,1.36,1
Dr. Anil Mehra,Cardiology,12,18-09-2040,Govt Health Center,Mumbai,74,374,0.62,0
Dr. Swati Desai,Cardiology,17,19-09-2040,City Hospital,Mumbai,36,427,1.06,0
Dr. Ravi Kumar,Orthopedics,9,20-09-2040,Metro Hospital,New Delhi,16,490,0.86,0
Dr. Ravi Kumar,Dermatology,10,21-09-2040,City Hospital,Chennai,74,456,1.16,0
Dr. Ravi Kumar,Cardiology,13,22-09-2040,Metro Hospital,Chennai,67,324,1.1,0
Dr. Swati Desai,Dermatology,17,23-09-2040,Govt Health Center,Chennai,34,68,1.45,1
Dr. Rohit Verma,Cardiology,13,24-09-2040,City Hospital,Mumbai,57,491,1.44,0
Dr. Rohit Verma,Pediatrics,15,25-09-2040,City Hospital,New Delhi,13,417,1.12,0
Dr. Rohit Verma,Orthopedics,12,26-09-2040,City Hospital,Kolkata,17,482,0.77,0
Dr. Rohit Verma,Cardiology,12,27-09-2040,Govt Health Center,Mumbai,94,478,1.37,0
Dr. Ravi Kumar,Dermatology,14,28-09-2040,Metro Hospital,New Delhi,77,301,1.95,0
Dr. Ravi Kumar,Pediatrics,17,29-09-2040,Metro Hospital,Chennai,69,333,0.78,0
Dr. Anil Mehra,Dermatology,12,30-09-2040,City Hospital,Chennai,13,380,0.6,0
Dr. Swati Desai,Pediatrics,16,01-10-2040,Govt Health Center,Chennai,17,99,0.9,0
Dr. Swati Desai,Orthopedics,13,02-10-2040,Metro Hospital,New Delhi,99,444,1.12,0
Dr. Rohit Verma,Pediatrics,14,03-10-2040,Metro Hospital,Chennai,25,360,0.96,0
Dr. Ravi Kumar,Dermatology,15,04-10-2040,Metro Hospital,New Delhi,28,186,1.75,1
Dr. Rohit Verma,Dermatology,12,05-10-2040,Metro Hospital,Mumbai,10,447,1.24,0
Dr. Anil Mehra,Cardiology,11,06-10-2040,Metro Hospital,Kolkata,43,275,0.87,0
Dr. Swati Desai,Pediatrics,15,07-10-2040,City Hospital,Chennai,54,270,1.93,1
Dr. Swati Desai,Dermatology,17,08-10-2040,City Hospital,Mumbai,72,162,0.69,0
Dr. Rohit Verma,Cardiology,16,09-10-2040,City Hospital,Mumbai,15,198,0.68,0
Dr. Anil Mehra,Orthopedics,8,10-10-2040,Metro Hospital,New Delhi,45,97,0.87,0
Dr. Swati Desai,Dermatology,10,11-10-2040,Metro Hospital,Mumbai,75,107,0.62,0
Dr. Anil Mehra,Cardiology,11,12-10-2040,Metro Hospital,New Delhi,87,246,1.63,1
Dr. Anil Mehra,Dermatology,14,13-10-2040,City Hospital,New Delhi,17,274,0.97,0
Dr. Rohit Verma,Pediatrics,13,14-10-2040,Metro Hospital,Mumbai,76,186,1.59,1
Dr. Ravi Kumar,Cardiology,17,15-10-2040,City Hospital,New Delhi,36,244,1.64,1
Dr. Rohit Verma,Pediatrics,17,16-10-2040,Metro Hospital,New Delhi,43,255,0.86,0
Dr. Ravi Kumar,Orthopedics,8,17-10-2040,City Hospital,New Delhi,37,67,1.28,1
Dr. Anil Mehra,Pediatrics,11,18-10-2040,Govt Health Center,Mumbai,40,317,1.28,0
Dr. Ravi Kumar,Cardiology,13,19-10-2040,Metro Hospital,Kolkata,26,264,1.81,1
Dr. Anil Mehra,Dermatology,10,20-10-2040,Metro Hospital,New Delhi,92,255,0.54,0
Dr. Swati Desai,Cardiology,9,21-10-2040,City Hospital,Chennai,64,173,0.98,0
Dr. Swati Desai,Pediatrics,9,22-10-2040,Metro Hospital,Mumbai,84,65,1.82,1
Dr. Swati Desai,Pediatrics,17,23-10-2040,City Hospital,Mumbai,18,214,0.86,0
Dr. Rohit Verma,Dermatology,11,24-10-2040,City Hospital,New Delhi,66,197,0.71,0
Dr. Rohit Verma,Orthopedics,8,25-10-2040,Govt Health Center,Mumbai,54,325,1.36,0
Dr. Anil Mehra,Cardiology,17,26-10-2040,Govt Health Center,Chennai,15,448,0.96,0
Dr. Swati Desai,Dermatology,9,27-10-2040,Metro Hospital,Kolkata,23,282,1.2,1
Dr. Rohit Verma,Dermatology,17,28-10-2040,Metro Hospital,Mumbai,40,74,1.73,1
Dr. Swati Desai,Dermatology,9,29-10-2040,City Hospital,Mumbai,63,450,1.28,0
Dr. Rohit Verma,Cardiology,11,30-10-2040,City Hospital,Mumbai,20,317,1.27,0
Dr. Ravi Kumar,Cardiology,11,31-10-2040,City Hospital,New Delhi,78,414,0.92,0
Dr. Ravi Kumar,Cardiology,8,01-11-2040,City Hospital,Chennai,11,475,1.69,0
Dr. Swati Desai,Orthopedics,14,02-11-2040,Metro Hospital,Kolkata,26,344,1.61,0
Dr. Anil Mehra,Dermatology,14,03-11-2040,Govt Health Center,Chennai,45,489,0.85,0
Dr. Rohit Verma,Pediatrics,17,04-11-2040,Metro Hospital,Chennai,12,486,0.98,0
Dr. Rohit Verma,Pediatrics,17,05-11-2040,Metro Hospital,Mumbai,72,120,1.68,1
Dr. Ravi Kumar,Dermatology,17,06-11-2040,Metro Hospital,Kolkata,52,249,1.04,1
Dr. Ravi Kumar,Pediatrics,8,07-11-2040,Govt Health Center,Chennai,42,96,1.11,1
Dr. Anil Mehra,Orthopedics,15,08-11-2040,Metro Hospital,Kolkata,87,74,1.05,1
Dr. Anil Mehra,Orthopedics,17,09-11-2040,Govt Health Center,New Delhi,38,262,0.74,0
Dr. Anil Mehra,Cardiology,14,10-11-2040,City Hospital,Mumbai,32,483,1.01,0
Dr. Swati Desai,Cardiology,14,11-11-2040,Metro Hospital,New Delhi,68,423,1.7,0
Dr. Ravi Kumar,Cardiology,13,12-11-2040,City Hospital,Kolkata,90,82,1.24,1
Dr. Swati Desai,Cardiology,11,13-11-2040,City Hospital,Mumbai,58,263,1.19,1
Dr. Ravi Kumar,Cardiology,15,14-11-2040,City Hospital,New Delhi,64,260,0.73,0
Dr. Ravi Kumar,Pediatrics,9,15-11-2040,Metro Hospital,Mumbai,84,78,0.77,0
Dr. Rohit Verma,Pediatrics,14,16-11-2040,City Hospital,New Delhi,37,308,0.56,0
Dr. Ravi Kumar,Cardiology,10,17-11-2040,Metro Hospital,Chennai,80,88,0.52,0
Dr. Ravi Kumar,Orthopedics,10,18-11-2040,City Hospital,Mumbai,81,309,1.23,0
Dr. Swati Desai,Pediatrics,14,19-11-2040,Metro Hospital,Kolkata,34,214,1.11,1
Dr. Ravi Kumar,Orthopedics,10,20-11-2040,Metro Hospital,Mumbai,16,144,0.91,0
Dr. Swati Desai,Orthopedics,12,21-11-2040,Metro Hospital,Kolkata,95,439,1.99,0
Dr. Anil Mehra,Dermatology,15,22-11-2040,City Hospital,New Delhi,82,269,1.1,1
Dr. Ravi Kumar,Dermatology,11,23-11-2040,Metro Hospital,New Delhi,84,443,1.68,0
Dr. Ravi Kumar,Cardiology,14,24-11-2040,City Hospital,Kolkata,43,317,0.82,0
Dr. Swati Desai,Orthopedics,14,25-11-2040,Govt Health Center,New Delhi,31,167,0.87,0
Dr. Anil Mehra,Pediatrics,9,26-11-2040,City Hospital,Mumbai,76,115,1.35,1
Dr. Rohit Verma,Dermatology,15,27-11-2040,City Hospital,New Delhi,59,436,0.51,0
Dr. Anil Mehra,Dermatology,17,28-11-2040,Metro Hospital,Kolkata,57,242,0.53,0
Dr. Swati Desai,Orthopedics,17,29-11-2040,City Hospital,Kolkata,81,369,0.71,0
Dr. Anil Mehra,Dermatology,16,30-11-2040,Govt Health Center,Chennai,79,84,0.83,0
Dr. Swati Desai,Dermatology,13,01-12-2040,Metro Hospital,Kolkata,66,457,1.29,0
Dr. Swati Desai,Pediatrics,12,02-12-2040,City Hospital,New Delhi,34,224,1.53,1
Dr. Rohit Verma,Orthopedics,8,03-12-2040,City Hospital,Kolkata,75,161,0.97,0
Dr. Ravi Kumar,Dermatology,8,04-12-2040,Metro Hospital,New Delhi,25,357,0.86,0
Dr. Swati Desai,Orthopedics,16,05-12-2040,Metro Hospital,New Delhi,67,339,1.73,0
Dr. Swati Desai,Dermatology,11,06-12-2040,City Hospital,Chennai,50,389,0.74,0
Dr. Rohit Verma,Pediatrics,8,07-12-2040,City Hospital,New Delhi,60,129,1.52,1
Dr. Swati Desai,Orthopedics,17,08-12-2040,Metro Hospital,Kolkata,30,160,1.9,1
Dr. Ravi Kumar,Dermatology,10,09-12-2040,Metro Hospital,Kolkata,88,458,0.85,0
Dr. Rohit Verma,Pediatrics,13,10-12-2040,Govt Health Center,Kolkata,65,462,0.63,0
Dr. Ravi Kumar,Dermatology,15,11-12-2040,Govt Health Center,New Delhi,56,141,1.97,1
Dr. Ravi Kumar,Orthopedics,17,12-12-2040,Govt Health Center,Kolkata,52,497,0.91,0
Dr. Rohit Verma,Dermatology,9,13-12-2040,Metro Hospital,Mumbai,93,486,0.91,0
Dr. Swati Desai,Orthopedics,15,14-12-2040,Metro Hospital,Mumbai,40,235,1.23,1
Dr. Ravi Kumar,Orthopedics,8,15-12-2040,Metro Hospital,Kolkata,24,90,0.85,0
Dr. Ravi Kumar,Dermatology,9,16-12-2040,City Hospital,New Delhi,57,136,1.99,1
Dr. Ravi Kumar,Pediatrics,15,17-12-2040,Metro Hospital,Kolkata,71,273,0.56,0
Dr. Ravi Kumar,Cardiology,14,18-12-2040,City Hospital,Mumbai,79,100,1.18,1
Dr. Rohit Verma,Pediatrics,12,19-12-2040,Metro Hospital,New Delhi,12,175,1.32,1
Dr. Rohit Verma,Pediatrics,17,20-12-2040,Metro Hospital,Kolkata,47,195,1.2,1
Dr. Anil Mehra,Dermatology,9,21-12-2040,City Hospital,New Delhi,96,90,1.28,1
Dr. Anil Mehra,Pediatrics,16,22-12-2040,Metro Hospital,Kolkata,67,404,1.98,0
Dr. Ravi Kumar,Pediatrics,12,23-12-2040,Metro Hospital,Chennai,76,494,1.82,0
Dr. Swati Desai,Cardiology,15,24-12-2040,Metro Hospital,New Delhi,54,412,0.96,0
Dr. Ravi Kumar,Pediatrics,11,25-12-2040,Govt Health Center,Mumbai,53,73,1.33,1
Dr. Swati Desai,Cardiology,16,26-12-2040,Metro Hospital,Mumbai,17,352,0.5,0
Dr. Ravi Kumar,Dermatology,17,27-12-2040,City Hospital,Mumbai,75,333,1.11,0
Dr. Anil Mehra,Cardiology,14,28-12-2040,City Hospital,Mumbai,80,85,0.75,0
Dr. Anil Mehra,Orthopedics,9,29-12-2040,City Hospital,Kolkata,70,326,1.57,0
Dr. Swati Desai,Orthopedics,10,30-12-2040,Metro Hospital,Kolkata,26,233,0.83,0
Dr. Ravi Kumar,Cardiology,9,31-12-2040,City Hospital,New Delhi,80,374,1.62,0
Dr. Swati Desai,Orthopedics,12,01-01-2041,Govt Health Center,Chennai,45,203,0.97,0
Dr. Anil Mehra,Dermatology,9,02-01-2041,City Hospital,Chennai,77,231,1.89,1
Dr. Ravi Kumar,Orthopedics,12,03-01-2041,Metro Hospital,New Delhi,89,349,1.17,0
Dr. Ravi Kumar,Cardiology,16,04-01-2041,Govt Health Center,Mumbai,30,466,1.76,0
Dr. Swati Desai,Dermatology,9,05-01-2041,City Hospital,Chennai,91,203,1.44,1
Dr. Rohit Verma,Orthopedics,16,06-01-2041,Govt Health Center,Chennai,55,426,1.97,0
Dr. Swati Desai,Dermatology,14,07-01-2041,City Hospital,New Delhi,55,199,1.61,1
Dr. Anil Mehra,Cardiology,14,08-01-2041,Metro Hospital,Mumbai,25,453,1.59,0
Dr. Anil Mehra,Orthopedics,12,09-01-2041,Govt Health Center,Kolkata,31,51,0.9,0
Dr. Anil Mehra,Dermatology,15,10-01-2041,City Hospital,Kolkata,15,346,1.26,0
Dr. Anil Mehra,Dermatology,14,11-01-2041,City Hospital,Chennai,65,103,0.94,0
Dr. Anil Mehra,Orthopedics,13,12-01-2041,Govt Health Center,Kolkata,54,490,0.53,0
Dr. Rohit Verma,Dermatology,9,13-01-2041,Govt Health Center,New Delhi,67,451,1.57,0
Dr. Ravi Kumar,Dermatology,13,14-01-2041,Govt Health Center,Chennai,37,438,0.85,0
Dr. Swati Desai,Cardiology,9,15-01-2041,Govt Health Center,Chennai,26,295,1.1,1
Dr. Swati Desai,Cardiology,8,16-01-2041,City Hospital,Mumbai,45,95,0.93,0
Dr. Anil Mehra,Cardiology,16,17-01-2041,City Hospital,Kolkata,21,124,0.8,0
Dr. Swati Desai,Cardiology,12,18-01-2041,City Hospital,Mumbai,59,198,0.6,0
Dr. Anil Mehra,Cardiology,17,19-01-2041,Metro Hospital,Chennai,68,455,1.01,0
Dr. Rohit Verma,Cardiology,17,20-01-2041,Govt Health Center,Kolkata,21,52,0.62,0
Dr. Rohit Verma,Orthopedics,11,21-01-2041,City Hospital,Mumbai,71,58,1.31,1
Dr. Ravi Kumar,Cardiology,15,22-01-2041,Govt Health Center,Kolkata,49,51,0.53,0
Dr. Rohit Verma,Dermatology,12,23-01-2041,Govt Health Center,Chennai,11,287,1.91,1
Dr. Rohit Verma,Orthopedics,14,24-01-2041,City Hospital,Chennai,34,77,1.95,1
Dr. Ravi Kumar,Dermatology,10,25-01-2041,Govt Health Center,Chennai,94,339,0.96,0
Dr. Swati Desai,Cardiology,15,26-01-2041,Govt Health Center,New Delhi,95,230,0.89,0
Dr. Anil Mehra,Cardiology,15,27-01-2041,Govt Health Center,Mumbai,83,364,0.66,0
Dr. Anil Mehra,Dermatology,10,28-01-2041,Govt Health Center,Mumbai,40,315,1.86,0
Dr. Swati Desai,Dermatology,16,29-01-2041,Govt Health Center,Chennai,56,132,1.38,1
Dr. Ravi Kumar,Dermatology,15,30-01-2041,City Hospital,Mumbai,69,398,1.42,0
Dr. Swati Desai,Pediatrics,8,31-01-2041,City Hospital,Chennai,82,302,1.84,0
Dr. Rohit Verma,Pediatrics,15,01-02-2041,Govt Health Center,Mumbai,50,307,1.87,0
Dr. Ravi Kumar,Pediatrics,11,02-02-2041,Govt Health Center,Kolkata,59,97,1.74,1
Dr. Ravi Kumar,Pediatrics,13,03-02-2041,Govt Health Center,Mumbai,32,183,1.66,1
Dr. Ravi Kumar,Orthopedics,17,04-02-2041,Metro Hospital,Chennai,21,349,1.82,0
Dr. Anil Mehra,Cardiology,16,05-02-2041,Govt Health Center,Mumbai,80,487,1.81,0
Dr. Swati Desai,Dermatology,12,06-02-2041,Metro Hospital,Kolkata,92,248,1.05,1
Dr. Ravi Kumar,Cardiology,14,07-02-2041,Metro Hospital,Kolkata,31,341,1.96,0
Dr. Ravi Kumar,Dermatology,8,08-02-2041,Metro Hospital,Kolkata,65,185,1.56,1
Dr. Ravi Kumar,Cardiology,16,09-02-2041,City Hospital,Chennai,25,132,1.06,1
Dr. Swati Desai,Orthopedics,13,10-02-2041,Metro Hospital,New Delhi,67,315,1.16,0
Dr. Anil Mehra,Pediatrics,11,11-02-2041,Govt Health Center,Chennai,81,466,1.53,0
Dr. Rohit Verma,Cardiology,13,12-02-2041,Govt Health Center,Kolkata,60,407,1.04,0
Dr. Anil Mehra,Dermatology,12,13-02-2041,City Hospital,Mumbai,15,268,1.74,1
Dr. Ravi Kumar,Cardiology,10,14-02-2041,City Hospital,Kolkata,11,398,0.72,0
Dr. Anil Mehra,Orthopedics,14,15-02-2041,Govt Health Center,New Delhi,71,68,1.86,1
Dr. Anil Mehra,Orthopedics,10,16-02-2041,City Hospital,New Delhi,51,67,0.95,0
Dr. Rohit Verma,Cardiology,9,17-02-2041,City Hospital,Kolkata,52,420,0.73,0
Dr. Swati Desai,Pediatrics,11,18-02-2041,Metro Hospital,Chennai,61,228,1.79,1
Dr. Swati Desai,Dermatology,14,19-02-2041,Metro Hospital,New Delhi,67,72,0.86,0
Dr. Anil Mehra,Orthopedics,12,20-02-2041,City Hospital,Kolkata,29,434,1.77,0
Dr. Anil Mehra,Orthopedics,16,21-02-2041,Govt Health Center,Chennai,65,364,0.94,0
Dr. Swati Desai,Cardiology,17,22-02-2041,Metro Hospital,Mumbai,76,293,1.9,1
Dr. Swati Desai,Orthopedics,14,23-02-2041,Govt Health Center,Chennai,68,156,0.83,0
Dr. Rohit Verma,Orthopedics,16,24-02-2041,City Hospital,New Delhi,57,180,0.6,0
Dr. Ravi Kumar,Dermatology,16,25-02-2041,Govt Health Center,Chennai,44,59,1.9,1
Dr. Anil Mehra,Pediatrics,9,26-02-2041,Govt Health Center,Chennai,17,428,0.75,0
Dr. Swati Desai,Dermatology,8,27-02-2041,Govt Health Center,Mumbai,85,248,1.92,1
Dr. Anil Mehra,Pediatrics,11,28-02-2041,Govt Health Center,Kolkata,41,354,1.74,0
Dr. Anil Mehra,Dermatology,11,01-03-2041,City Hospital,Chennai,54,361,0.62,0
Dr. Swati Desai,Cardiology,9,02-03-2041,City Hospital,Mumbai,94,139,1.17,1
Dr. Rohit Verma,Orthopedics,10,03-03-2041,Metro Hospital,New Delhi,76,193,0.61,0
Dr. Anil Mehra,Pediatrics,10,04-03-2041,Metro Hospital,Kolkata,36,344,0.99,0
Dr. Rohit Verma,Cardiology,12,05-03-2041,Metro Hospital,New Delhi,12,158,1.03,1
Dr. Swati Desai,Orthopedics,8,06-03-2041,Metro Hospital,Kolkata,66,401,1.4,0
Dr. Ravi Kumar,Orthopedics,16,07-03-2041,Govt Health Center,Chennai,74,253,1.96,1
Dr. Ravi Kumar,Orthopedics,15,08-03-2041,Metro Hospital,Chennai,29,93,0.75,0
Dr. Anil Mehra,Dermatology,15,09-03-2041,Metro Hospital,Kolkata,80,57,0.99,0
Dr. Swati Desai,Cardiology,10,10-03-2041,Govt Health Center,New Delhi,50,441,1.38,0
Dr. Rohit Verma,Cardiology,9,11-03-2041,City Hospital,New Delhi,10,350,0.76,0
Dr. Anil Mehra,Orthopedics,8,12-03-2041,Metro Hospital,New Delhi,83,444,1.57,0
Dr. Swati Desai,Pediatrics,13,13-03-2041,City Hospital,Chennai,85,402,1.11,0
Dr. Swati Desai,Cardiology,17,14-03-2041,Metro Hospital,Kolkata,13,202,1.92,1
Dr. Rohit Verma,Dermatology,8,15-03-2041,City Hospital,Kolkata,80,66,1.44,1
Dr. Anil Mehra,Pediatrics,12,16-03-2041,Metro Hospital,New Delhi,19,388,1.04,0
Dr. Swati Desai,Pediatrics,16,17-03-2041,City Hospital,Chennai,95,286,1.58,1
Dr. Swati Desai,Pediatrics,16,18-03-2041,City Hospital,Kolkata,98,488,1.76,0
Dr. Swati Desai,Pediatrics,11,19-03-2041,Metro Hospital,Kolkata,38,384,1.7,0
Dr. Rohit Verma,Cardiology,14,20-03-2041,City Hospital,New Delhi,24,105,0.89,0
Dr. Anil Mehra,Orthopedics,14,21-03-2041,Metro Hospital,New Delhi,28,93,1.13,1
Dr. Anil Mehra,Pediatrics,11,22-03-2041,Metro Hospital,Kolkata,67,358,1.18,0
Dr. Anil Mehra,Dermatology,12,23-03-2041,Govt Health Center,Chennai,62,290,1.08,1
Dr. Anil Mehra,Dermatology,16,24-03-2041,Metro Hospital,Mumbai,55,468,0.97,0
Dr. Ravi Kumar,Orthopedics,14,25-03-2041,Metro Hospital,Kolkata,27,88,1.63,1
Dr. Ravi Kumar,Cardiology,14,26-03-2041,Metro Hospital,Kolkata,12,179,0.52,0
Dr. Anil Mehra,Orthopedics,17,27-03-2041,Metro Hospital,Chennai,79,147,0.94,0
Dr. Rohit Verma,Pediatrics,14,28-03-2041,Govt Health Center,Kolkata,31,330,0.71,0
Dr. Ravi Kumar,Cardiology,16,29-03-2041,Govt Health Center,Mumbai,64,471,0.69,0
Dr. Swati Desai,Cardiology,12,30-03-2041,Govt Health Center,Chennai,73,129,0.92,0
Dr. Ravi Kumar,Pediatrics,13,31-03-2041,Govt Health Center,Mumbai,50,337,1.64,0
Dr. Swati Desai,Dermatology,10,01-04-2041,City Hospital,Mumbai,94,384,1.95,0
Dr. Anil Mehra,Pediatrics,8,02-04-2041,Metro Hospital,Kolkata,17,283,1.27,1
Dr. Ravi Kumar,Orthopedics,9,03-04-2041,Govt Health Center,Mumbai,74,383,1.01,0
Dr. Rohit Verma,Pediatrics,15,04-04-2041,Metro Hospital,Kolkata,12,218,1.74,1
Dr. Ravi Kumar,Dermatology,8,05-04-2041,Govt Health Center,Kolkata,38,128,0.6,0
Dr. Ravi Kumar,Pediatrics,17,06-04-2041,Metro Hospital,Chennai,79,120,0.64,0
Dr. Ravi Kumar,Orthopedics,14,07-04-2041,City Hospital,Chennai,27,312,1.02,0
Dr. Anil Mehra,Orthopedics,12,08-04-2041,Govt Health Center,Chennai,67,249,1.17,1
Dr. Rohit Verma,Dermatology,13,09-04-2041,City Hospital,Kolkata,10,260,1.7,1
Dr. Ravi Kumar,Orthopedics,15,10-04-2041,City Hospital,Mumbai,31,67,1.89,1
Dr. Rohit Verma,Orthopedics,11,11-04-2041,Metro Hospital,Mumbai,32,322,1.3,0
Dr. Anil Mehra,Pediatrics,13,12-04-2041,Govt Health Center,Chennai,17,259,1.24,1
Dr. Swati Desai,Cardiology,10,13-04-2041,City Hospital,Chennai,38,166,0.82,0
Dr. Ravi Kumar,Orthopedics,14,14-04-2041,Metro Hospital,Kolkata,53,153,1.18,1
Dr. Rohit Verma,Orthopedics,9,15-04-2041,Metro Hospital,New Delhi,71,126,1.89,1
Dr. Rohit Verma,Dermatology,15,16-04-2041,Metro Hospital,New Delhi,28,364,1.09,0
Dr. Anil Mehra,Dermatology,14,17-04-2041,City Hospital,Kolkata,68,60,0.82,0
Dr. Ravi Kumar,Pediatrics,15,18-04-2041,Metro Hospital,New Delhi,89,430,1.01,0
Dr. Swati Desai,Pediatrics,9,19-04-2041,Metro Hospital,New Delhi,28,100,1.27,1
Dr. Rohit Verma,Orthopedics,10,20-04-2041,Metro Hospital,New Delhi,31,56,1.4,1
Dr. Ravi Kumar,Cardiology,11,21-04-2041,City Hospital,Chennai,92,460,1.15,0
Dr. Swati Desai,Cardiology,16,22-04-2041,Metro Hospital,Mumbai,77,492,1.64,0
Dr. Rohit Verma,Pediatrics,12,23-04-2041,City Hospital,Mumbai,14,86,1.38,1
Dr. Rohit Verma,Dermatology,13,24-04-2041,Metro Hospital,Chennai,14,310,1.5,0
Dr. Swati Desai,Orthopedics,8,25-04-2041,City Hospital,Chennai,34,111,1.79,1
Dr. Swati Desai,Orthopedics,11,26-04-2041,City Hospital,Chennai,33,249,1.8,1
Dr. Anil Mehra,Cardiology,11,27-04-2041,Govt Health Center,New Delhi,10,379,0.81,0
Dr. Ravi Kumar,Pediatrics,17,28-04-2041,Govt Health Center,Kolkata,37,139,1.44,1
Dr. Ravi Kumar,Cardiology,15,29-04-2041,Govt Health Center,Kolkata,56,128,1.57,1
Dr. Anil Mehra,Cardiology,15,30-04-2041,City Hospital,New Delhi,94,104,0.72,0
Dr. Rohit Verma,Pediatrics,17,01-05-2041,Metro Hospital,New Delhi,69,449,1.76,0
Dr. Swati Desai,Dermatology,13,02-05-2041,Metro Hospital,Chennai,28,270,0.77,0
Dr. Swati Desai,Orthopedics,15,03-05-2041,City Hospital,Chennai,96,141,1.7,1
Dr. Swati Desai,Dermatology,16,04-05-2041,Metro Hospital,Mumbai,23,123,0.74,0
Dr. Rohit Verma,Pediatrics,12,05-05-2041,City Hospital,Chennai,79,105,1.61,1
Dr. Swati Desai,Pediatrics,8,06-05-2041,Metro Hospital,New Delhi,17,281,0.72,0
Dr. Swati Desai,Orthopedics,8,07-05-2041,City Hospital,Mumbai,46,228,1.07,1
Dr. Anil Mehra,Dermatology,9,08-05-2041,Govt Health Center,Chennai,95,479,0.72,0
Dr. Rohit Verma,Orthopedics,9,09-05-2041,Govt Health Center,Mumbai,81,110,0.91,0
Dr. Ravi Kumar,Cardiology,12,10-05-2041,Metro Hospital,Mumbai,19,409,1.98,0
Dr. Anil Mehra,Cardiology,14,11-05-2041,Metro Hospital,Chennai,76,166,0.66,0
Dr. Anil Mehra,Cardiology,14,12-05-2041,Metro Hospital,Kolkata,22,127,1.11,1
Dr. Ravi Kumar,Dermatology,11,13-05-2041,Metro Hospital,New Delhi,48,285,1.52,1
Dr. Anil Mehra,Cardiology,11,14-05-2041,Govt Health Center,New Delhi,73,82,0.64,0
Dr. Rohit Verma,Orthopedics,17,15-05-2041,Govt Health Center,Mumbai,39,104,0.66,0
Dr. Swati Desai,Dermatology,10,16-05-2041,City Hospital,Kolkata,13,292,0.71,0
Dr. Rohit Verma,Orthopedics,9,17-05-2041,Metro Hospital,Kolkata,54,323,1.47,0
Dr. Ravi Kumar,Pediatrics,10,18-05-2041,Govt Health Center,Chennai,15,445,1.86,0
Dr. Ravi Kumar,Dermatology,15,19-05-2041,City Hospital,Chennai,25,123,1.74,1
Dr. Anil Mehra,Orthopedics,8,20-05-2041,City Hospital,New Delhi,31,70,1.97,1
Dr. Rohit Verma,Orthopedics,11,21-05-2041,City Hospital,Chennai,30,402,1.37,0
Dr. Rohit Verma,Dermatology,14,22-05-2041,Govt Health Center,Chennai,74,250,1.94,1
Dr. Ravi Kumar,Pediatrics,12,23-05-2041,City Hospital,Mumbai,39,203,0.96,0
Dr. Rohit Verma,Dermatology,9,24-05-2041,Metro Hospital,Kolkata,33,303,1.13,0
Dr. Ravi Kumar,Cardiology,8,25-05-2041,City Hospital,Kolkata,73,256,1.09,1
Dr. Rohit Verma,Cardiology,13,26-05-2041,City Hospital,Chennai,22,198,0.57,0
Dr. Rohit Verma,Pediatrics,12,27-05-2041,Govt Health Center,Chennai,35,455,1.74,0
Dr. Rohit Verma,Orthopedics,10,28-05-2041,City Hospital,Chennai,29,232,0.54,0
Dr. Ravi Kumar,Orthopedics,16,29-05-2041,Govt Health Center,New Delhi,70,351,1.59,0
Dr. Anil Mehra,Orthopedics,10,30-05-2041,Govt Health Center,New Delhi,15,346,1.11,0
Dr. Rohit Verma,Dermatology,9,31-05-2041,Metro Hospital,Mumbai,52,310,0.51,0
Dr. Ravi Kumar,Dermatology,12,01-06-2041,City Hospital,New Delhi,58,93,0.93,0
Dr. Ravi Kumar,Pediatrics,16,02-06-2041,Metro Hospital,Kolkata,18,193,1.02,1
Dr. Rohit Verma,Cardiology,15,03-06-2041,Metro Hospital,New Delhi,46,293,1.95,1
Dr. Rohit Verma,Orthopedics,13,04-06-2041,City Hospital,Kolkata,25,468,1.49,0
Dr. Anil Mehra,Cardiology,10,05-06-2041,City Hospital,New Delhi,13,54,1.32,1
Dr. Ravi Kumar,Dermatology,13,06-06-2041,Govt Health Center,New Delhi,41,111,0.69,0
Dr. Ravi Kumar,Dermatology,12,07-06-2041,City Hospital,Mumbai,93,395,1.09,0
Dr. Swati Desai,Dermatology,8,08-06-2041,Govt Health Center,Chennai,26,75,0.55,0
Dr. Ravi Kumar,Cardiology,12,09-06-2041,Metro Hospital,Chennai,50,366,1.64,0
Dr. Anil Mehra,Pediatrics,14,10-06-2041,Metro Hospital,Chennai,98,484,0.74,0
Dr. Swati Desai,Pediatrics,16,11-06-2041,Govt Health Center,Mumbai,54,374,1.39,0
Dr. Swati Desai,Dermatology,8,12-06-2041,City Hospital,Kolkata,25,233,1.55,1
Dr. Swati Desai,Orthopedics,10,13-06-2041,City Hospital,New Delhi,29,355,1.05,0
Dr. Rohit Verma,Cardiology,15,14-06-2041,Govt Health Center,Mumbai,51,430,1.45,0
Dr. Rohit Verma,Dermatology,13,15-06-2041,Metro Hospital,Kolkata,19,85,1.65,1
Dr. Ravi Kumar,Cardiology,12,16-06-2041,Govt Health Center,Mumbai,61,457,0.78,0
Dr. Swati Desai,Cardiology,17,17-06-2041,City Hospital,Mumbai,69,79,1.4,1
Dr. Anil Mehra,Pediatrics,9,18-06-2041,City Hospital,Kolkata,57,118,1.6,1
Dr. Rohit Verma,Dermatology,10,19-06-2041,Govt Health Center,Chennai,32,281,1.04,1
Dr. Anil Mehra,Pediatrics,9,20-06-2041,City Hospital,New Delhi,42,225,0.74,0
Dr. Anil Mehra,Dermatology,8,21-06-2041,Metro Hospital,Chennai,86,327,0.93,0
Dr. Rohit Verma,Cardiology,14,22-06-2041,Govt Health Center,Mumbai,34,82,1.9,1
Dr. Rohit Verma,Pediatrics,10,23-06-2041,Metro Hospital,Kolkata,59,118,1.04,1
Dr. Rohit Verma,Cardiology,14,24-06-2041,Metro Hospital,Mumbai,97,401,0.66,0
Dr. Rohit Verma,Dermatology,14,25-06-2041,Govt Health Center,Chennai,79,304,0.62,0
Dr. Swati Desai,Orthopedics,15,26-06-2041,Govt Health Center,Chennai,88,99,0.77,0
Dr. Swati Desai,Pediatrics,8,27-06-2041,City Hospital,Chennai,64,72,0.69,0
Dr. Swati Desai,Pediatrics,12,28-06-2041,City Hospital,New Delhi,77,303,1.24,0
Dr. Swati Desai,Cardiology,17,29-06-2041,Govt Health Center,Chennai,87,443,1.02,0
Dr. Ravi Kumar,Cardiology,16,30-06-2041,Govt Health Center,New Delhi,13,213,1.76,1
Dr. Swati Desai,Orthopedics,14,01-07-2041,City Hospital,New Delhi,37,419,1.82,0
Dr. Rohit Verma,Pediatrics,8,02-07-2041,City Hospital,Chennai,38,322,1.21,0
Dr. Anil Mehra,Dermatology,15,03-07-2041,City Hospital,Kolkata,91,230,1.83,1
Dr. Swati Desai,Dermatology,10,04-07-2041,Govt Health Center,Mumbai,93,396,1.18,0
Dr. Ravi Kumar,Pediatrics,11,05-07-2041,Govt Health Center,Mumbai,57,299,1.46,1
Dr. Rohit Verma,Pediatrics,11,06-07-2041,City Hospital,New Delhi,81,286,0.74,0
Dr. Anil Mehra,Pediatrics,17,07-07-2041,Metro Hospital,New Delhi,22,441,0.58,0
Dr. Anil Mehra,Orthopedics,15,08-07-2041,Metro Hospital,New Delhi,52,281,0.74,0
Dr. Swati Desai,Dermatology,8,09-07-2041,City Hospital,Mumbai,18,477,0.88,0
Dr. Anil Mehra,Dermatology,15,10-07-2041,Govt Health Center,New Delhi,49,494,1.63,0
Dr. Swati Desai,Cardiology,16,11-07-2041,Govt Health Center,Kolkata,55,171,0.76,0
Dr. Swati Desai,Cardiology,16,12-07-2041,Metro Hospital,Kolkata,67,291,0.7,0
Dr. Rohit Verma,Pediatrics,12,13-07-2041,City Hospital,New Delhi,65,183,1.89,1
Dr. Rohit Verma,Cardiology,11,14-07-2041,Metro Hospital,Mumbai,21,120,1.53,1
Dr. Ravi Kumar,Orthopedics,11,15-07-2041,Metro Hospital,Chennai,34,395,1.21,0
Dr. Rohit Verma,Dermatology,16,16-07-2041,City Hospital,Mumbai,98,470,0.64,0
Dr. Rohit Verma,Dermatology,15,17-07-2041,Metro Hospital,Chennai,25,359,1.78,0
Dr. Swati Desai,Cardiology,17,18-07-2041,Govt Health Center,Chennai,60,328,0.66,0
Dr. Rohit Verma,Pediatrics,17,19-07-2041,Metro Hospital,New Delhi,89,268,1.42,1
Dr. Swati Desai,Cardiology,14,20-07-2041,City Hospital,Kolkata,96,234,1.5,1
Dr. Swati Desai,Pediatrics,10,21-07-2041,Govt Health Center,New Delhi,81,356,1.1,0
Dr. Rohit Verma,Orthopedics,11,22-07-2041,Govt Health Center,Chennai,62,363,1.87,0
Dr. Ravi Kumar,Dermatology,16,23-07-2041,Metro Hospital,New Delhi,61,452,0.58,0
Dr. Ravi Kumar,Orthopedics,15,24-07-2041,Govt Health Center,Chennai,76,460,1.73,0
Dr. Anil Mehra,Dermatology,8,25-07-2041,City Hospital,New Delhi,33,266,1.33,1
Dr. Anil Mehra,Orthopedics,10,26-07-2041,Metro Hospital,Kolkata,95,330,1.42,0
Dr. Rohit Verma,Cardiology,17,27-07-2041,Govt Health Center,Kolkata,23,454,1.98,0
Dr. Ravi Kumar,Orthopedics,9,28-07-2041,City Hospital,Mumbai,31,428,1.37,0
Dr. Swati Desai,Orthopedics,9,29-07-2041,Metro Hospital,Chennai,40,330,1.7,0
Dr. Anil Mehra,Cardiology,15,30-07-2041,City Hospital,Chennai,94,174,0.73,0
Dr. Swati Desai,Dermatology,13,31-07-2041,Govt Health Center,New Delhi,67,228,1.71,1
Dr. Anil Mehra,Dermatology,13,01-08-2041,Metro Hospital,Mumbai,78,376,1.64,0
Dr. Rohit Verma,Cardiology,11,02-08-2041,Metro Hospital,Kolkata,28,84,1.95,1
Dr. Ravi Kumar,Orthopedics,8,03-08-2041,Govt Health Center,New Delhi,62,119,1.9,1
Dr. Anil Mehra,Orthopedics,14,04-08-2041,City Hospital,Mumbai,94,409,0.82,0
Dr. Ravi Kumar,Orthopedics,15,05-08-2041,Govt Health Center,Kolkata,11,227,1.2,1
Dr. Swati Desai,Pediatrics,9,06-08-2041,Metro Hospital,New Delhi,62,448,1.87,0
Dr. Rohit Verma,Dermatology,9,07-08-2041,Metro Hospital,Kolkata,76,457,1.46,0
Dr. Ravi Kumar,Orthopedics,8,08-08-2041,Govt Health Center,Chennai,56,98,1.2,1
Dr. Rohit Verma,Dermatology,11,09-08-2041,City Hospital,Mumbai,62,117,0.66,0
Dr. Ravi Kumar,Orthopedics,13,10-08-2041,Govt Health Center,Kolkata,66,56,1.03,1
Dr. Swati Desai,Cardiology,12,11-08-2041,City Hospital,Mumbai,34,143,1.5,1
Dr. Swati Desai,Cardiology,11,12-08-2041,City Hospital,New Delhi,44,433,1.67,0
Dr. Rohit Verma,Dermatology,11,13-08-2041,Metro Hospital,Mumbai,38,130,1.17,1
Dr. Swati Desai,Dermatology,17,14-08-2041,City Hospital,New Delhi,85,487,0.58,0
Dr. Anil Mehra,Cardiology,14,15-08-2041,Metro Hospital,Mumbai,96,299,1.45,1
Dr. Ravi Kumar,Pediatrics,14,16-08-2041,City Hospital,New Delhi,26,87,1.88,1
Dr. Swati Desai,Cardiology,9,17-08-2041,City Hospital,New Delhi,89,399,1.24,0
Dr. Anil Mehra,Orthopedics,14,18-08-2041,Metro Hospital,New Delhi,58,94,1.89,1
Dr. Rohit Verma,Pediatrics,9,19-08-2041,City Hospital,Kolkata,65,408,1.03,0
Dr. Anil Mehra,Cardiology,11,20-08-2041,Govt Health Center,Chennai,82,186,1.83,1
Dr. Rohit Verma,Pediatrics,8,21-08-2041,City Hospital,Mumbai,12,360,1.68,0
Dr. Rohit Verma,Pediatrics,12,22-08-2041,Metro Hospital,Chennai,31,357,1.94,0
Dr. Ravi Kumar,Pediatrics,8,23-08-2041,Metro Hospital,Chennai,23,416,1.69,0
Dr. Ravi Kumar,Dermatology,11,24-08-2041,Govt Health Center,Chennai,12,354,0.98,0
Dr. Anil Mehra,Cardiology,16,25-08-2041,City Hospital,Chennai,47,278,1.85,1
Dr. Ravi Kumar,Dermatology,15,26-08-2041,Govt Health Center,Mumbai,96,232,1.5,1
Dr. Ravi Kumar,Dermatology,13,27-08-2041,City Hospital,Mumbai,30,375,0.74,0
Dr. Ravi Kumar,Orthopedics,15,28-08-2041,Govt Health Center,Chennai,60,253,0.57,0
Dr. Anil Mehra,Orthopedics,12,29-08-2041,Metro Hospital,Mumbai,33,160,1.05,1
Dr. Swati Desai,Pediatrics,14,30-08-2041,Metro Hospital,Mumbai,54,436,1.68,0
Dr. Ravi Kumar,Pediatrics,15,31-08-2041,Govt Health Center,New Delhi,78,117,1.43,1
Dr. Ravi Kumar,Orthopedics,14,01-09-2041,City Hospital,Mumbai,53,406,1.29,0
Dr. Anil Mehra,Orthopedics,11,02-09-2041,City Hospital,Kolkata,56,87,0.51,0
Dr. Swati Desai,Cardiology,12,03-09-2041,Metro Hospital,Chennai,66,247,1.15,1
Dr. Ravi Kumar,Pediatrics,17,04-09-2041,City Hospital,Mumbai,28,354,0.74,0
Dr. Rohit Verma,Pediatrics,13,05-09-2041,Govt Health Center,Chennai,43,141,1.18,1
Dr. Anil Mehra,Orthopedics,13,06-09-2041,Govt Health Center,Mumbai,12,313,1.99,0
Dr. Ravi Kumar,Cardiology,16,07-09-2041,City Hospital,Chennai,48,292,1.82,1
Dr. Ravi Kumar,Orthopedics,17,08-09-2041,Metro Hospital,Kolkata,84,165,0.97,0
Dr. Rohit Verma,Orthopedics,9,09-09-2041,Metro Hospital,Mumbai,69,144,1.39,1
Dr. Rohit Verma,Dermatology,13,10-09-2041,Metro Hospital,Mumbai,19,262,1.25,1
Dr. Anil Mehra,Pediatrics,10,11-09-2041,Metro Hospital,Kolkata,49,295,0.7,0
Dr. Anil Mehra,Cardiology,9,12-09-2041,Metro Hospital,Mumbai,11,222,1.98,1
Dr. Rohit Verma,Dermatology,13,13-09-2041,Govt Health Center,Chennai,54,334,1.14,0
Dr. Anil Mehra,Pediatrics,11,14-09-2041,City Hospital,Kolkata,36,128,1.26,1
Dr. Rohit Verma,Orthopedics,12,15-09-2041,Govt Health Center,New Delhi,62,482,1.47,0
Dr. Ravi Kumar,Cardiology,12,16-09-2041,Metro Hospital,Chennai,18,329,0.79,0
Dr. Rohit Verma,Pediatrics,10,17-09-2041,Metro Hospital,Mumbai,10,198,0.83,0
Dr. Rohit Verma,Orthopedics,11,18-09-2041,City Hospital,Chennai,42,418,0.79,0
Dr. Swati Desai,Dermatology,10,19-09-2041,City Hospital,Kolkata,47,328,1.08,0
Dr. Rohit Verma,Cardiology,14,20-09-2041,City Hospital,Mumbai,66,400,0.8,0
Dr. Rohit Verma,Pediatrics,8,21-09-2041,Govt Health Center,Mumbai,42,275,1.89,1
Dr. Swati Desai,Dermatology,13,22-09-2041,City Hospital,Kolkata,57,461,1.57,0
Dr. Anil Mehra,Orthopedics,11,23-09-2041,Govt Health Center,New Delhi,12,465,1.85,0
Dr. Swati Desai,Orthopedics,8,24-09-2041,Metro Hospital,Mumbai,41,455,1.77,0
Dr. Ravi Kumar,Pediatrics,8,25-09-2041,Govt Health Center,Mumbai,86,495,1.55,0
Dr. Swati Desai,Orthopedics,12,26-09-2041,City Hospital,Mumbai,30,372,0.86,0
Dr. Ravi Kumar,Cardiology,12,27-09-2041,Govt Health Center,New Delhi,77,167,1.42,1
Dr. Anil Mehra,Pediatrics,17,28-09-2041,Govt Health Center,Chennai,26,122,0.78,0
Dr. Swati Desai,Dermatology,14,29-09-2041,Govt Health Center,New Delhi,51,55,0.7,0
Dr. Swati Desai,Pediatrics,11,30-09-2041,City Hospital,Chennai,77,370,1.45,0
Dr. Anil Mehra,Pediatrics,16,01-10-2041,Govt Health Center,Mumbai,93,71,1.44,1
Dr. Ravi Kumar,Dermatology,11,02-10-2041,City Hospital,Chennai,21,228,0.73,0
Dr. Swati Desai,Orthopedics,14,03-10-2041,Govt Health Center,Chennai,99,245,1.03,1
Dr. Ravi Kumar,Dermatology,12,04-10-2041,Govt Health Center,Chennai,54,158,0.6,0
Dr. Swati Desai,Cardiology,12,05-10-2041,Govt Health Center,Chennai,45,421,1.57,0
Dr. Rohit Verma,Orthopedics,13,06-10-2041,City Hospital,Mumbai,89,234,1.98,1
Dr. Swati Desai,Pediatrics,15,07-10-2041,City Hospital,Kolkata,60,104,1.61,1
Dr. Anil Mehra,Orthopedics,12,08-10-2041,City Hospital,New Delhi,16,278,1.77,1
Dr. Anil Mehra,Orthopedics,10,09-10-2041,Metro Hospital,Chennai,42,475,1.21,0
Dr. Ravi Kumar,Cardiology,13,10-10-2041,City Hospital,Mumbai,57,485,0.64,0
Dr. Swati Desai,Orthopedics,9,11-10-2041,Govt Health Center,Mumbai,75,494,1.59,0
Dr. Ravi Kumar,Orthopedics,15,12-10-2041,Metro Hospital,Mumbai,42,68,0.88,0
Dr. Ravi Kumar,Orthopedics,15,13-10-2041,City Hospital,Mumbai,87,413,1.08,0
Dr. Rohit Verma,Pediatrics,10,14-10-2041,City Hospital,Chennai,93,434,1.55,0
Dr. Rohit Verma,Orthopedics,15,15-10-2041,Metro Hospital,New Delhi,36,474,1.86,0
Dr. Anil Mehra,Dermatology,16,16-10-2041,Metro Hospital,Mumbai,56,496,1.23,0
Dr. Ravi Kumar,Orthopedics,12,17-10-2041,City Hospital,New Delhi,94,265,1.94,1
Dr. Anil Mehra,Cardiology,12,18-10-2041,Metro Hospital,New Delhi,75,97,1.28,1
Dr. Swati Desai,Orthopedics,13,19-10-2041,Govt Health Center,New Delhi,52,209,0.68,0
Dr. Ravi Kumar,Orthopedics,14,20-10-2041,Govt Health Center,Kolkata,89,483,1.28,0
Dr. Ravi Kumar,Pediatrics,10,21-10-2041,Govt Health Center,Mumbai,28,447,1.79,0
Dr. Swati Desai,Dermatology,12,22-10-2041,City Hospital,Mumbai,77,322,1.31,0
Dr. Swati Desai,Orthopedics,8,23-10-2041,Govt Health Center,Mumbai,19,145,1.62,1
Dr. Anil Mehra,Dermatology,17,24-10-2041,Metro Hospital,New Delhi,31,79,1.32,1
Dr. Anil Mehra,Cardiology,12,25-10-2041,Govt Health Center,Mumbai,85,170,1.32,1
Dr. Swati Desai,Pediatrics,11,26-10-2041,Metro Hospital,Mumbai,75,416,0.93,0
Dr. Anil Mehra,Dermatology,8,27-10-2041,Govt Health Center,New Delhi,11,484,0.8,0
Dr. Swati Desai,Pediatrics,14,28-10-2041,Metro Hospital,Mumbai,27,403,0.92,0
Dr. Ravi Kumar,Orthopedics,8,29-10-2041,Govt Health Center,Chennai,89,239,1.16,1
Dr. Ravi Kumar,Cardiology,15,30-10-2041,Govt Health Center,Kolkata,28,201,1.71,1
Dr. Rohit Verma,Pediatrics,17,31-10-2041,Govt Health Center,Chennai,98,425,1.74,0
Dr. Ravi Kumar,Orthopedics,9,01-11-2041,Metro Hospital,Chennai,39,304,0.75,0
Dr. Swati Desai,Dermatology,17,02-11-2041,Metro Hospital,Chennai,15,240,1.33,1
Dr. Anil Mehra,Cardiology,12,03-11-2041,Govt Health Center,New Delhi,36,191,1.12,1
Dr. Rohit Verma,Cardiology,13,04-11-2041,Metro Hospital,Mumbai,24,295,1.36,1
Dr. Anil Mehra,Dermatology,16,05-11-2041,Metro Hospital,Chennai,40,83,1.47,1
Dr. Swati Desai,Dermatology,14,06-11-2041,City Hospital,Chennai,53,236,0.92,0
Dr. Ravi Kumar,Cardiology,13,07-11-2041,Govt Health Center,Mumbai,95,416,1.88,0
Dr. Rohit Verma,Pediatrics,12,08-11-2041,Metro Hospital,New Delhi,85,498,1.9,0
Dr. Swati Desai,Cardiology,13,09-11-2041,Metro Hospital,Chennai,19,135,0.66,0
Dr. Rohit Verma,Dermatology,11,10-11-2041,Metro Hospital,Mumbai,30,210,1.55,1
Dr. Rohit Verma,Pediatrics,8,11-11-2041,Metro Hospital,Mumbai,56,413,0.55,0
Dr. Ravi Kumar,Orthopedics,16,12-11-2041,City Hospital,Kolkata,64,167,0.57,0
Dr. Swati Desai,Cardiology,12,13-11-2041,Metro Hospital,Chennai,45,160,1.94,1
Dr. Anil Mehra,Dermatology,15,14-11-2041,Metro Hospital,Chennai,83,107,1.54,1
Dr. Rohit Verma,Orthopedics,14,15-11-2041,City Hospital,Kolkata,67,67,0.99,0
Dr. Rohit Verma,Cardiology,15,16-11-2041,Govt Health Center,Mumbai,28,416,1.5,0
Dr. Anil Mehra,Cardiology,8,17-11-2041,Govt Health Center,Mumbai,96,408,1.77,0
Dr. Swati Desai,Pediatrics,16,18-11-2041,City Hospital,Chennai,73,189,1.81,1
Dr. Rohit Verma,Dermatology,8,19-11-2041,Govt Health Center,Chennai,19,243,0.53,0
Dr. Rohit Verma,Orthopedics,10,20-11-2041,Govt Health Center,Kolkata,58,179,1.73,1
Dr. Rohit Verma,Cardiology,15,21-11-2041,City Hospital,Chennai,63,261,1.78,1
Dr. Swati Desai,Pediatrics,8,22-11-2041,Metro Hospital,Chennai,70,333,1.39,0
Dr. Swati Desai,Orthopedics,8,23-11-2041,City Hospital,New Delhi,68,169,1.22,1
Dr. Anil Mehra,Orthopedics,13,24-11-2041,City Hospital,Kolkata,11,428,0.67,0
Dr. Swati Desai,Cardiology,12,25-11-2041,City Hospital,Mumbai,84,91,0.86,0
Dr. Swati Desai,Orthopedics,13,26-11-2041,City Hospital,Chennai,17,52,1.24,1
Dr. Ravi Kumar,Cardiology,10,27-11-2041,City Hospital,Mumbai,28,481,1.8,0
Dr. Anil Mehra,Pediatrics,17,28-11-2041,Metro Hospital,Chennai,89,278,1.7,1
Dr. Rohit Verma,Pediatrics,17,29-11-2041,Govt Health Center,New Delhi,77,278,1.24,1
Dr. Swati Desai,Orthopedics,13,30-11-2041,City Hospital,Kolkata,23,392,1.68,0
Dr. Rohit Verma,Cardiology,9,01-12-2041,Metro Hospital,Kolkata,31,190,1.65,1
Dr. Rohit Verma,Dermatology,15,02-12-2041,City Hospital,Mumbai,26,106,1.37,1
Dr. Ravi Kumar,Pediatrics,13,03-12-2041,Metro Hospital,New Delhi,72,265,0.83,0
Dr. Swati Desai,Cardiology,11,04-12-2041,Govt Health Center,Mumbai,35,180,1.02,1
Dr. Anil Mehra,Cardiology,11,05-12-2041,Metro Hospital,New Delhi,45,163,0.75,0
Dr. Swati Desai,Cardiology,14,06-12-2041,Metro Hospital,Chennai,54,240,0.51,0
Dr. Rohit Verma,Orthopedics,10,07-12-2041,Govt Health Center,Chennai,39,292,0.62,0
Dr. Anil Mehra,Dermatology,10,08-12-2041,Govt Health Center,New Delhi,30,343,1.64,0
Dr. Swati Desai,Orthopedics,13,09-12-2041,Metro Hospital,Chennai,29,364,0.55,0
Dr. Rohit Verma,Pediatrics,16,10-12-2041,City Hospital,Kolkata,51,77,1.1,1
Dr. Rohit Verma,Orthopedics,8,11-12-2041,City Hospital,New Delhi,99,75,1.98,1
Dr. Ravi Kumar,Cardiology,12,12-12-2041,Govt Health Center,New Delhi,65,133,1.69,1
Dr. Ravi Kumar,Orthopedics,8,13-12-2041,City Hospital,Mumbai,21,396,1.63,0
Dr. Ravi Kumar,Cardiology,8,14-12-2041,Govt Health Center,New Delhi,17,370,0.91,0
Dr. Rohit Verma,Dermatology,10,15-12-2041,Metro Hospital,Mumbai,72,379,1.46,0
Dr. Swati Desai,Orthopedics,10,16-12-2041,Metro Hospital,New Delhi,65,251,1.25,1
Dr. Ravi Kumar,Orthopedics,11,17-12-2041,City Hospital,Kolkata,16,110,1.44,1
Dr. Swati Desai,Orthopedics,10,18-12-2041,Govt Health Center,Kolkata,71,234,1.15,1
Dr. Ravi Kumar,Cardiology,13,19-12-2041,City Hospital,Kolkata,70,295,1.3,1
Dr. Anil Mehra,Cardiology,11,20-12-2041,City Hospital,Mumbai,19,50,1.98,1
Dr. Anil Mehra,Orthopedics,15,21-12-2041,Metro Hospital,Mumbai,59,465,0.99,0
Dr. Ravi Kumar,Orthopedics,8,22-12-2041,City Hospital,Chennai,29,292,0.82,0
Dr. Rohit Verma,Dermatology,15,23-12-2041,Metro Hospital,Mumbai,37,81,1.17,1
Dr. Ravi Kumar,Dermatology,8,24-12-2041,Govt Health Center,Mumbai,23,284,1.29,1
Dr. Ravi Kumar,Pediatrics,8,25-12-2041,City Hospital,Kolkata,85,460,0.63,0
Dr. Rohit Verma,Dermatology,14,26-12-2041,Metro Hospital,New Delhi,17,446,1.71,0
Dr. Anil Mehra,Dermatology,8,27-12-2041,City Hospital,Mumbai,16,66,1.13,1
Dr. Swati Desai,Dermatology,16,28-12-2041,Govt Health Center,Chennai,14,461,1.12,0
Dr. Ravi Kumar,Cardiology,15,29-12-2041,City Hospital,New Delhi,10,138,1.49,1
Dr. Rohit Verma,Dermatology,8,30-12-2041,City Hospital,Mumbai,82,101,1.66,1
Dr. Ravi Kumar,Dermatology,9,31-12-2041,Metro Hospital,New Delhi,91,419,1.98,0
Dr. Rohit Verma,Orthopedics,9,01-01-2042,Govt Health Center,New Delhi,19,213,0.76,0
Dr. Swati Desai,Cardiology,9,02-01-2042,Govt Health Center,New Delhi,67,352,1.02,0
Dr. Swati Desai,Pediatrics,13,03-01-2042,Govt Health Center,New Delhi,74,499,0.75,0
Dr. Anil Mehra,Pediatrics,11,04-01-2042,City Hospital,New Delhi,69,465,1.82,0
Dr. Rohit Verma,Dermatology,15,05-01-2042,Metro Hospital,Mumbai,29,81,1.32,1
Dr. Rohit Verma,Pediatrics,8,06-01-2042,City Hospital,New Delhi,67,247,1.78,1
Dr. Anil Mehra,Pediatrics,17,07-01-2042,City Hospital,New Delhi,52,400,1.98,0
Dr. Anil Mehra,Pediatrics,11,08-01-2042,City Hospital,Chennai,38,428,1.33,0
Dr. Rohit Verma,Dermatology,17,09-01-2042,Govt Health Center,Chennai,11,488,0.68,0
Dr. Anil Mehra,Pediatrics,12,10-01-2042,Metro Hospital,New Delhi,35,250,1.04,1
Dr. Swati Desai,Dermatology,16,11-01-2042,Govt Health Center,Mumbai,84,156,0.55,0
Dr. Ravi Kumar,Orthopedics,12,12-01-2042,City Hospital,Chennai,98,433,1.77,0
Dr. Swati Desai,Orthopedics,10,13-01-2042,City Hospital,Chennai,68,385,0.53,0
Dr. Anil Mehra,Pediatrics,11,14-01-2042,Metro Hospital,New Delhi,10,394,1.39,0
Dr. Rohit Verma,Orthopedics,17,15-01-2042,Govt Health Center,Mumbai,40,345,0.66,0
Dr. Rohit Verma,Dermatology,14,16-01-2042,City Hospital,Kolkata,47,77,0.51,0
Dr. Swati Desai,Orthopedics,8,17-01-2042,City Hospital,Mumbai,31,386,0.88,0
Dr. Rohit Verma,Pediatrics,13,18-01-2042,Metro Hospital,Chennai,75,336,1.33,0
Dr. Anil Mehra,Dermatology,15,19-01-2042,City Hospital,Chennai,56,168,0.61,0
Dr. Swati Desai,Cardiology,8,20-01-2042,Govt Health Center,Chennai,10,392,1.42,0
Dr. Rohit Verma,Dermatology,15,21-01-2042,Govt Health Center,Chennai,97,80,1.51,1
Dr. Ravi Kumar,Orthopedics,14,22-01-2042,City Hospital,Chennai,59,203,1.95,1
Dr. Ravi Kumar,Cardiology,8,23-01-2042,City Hospital,New Delhi,45,309,1.85,0
Dr. Anil Mehra,Dermatology,16,24-01-2042,City Hospital,New Delhi,54,156,1.35,1
Dr. Rohit Verma,Cardiology,10,25-01-2042,Metro Hospital,New Delhi,45,300,1.69,0
Dr. Anil Mehra,Cardiology,9,26-01-2042,Metro Hospital,Chennai,43,412,1.05,0
Dr. Swati Desai,Cardiology,14,27-01-2042,Govt Health Center,New Delhi,18,156,1.38,1
Dr. Ravi Kumar,Dermatology,10,28-01-2042,Govt Health Center,Chennai,85,491,1.11,0
Dr. Swati Desai,Orthopedics,8,29-01-2042,City Hospital,Mumbai,93,166,1.01,1
Dr. Rohit Verma,Dermatology,17,30-01-2042,City Hospital,Kolkata,13,294,1.59,1
Dr. Anil Mehra,Orthopedics,10,31-01-2042,City Hospital,Mumbai,88,128,0.95,0
Dr. Anil Mehra,Dermatology,13,01-02-2042,Metro Hospital,Kolkata,72,278,1.07,1
Dr. Anil Mehra,Dermatology,10,02-02-2042,Metro Hospital,New Delhi,13,72,1.05,1
Dr. Swati Desai,Dermatology,12,03-02-2042,City Hospital,Kolkata,14,246,1.81,1
Dr. Ravi Kumar,Orthopedics,16,04-02-2042,City Hospital,Mumbai,19,410,0.76,0
Dr. Swati Desai,Dermatology,14,05-02-2042,Govt Health Center,Mumbai,53,237,1.07,1
Dr. Swati Desai,Cardiology,9,06-02-2042,Metro Hospital,Kolkata,49,476,1.83,0
Dr. Rohit Verma,Dermatology,8,07-02-2042,City Hospital,Mumbai,45,266,0.52,0
Dr. Rohit Verma,Cardiology,14,08-02-2042,Metro Hospital,New Delhi,44,296,1.92,1
Dr. Rohit Verma,Pediatrics,11,09-02-2042,City Hospital,Mumbai,68,203,1.85,1
Dr. Ravi Kumar,Pediatrics,14,10-02-2042,City Hospital,Kolkata,74,244,1.13,1
Dr. Ravi Kumar,Orthopedics,13,11-02-2042,Govt Health Center,New Delhi,91,165,1.48,1
Dr. Rohit Verma,Orthopedics,14,12-02-2042,Govt Health Center,Kolkata,40,245,1.99,1
Dr. Rohit Verma,Pediatrics,11,13-02-2042,Govt Health Center,Chennai,55,104,1.33,1
Dr. Ravi Kumar,Dermatology,10,14-02-2042,City Hospital,Chennai,58,224,0.65,0
Dr. Anil Mehra,Dermatology,12,15-02-2042,Govt Health Center,New Delhi,15,492,1.78,0
Dr. Ravi Kumar,Dermatology,10,16-02-2042,City Hospital,New Delhi,79,193,0.7,0
Dr. Ravi Kumar,Pediatrics,10,17-02-2042,Metro Hospital,Mumbai,28,363,0.89,0
Dr. Ravi Kumar,Cardiology,11,18-02-2042,Metro Hospital,Kolkata,51,412,1.81,0
Dr. Rohit Verma,Orthopedics,15,19-02-2042,City Hospital,Chennai,39,266,0.88,0
Dr. Anil Mehra,Cardiology,9,20-02-2042,Govt Health Center,Mumbai,35,306,1.62,0
Dr. Ravi Kumar,Pediatrics,11,21-02-2042,Govt Health Center,Chennai,12,176,1.17,1
Dr. Rohit Verma,Cardiology,10,22-02-2042,Metro Hospital,Mumbai,42,222,1.64,1
Dr. Swati Desai,Dermatology,14,23-02-2042,City Hospital,Mumbai,59,143,0.85,0
Dr. Swati Desai,Dermatology,9,24-02-2042,City Hospital,Chennai,40,439,1.13,0
Dr. Ravi Kumar,Cardiology,8,25-02-2042,City Hospital,Mumbai,93,268,0.98,0
Dr. Swati Desai,Pediatrics,17,26-02-2042,Metro Hospital,Chennai,77,101,0.87,0
Dr. Anil Mehra,Cardiology,8,27-02-2042,Metro Hospital,New Delhi,91,68,0.97,0
Dr. Swati Desai,Dermatology,13,28-02-2042,Govt Health Center,Kolkata,19,407,0.98,0
Dr. Swati Desai,Dermatology,10,01-03-2042,City Hospital,Mumbai,31,286,1.93,1
Dr. Anil Mehra,Pediatrics,14,02-03-2042,City Hospital,Chennai,72,220,1.3,1
Dr. Ravi Kumar,Cardiology,15,03-03-2042,City Hospital,Chennai,63,324,1.19,0
Dr. Ravi Kumar,Dermatology,12,04-03-2042,City Hospital,Kolkata,60,344,1.25,0
Dr. Anil Mehra,Dermatology,12,05-03-2042,Metro Hospital,Kolkata,90,413,1.99,0
Dr. Anil Mehra,Cardiology,9,06-03-2042,Govt Health Center,Kolkata,13,209,1.48,1
Dr. Anil Mehra,Cardiology,15,07-03-2042,Metro Hospital,Mumbai,46,289,1.56,1
Dr. Swati Desai,Orthopedics,17,08-03-2042,Govt Health Center,Chennai,80,114,0.97,0
Dr. Anil Mehra,Pediatrics,8,09-03-2042,City Hospital,Mumbai,72,266,1.21,1
Dr. Rohit Verma,Pediatrics,17,10-03-2042,City Hospital,Mumbai,60,96,0.78,0
Dr. Swati Desai,Cardiology,16,11-03-2042,City Hospital,New Delhi,17,446,1.53,0
Dr. Ravi Kumar,Pediatrics,8,12-03-2042,City Hospital,Kolkata,10,123,1.02,1
Dr. Ravi Kumar,Dermatology,8,13-03-2042,City Hospital,New Delhi,17,213,1.62,1
Dr. Ravi Kumar,Cardiology,8,14-03-2042,Metro Hospital,New Delhi,92,247,0.82,0
Dr. Swati Desai,Cardiology,14,15-03-2042,Govt Health Center,Mumbai,90,460,1.11,0
Dr. Rohit Verma,Cardiology,11,16-03-2042,Metro Hospital,Mumbai,64,377,1.21,0
Dr. Anil Mehra,Orthopedics,14,17-03-2042,City Hospital,Chennai,18,457,0.75,0
Dr. Anil Mehra,Pediatrics,12,18-03-2042,Govt Health Center,New Delhi,60,197,0.6,0
Dr. Ravi Kumar,Orthopedics,14,19-03-2042,Govt Health Center,Kolkata,25,135,0.98,0
Dr. Ravi Kumar,Dermatology,17,20-03-2042,City Hospital,New Delhi,62,58,1.32,1
Dr. Swati Desai,Pediatrics,14,21-03-2042,Govt Health Center,Chennai,68,302,1.48,0
Dr. Rohit Verma,Orthopedics,11,22-03-2042,Metro Hospital,New Delhi,54,281,1.14,1
Dr. Anil Mehra,Cardiology,9,23-03-2042,Metro Hospital,New Delhi,46,425,1.25,0
Dr. Swati Desai,Orthopedics,15,24-03-2042,Metro Hospital,New Delhi,75,472,1.31,0
Dr. Anil Mehra,Cardiology,9,25-03-2042,Metro Hospital,Chennai,73,296,1.27,1
Dr. Ravi Kumar,Orthopedics,16,26-03-2042,Govt Health Center,New Delhi,45,419,0.64,0
Dr. Anil Mehra,Orthopedics,12,27-03-2042,Metro Hospital,Mumbai,85,50,1.11,1
Dr. Rohit Verma,Orthopedics,16,28-03-2042,Govt Health Center,New Delhi,59,316,0.81,0
Dr. Rohit Verma,Cardiology,16,29-03-2042,City Hospital,Mumbai,62,154,1.3,1
Dr. Ravi Kumar,Orthopedics,15,30-03-2042,Metro Hospital,New Delhi,66,283,1.64,1
Dr. Rohit Verma,Pediatrics,15,31-03-2042,City Hospital,Mumbai,28,306,1.37,0
Dr. Rohit Verma,Pediatrics,11,01-04-2042,Metro Hospital,New Delhi,35,130,0.83,0
Dr. Swati Desai,Pediatrics,11,02-04-2042,City Hospital,Kolkata,77,172,0.81,0
Dr. Anil Mehra,Cardiology,9,03-04-2042,City Hospital,Mumbai,52,221,0.56,0
Dr. Ravi Kumar,Cardiology,11,04-04-2042,City Hospital,Kolkata,67,356,1.14,0
Dr. Ravi Kumar,Pediatrics,11,05-04-2042,City Hospital,Mumbai,86,322,1.15,0
Dr. Ravi Kumar,Pediatrics,13,06-04-2042,City Hospital,New Delhi,68,408,0.85,0
Dr. Ravi Kumar,Pediatrics,10,07-04-2042,Govt Health Center,Chennai,55,296,1.65,1
Dr. Ravi Kumar,Dermatology,9,08-04-2042,Govt Health Center,New Delhi,77,412,1.08,0
Dr. Rohit Verma,Pediatrics,15,09-04-2042,Metro Hospital,Chennai,49,425,1.5,0
Dr. Swati Desai,Orthopedics,9,10-04-2042,Govt Health Center,Kolkata,22,243,1.46,1
Dr. Ravi Kumar,Dermatology,15,11-04-2042,City Hospital,Chennai,18,161,1.41,1
Dr. Swati Desai,Dermatology,14,12-04-2042,Govt Health Center,Chennai,75,72,1.86,1
Dr. Swati Desai,Cardiology,10,13-04-2042,Govt Health Center,Chennai,62,474,0.52,0
Dr. Rohit Verma,Orthopedics,13,14-04-2042,City Hospital,Chennai,85,431,0.6,0
Dr. Ravi Kumar,Cardiology,13,15-04-2042,Govt Health Center,Kolkata,90,364,1.58,0
Dr. Rohit Verma,Cardiology,17,16-04-2042,City Hospital,Chennai,13,251,1.03,1
Dr. Ravi Kumar,Orthopedics,12,17-04-2042,Govt Health Center,New Delhi,23,155,1.98,1
Dr. Rohit Verma,Cardiology,15,18-04-2042,City Hospital,Mumbai,94,143,0.82,0
Dr. Swati Desai,Orthopedics,12,19-04-2042,Metro Hospital,Mumbai,17,74,0.78,0
Dr. Ravi Kumar,Orthopedics,14,20-04-2042,Govt Health Center,New Delhi,71,194,1.38,1
Dr. Anil Mehra,Cardiology,13,21-04-2042,Metro Hospital,Kolkata,54,415,0.92,0
Dr. Swati Desai,Pediatrics,14,22-04-2042,City Hospital,New Delhi,76,68,1.01,1
Dr. Anil Mehra,Cardiology,16,23-04-2042,City Hospital,New Delhi,71,259,1.88,1
Dr. Swati Desai,Dermatology,10,24-04-2042,Metro Hospital,Chennai,87,131,0.54,0
Dr. Rohit Verma,Cardiology,17,25-04-2042,City Hospital,Chennai,92,95,1.3,1
Dr. Ravi Kumar,Orthopedics,14,26-04-2042,City Hospital,Kolkata,79,84,1,0
Dr. Swati Desai,Dermatology,17,27-04-2042,City Hospital,Kolkata,45,251,1.02,1
Dr. Rohit Verma,Orthopedics,10,28-04-2042,City Hospital,Mumbai,93,72,0.87,0
Dr. Ravi Kumar,Pediatrics,9,29-04-2042,City Hospital,Kolkata,10,414,0.7,0
Dr. Ravi Kumar,Pediatrics,14,30-04-2042,City Hospital,New Delhi,69,349,0.55,0
Dr. Swati Desai,Dermatology,11,01-05-2042,City Hospital,Mumbai,83,314,1.98,0
Dr. Ravi Kumar,Pediatrics,8,02-05-2042,City Hospital,Mumbai,22,465,1.49,0
Dr. Swati Desai,Pediatrics,13,03-05-2042,Metro Hospital,Chennai,21,395,1.67,0
Dr. Ravi Kumar,Cardiology,13,04-05-2042,Govt Health Center,Chennai,84,398,0.6,0
Dr. Anil Mehra,Cardiology,13,05-05-2042,City Hospital,Mumbai,26,236,0.52,0
Dr. Rohit Verma,Pediatrics,9,06-05-2042,Metro Hospital,Chennai,56,347,1.4,0
Dr. Anil Mehra,Pediatrics,8,07-05-2042,City Hospital,Chennai,62,239,1.59,1
Dr. Swati Desai,Cardiology,10,08-05-2042,Govt Health Center,Chennai,76,452,1.09,0
Dr. Anil Mehra,Pediatrics,9,09-05-2042,City Hospital,Mumbai,19,289,1.08,1
Dr. Swati Desai,Pediatrics,13,10-05-2042,Metro Hospital,Mumbai,55,398,1.08,0
Dr. Ravi Kumar,Orthopedics,13,11-05-2042,Metro Hospital,Mumbai,92,422,0.73,0
Dr. Ravi Kumar,Pediatrics,12,12-05-2042,Govt Health Center,New Delhi,13,176,1.63,1
Dr. Swati Desai,Dermatology,17,13-05-2042,City Hospital,Mumbai,66,340,0.82,0
Dr. Anil Mehra,Orthopedics,17,14-05-2042,Metro Hospital,Chennai,47,441,0.99,0
Dr. Ravi Kumar,Dermatology,12,15-05-2042,Govt Health Center,Mumbai,21,160,1.51,1
Dr. Rohit Verma,Pediatrics,16,16-05-2042,Govt Health Center,New Delhi,40,92,0.5,0
Dr. Ravi Kumar,Cardiology,12,17-05-2042,City Hospital,Chennai,11,350,1.65,0
Dr. Rohit Verma,Orthopedics,17,18-05-2042,Metro Hospital,Kolkata,10,183,1.85,1
Dr. Anil Mehra,Cardiology,13,19-05-2042,City Hospital,Mumbai,90,62,0.58,0
Dr. Rohit Verma,Orthopedics,11,20-05-2042,City Hospital,Mumbai,34,60,1.39,1
Dr. Rohit Verma,Cardiology,17,21-05-2042,City Hospital,Kolkata,14,151,1.11,1
Dr. Rohit Verma,Orthopedics,8,22-05-2042,Metro Hospital,Chennai,57,246,0.62,0
Dr. Rohit Verma,Orthopedics,11,23-05-2042,Govt Health Center,Mumbai,23,440,1.52,0
Dr. Ravi Kumar,Dermatology,9,24-05-2042,City Hospital,New Delhi,61,104,1.42,1
Dr. Rohit Verma,Cardiology,17,25-05-2042,City Hospital,Chennai,83,232,1.46,1
Dr. Ravi Kumar,Dermatology,10,26-05-2042,Metro Hospital,Mumbai,30,68,1.72,1
Dr. Rohit Verma,Dermatology,14,27-05-2042,City Hospital,Chennai,34,412,0.93,0
Dr. Swati Desai,Cardiology,14,28-05-2042,Govt Health Center,Mumbai,76,311,1.52,0
Dr. Anil Mehra,Orthopedics,8,29-05-2042,City Hospital,Kolkata,91,58,1.61,1
Dr. Rohit Verma,Dermatology,15,30-05-2042,Govt Health Center,Mumbai,59,197,0.75,0
Dr. Swati Desai,Cardiology,14,31-05-2042,City Hospital,Chennai,42,74,1.94,1
Dr. Rohit Verma,Orthopedics,8,01-06-2042,City Hospital,Mumbai,26,355,1.01,0
Dr. Rohit Verma,Dermatology,15,02-06-2042,City Hospital,Mumbai,79,121,1.57,1
Dr. Rohit Verma,Dermatology,9,03-06-2042,Govt Health Center,Chennai,43,483,1.63,0
Dr. Swati Desai,Dermatology,15,04-06-2042,City Hospital,Mumbai,35,471,1.26,0
Dr. Anil Mehra,Orthopedics,10,05-06-2042,City Hospital,Mumbai,51,371,0.69,0
Dr. Swati Desai,Dermatology,17,06-06-2042,City Hospital,Chennai,40,106,0.91,0
Dr. Anil Mehra,Orthopedics,14,07-06-2042,Govt Health Center,Kolkata,60,71,0.85,0
Dr. Rohit Verma,Pediatrics,13,08-06-2042,City Hospital,New Delhi,45,361,1.28,0
Dr. Ravi Kumar,Dermatology,12,09-06-2042,Metro Hospital,New Delhi,22,85,0.89,0
Dr. Rohit Verma,Pediatrics,17,10-06-2042,Govt Health Center,New Delhi,94,228,1.32,1
Dr. Anil Mehra,Cardiology,9,11-06-2042,Metro Hospital,New Delhi,99,117,0.93,0
Dr. Swati Desai,Dermatology,9,12-06-2042,City Hospital,New Delhi,89,50,0.5,0
Dr. Rohit Verma,Cardiology,8,13-06-2042,Govt Health Center,New Delhi,22,97,1.04,1
Dr. Swati Desai,Cardiology,16,14-06-2042,Govt Health Center,Chennai,41,466,1.41,0
Dr. Swati Desai,Cardiology,15,15-06-2042,City Hospital,Chennai,14,201,1.66,1
Dr. Swati Desai,Pediatrics,15,16-06-2042,Metro Hospital,Chennai,21,482,0.54,0
Dr. Rohit Verma,Orthopedics,8,17-06-2042,Govt Health Center,Mumbai,68,246,0.89,0
Dr. Swati Desai,Pediatrics,12,18-06-2042,Govt Health Center,Kolkata,50,107,1.98,1
Dr. Swati Desai,Pediatrics,13,19-06-2042,Govt Health Center,Kolkata,46,97,0.89,0
Dr. Rohit Verma,Cardiology,9,20-06-2042,Govt Health Center,New Delhi,77,490,1.67,0
Dr. Swati Desai,Dermatology,17,21-06-2042,Govt Health Center,New Delhi,57,497,1.26,0
Dr. Rohit Verma,Orthopedics,12,22-06-2042,City Hospital,Chennai,52,404,0.68,0
Dr. Anil Mehra,Cardiology,13,23-06-2042,Govt Health Center,Kolkata,50,283,1.47,1
Dr. Anil Mehra,Orthopedics,16,24-06-2042,Metro Hospital,Mumbai,65,486,1.95,0
Dr. Anil Mehra,Pediatrics,17,25-06-2042,Govt Health Center,Mumbai,78,237,1.83,1
Dr. Swati Desai,Orthopedics,8,26-06-2042,City Hospital,Chennai,20,431,1.54,0
Dr. Ravi Kumar,Orthopedics,17,27-06-2042,City Hospital,New Delhi,18,163,1.27,1
Dr. Ravi Kumar,Dermatology,10,28-06-2042,Metro Hospital,Kolkata,37,139,0.98,0
Dr. Swati Desai,Cardiology,16,29-06-2042,Govt Health Center,Mumbai,31,418,1.04,0
Dr. Ravi Kumar,Orthopedics,8,30-06-2042,Metro Hospital,New Delhi,84,476,1.02,0
Dr. Rohit Verma,Orthopedics,8,01-07-2042,Metro Hospital,Kolkata,94,218,1.88,1
Dr. Ravi Kumar,Pediatrics,8,02-07-2042,Metro Hospital,Mumbai,15,412,0.82,0
Dr. Swati Desai,Pediatrics,14,03-07-2042,Metro Hospital,New Delhi,35,459,1.07,0
Dr. Swati Desai,Orthopedics,12,04-07-2042,Govt Health Center,Mumbai,25,492,1.15,0
Dr. Rohit Verma,Cardiology,13,05-07-2042,City Hospital,New Delhi,23,410,1.11,0
Dr. Anil Mehra,Orthopedics,15,06-07-2042,City Hospital,New Delhi,44,226,0.51,0
Dr. Swati Desai,Orthopedics,9,07-07-2042,Govt Health Center,New Delhi,51,241,0.91,0
Dr. Rohit Verma,Dermatology,9,08-07-2042,Metro Hospital,Kolkata,62,182,1.25,1
Dr. Ravi Kumar,Cardiology,10,09-07-2042,Govt Health Center,Chennai,31,221,1.64,1
Dr. Ravi Kumar,Dermatology,10,10-07-2042,Metro Hospital,New Delhi,62,67,1.35,1
Dr. Rohit Verma,Cardiology,10,11-07-2042,Metro Hospital,New Delhi,75,300,1.08,0
Dr. Rohit Verma,Cardiology,11,12-07-2042,Govt Health Center,Mumbai,22,490,1.5,0
Dr. Swati Desai,Cardiology,10,13-07-2042,Govt Health Center,Mumbai,20,161,1.5,1
Dr. Ravi Kumar,Dermatology,9,14-07-2042,Metro Hospital,Kolkata,21,89,0.87,0
Dr. Rohit Verma,Dermatology,16,15-07-2042,Metro Hospital,Chennai,95,151,0.66,0
Dr. Ravi Kumar,Dermatology,13,16-07-2042,Metro Hospital,Mumbai,62,418,1.7,0
Dr. Rohit Verma,Pediatrics,10,17-07-2042,Metro Hospital,Kolkata,18,223,1.29,1
Dr. Ravi Kumar,Dermatology,16,18-07-2042,Govt Health Center,Kolkata,80,363,0.76,0
Dr. Anil Mehra,Pediatrics,11,19-07-2042,City Hospital,Kolkata,26,390,0.89,0
Dr. Swati Desai,Pediatrics,11,20-07-2042,City Hospital,New Delhi,70,457,1.65,0
Dr. Ravi Kumar,Pediatrics,15,21-07-2042,Metro Hospital,Chennai,19,461,1.48,0
Dr. Anil Mehra,Orthopedics,14,22-07-2042,City Hospital,Chennai,47,351,1.92,0
Dr. Ravi Kumar,Orthopedics,14,23-07-2042,City Hospital,Chennai,48,245,1.2,1
Dr. Ravi Kumar,Orthopedics,17,24-07-2042,City Hospital,New Delhi,98,121,0.58,0
Dr. Anil Mehra,Pediatrics,14,25-07-2042,City Hospital,New Delhi,39,231,1.55,1
Dr. Ravi Kumar,Pediatrics,17,26-07-2042,City Hospital,Mumbai,43,290,0.88,0
Dr. Ravi Kumar,Cardiology,12,27-07-2042,City Hospital,Mumbai,42,338,0.99,0
Dr. Swati Desai,Pediatrics,14,28-07-2042,Metro Hospital,Mumbai,41,372,0.79,0
Dr. Anil Mehra,Orthopedics,11,29-07-2042,Metro Hospital,Kolkata,21,162,0.96,0
Dr. Anil Mehra,Pediatrics,15,30-07-2042,Metro Hospital,Chennai,96,389,1.74,0
Dr. Rohit Verma,Pediatrics,16,31-07-2042,Govt Health Center,New Delhi,74,212,1.37,1
Dr. Ravi Kumar,Cardiology,10,01-08-2042,City Hospital,Mumbai,93,88,0.66,0
Dr. Swati Desai,Pediatrics,14,02-08-2042,City Hospital,Kolkata,19,284,1.38,1
Dr. Ravi Kumar,Dermatology,17,03-08-2042,Govt Health Center,New Delhi,28,480,1.45,0
Dr. Ravi Kumar,Cardiology,16,04-08-2042,City Hospital,Kolkata,32,120,1.83,1
Dr. Rohit Verma,Pediatrics,8,05-08-2042,Metro Hospital,Kolkata,94,268,1.79,1
Dr. Ravi Kumar,Pediatrics,9,06-08-2042,Metro Hospital,Kolkata,66,54,0.59,0
Dr. Swati Desai,Cardiology,14,07-08-2042,Govt Health Center,Chennai,68,290,1.8,1
Dr. Swati Desai,Pediatrics,9,08-08-2042,Metro Hospital,New Delhi,63,214,0.58,0
Dr. Rohit Verma,Orthopedics,14,09-08-2042,Govt Health Center,New Delhi,83,50,0.73,0
Dr. Ravi Kumar,Dermatology,8,10-08-2042,Metro Hospital,Kolkata,11,430,0.67,0
Dr. Swati Desai,Dermatology,10,11-08-2042,City Hospital,Chennai,57,233,0.77,0
Dr. Ravi Kumar,Orthopedics,12,12-08-2042,Metro Hospital,Kolkata,15,440,1.7,0
Dr. Ravi Kumar,Pediatrics,13,13-08-2042,Govt Health Center,Mumbai,52,418,1.53,0
Dr. Ravi Kumar,Pediatrics,16,14-08-2042,City Hospital,New Delhi,26,497,1.53,0
Dr. Rohit Verma,Dermatology,16,15-08-2042,Govt Health Center,New Delhi,88,57,1.88,1
Dr. Ravi Kumar,Pediatrics,10,16-08-2042,City Hospital,Chennai,45,157,1.09,1
Dr. Swati Desai,Dermatology,15,17-08-2042,City Hospital,New Delhi,33,431,0.5,0
Dr. Ravi Kumar,Dermatology,11,18-08-2042,Metro Hospital,New Delhi,70,431,1.46,0
Dr. Swati Desai,Orthopedics,14,19-08-2042,Metro Hospital,New Delhi,38,497,1.8,0
Dr. Ravi Kumar,Dermatology,13,20-08-2042,City Hospital,Chennai,87,234,1.96,1
Dr. Swati Desai,Pediatrics,15,21-08-2042,Metro Hospital,Kolkata,67,333,1.05,0
Dr. Swati Desai,Pediatrics,13,22-08-2042,Metro Hospital,New Delhi,75,203,1.73,1
Dr. Ravi Kumar,Cardiology,11,23-08-2042,Govt Health Center,Kolkata,95,83,1.77,1
Dr. Ravi Kumar,Pediatrics,9,24-08-2042,Metro Hospital,Chennai,62,401,0.72,0
Dr. Swati Desai,Cardiology,14,25-08-2042,City Hospital,Kolkata,79,71,1.45,1
Dr. Anil Mehra,Dermatology,11,26-08-2042,Metro Hospital,Mumbai,18,429,0.76,0
Dr. Rohit Verma,Pediatrics,16,27-08-2042,City Hospital,New Delhi,85,197,1.17,1
Dr. Anil Mehra,Orthopedics,16,28-08-2042,City Hospital,Chennai,51,447,1.82,0
Dr. Anil Mehra,Orthopedics,14,29-08-2042,Govt Health Center,Chennai,48,200,1.68,1
Dr. Ravi Kumar,Orthopedics,12,30-08-2042,City Hospital,Kolkata,78,116,1.36,1
Dr. Rohit Verma,Dermatology,10,31-08-2042,City Hospital,New Delhi,49,452,1.71,0
Dr. Anil Mehra,Dermatology,10,01-09-2042,Govt Health Center,Chennai,68,127,0.73,0
Dr. Ravi Kumar,Cardiology,16,02-09-2042,City Hospital,Mumbai,53,281,0.79,0
Dr. Anil Mehra,Orthopedics,16,03-09-2042,Govt Health Center,Kolkata,74,88,0.81,0
Dr. Anil Mehra,Cardiology,11,04-09-2042,City Hospital,Mumbai,83,214,1.66,1
Dr. Ravi Kumar,Cardiology,8,05-09-2042,Metro Hospital,Mumbai,20,148,1.84,1
Dr. Ravi Kumar,Pediatrics,17,06-09-2042,Govt Health Center,Kolkata,96,178,1.34,1
Dr. Ravi Kumar,Pediatrics,12,07-09-2042,Govt Health Center,Mumbai,93,68,1.94,1
Dr. Rohit Verma,Orthopedics,15,08-09-2042,City Hospital,Kolkata,14,320,1.59,0
Dr. Anil Mehra,Dermatology,17,09-09-2042,Govt Health Center,Kolkata,86,50,1.35,1
Dr. Ravi Kumar,Pediatrics,11,10-09-2042,City Hospital,Chennai,83,336,1.42,0
Dr. Swati Desai,Dermatology,17,11-09-2042,Govt Health Center,Chennai,58,229,1.77,1
Dr. Anil Mehra,Cardiology,17,12-09-2042,Govt Health Center,Mumbai,60,476,0.64,0
Dr. Swati Desai,Cardiology,11,13-09-2042,Metro Hospital,Mumbai,45,305,0.75,0
Dr. Rohit Verma,Cardiology,16,14-09-2042,City Hospital,Mumbai,25,223,0.9,0
Dr. Ravi Kumar,Cardiology,16,15-09-2042,Metro Hospital,Mumbai,16,391,1.84,0
Dr. Swati Desai,Orthopedics,14,16-09-2042,Govt Health Center,Mumbai,98,99,1.92,1
Dr. Rohit Verma,Cardiology,17,17-09-2042,City Hospital,Chennai,53,69,1.03,1
Dr. Ravi Kumar,Pediatrics,15,18-09-2042,Metro Hospital,Mumbai,35,154,1.89,1
Dr. Swati Desai,Cardiology,11,19-09-2042,Govt Health Center,Mumbai,45,239,1.32,1
Dr. Swati Desai,Dermatology,15,20-09-2042,Metro Hospital,New Delhi,62,288,1.21,1
Dr. Rohit Verma,Pediatrics,13,21-09-2042,Govt Health Center,Kolkata,53,92,1.75,1
Dr. Ravi Kumar,Dermatology,10,22-09-2042,Govt Health Center,Kolkata,21,54,1.32,1
Dr. Ravi Kumar,Dermatology,14,23-09-2042,City Hospital,Chennai,99,297,1.18,1
Dr. Swati Desai,Orthopedics,10,24-09-2042,City Hospital,Kolkata,77,115,0.52,0
Dr. Swati Desai,Orthopedics,14,25-09-2042,City Hospital,Mumbai,32,445,0.52,0
Dr. Swati Desai,Dermatology,12,26-09-2042,Govt Health Center,Kolkata,97,300,1.44,0
Dr. Ravi Kumar,Dermatology,11,27-09-2042,Metro Hospital,Chennai,39,177,0.61,0
Dr. Rohit Verma,Cardiology,10,28-09-2042,City Hospital,Kolkata,72,234,1.61,1
Dr. Rohit Verma,Pediatrics,15,29-09-2042,City Hospital,Kolkata,12,237,1.43,1
Dr. Ravi Kumar,Cardiology,11,30-09-2042,City Hospital,New Delhi,89,232,1.19,1
Dr. Anil Mehra,Orthopedics,15,01-10-2042,City Hospital,New Delhi,43,120,1.56,1
Dr. Rohit Verma,Orthopedics,17,02-10-2042,Govt Health Center,Mumbai,58,115,1.99,1
Dr. Swati Desai,Cardiology,10,03-10-2042,Metro Hospital,Kolkata,53,378,0.87,0
Dr. Anil Mehra,Pediatrics,17,04-10-2042,Govt Health Center,Mumbai,50,299,1.34,1
Dr. Anil Mehra,Dermatology,16,05-10-2042,Govt Health Center,Kolkata,57,204,1.76,1
Dr. Rohit Verma,Cardiology,13,06-10-2042,Govt Health Center,Mumbai,80,461,0.53,0
Dr. Anil Mehra,Orthopedics,12,07-10-2042,City Hospital,Mumbai,17,470,0.81,0
Dr. Anil Mehra,Pediatrics,12,08-10-2042,Metro Hospital,Kolkata,16,128,1.28,1
Dr. Rohit Verma,Orthopedics,10,09-10-2042,Govt Health Center,New Delhi,46,68,1.33,1
Dr. Rohit Verma,Pediatrics,9,10-10-2042,Govt Health Center,Chennai,64,484,0.63,0
Dr. Anil Mehra,Pediatrics,13,11-10-2042,Govt Health Center,Mumbai,80,318,1.11,0
Dr. Swati Desai,Pediatrics,8,12-10-2042,City Hospital,Chennai,59,94,1.28,1
Dr. Ravi Kumar,Cardiology,14,13-10-2042,City Hospital,Kolkata,91,311,1.13,0
Dr. Anil Mehra,Cardiology,12,14-10-2042,Govt Health Center,Mumbai,30,271,1.55,1
Dr. Anil Mehra,Cardiology,11,15-10-2042,City Hospital,Kolkata,43,178,1.66,1
Dr. Swati Desai,Pediatrics,16,16-10-2042,Metro Hospital,Mumbai,58,155,1.19,1
Dr. Anil Mehra,Pediatrics,17,17-10-2042,City Hospital,New Delhi,36,300,1.14,0
Dr. Anil Mehra,Orthopedics,8,18-10-2042,Govt Health Center,Mumbai,17,170,1.56,1
Dr. Ravi Kumar,Dermatology,11,19-10-2042,Metro Hospital,Mumbai,43,279,1.33,1
Dr. Ravi Kumar,Cardiology,10,20-10-2042,City Hospital,Mumbai,27,330,1.81,0
Dr. Ravi Kumar,Pediatrics,13,21-10-2042,Govt Health Center,Kolkata,60,276,1.22,1
Dr. Rohit Verma,Orthopedics,12,22-10-2042,Metro Hospital,New Delhi,21,459,1.36,0
Dr. Rohit Verma,Orthopedics,14,23-10-2042,Metro Hospital,Kolkata,95,446,0.69,0
Dr. Ravi Kumar,Orthopedics,8,24-10-2042,Metro Hospital,Chennai,60,324,1.75,0
Dr. Ravi Kumar,Cardiology,12,25-10-2042,City Hospital,New Delhi,72,187,1.13,1
Dr. Rohit Verma,Cardiology,9,26-10-2042,Metro Hospital,Mumbai,49,222,1.58,1
Dr. Swati Desai,Dermatology,9,27-10-2042,City Hospital,Mumbai,31,376,1.14,0
Dr. Anil Mehra,Orthopedics,9,28-10-2042,Govt Health Center,Mumbai,17,320,0.5,0
Dr. Anil Mehra,Cardiology,16,29-10-2042,City Hospital,Chennai,37,264,1.1,1
Dr. Ravi Kumar,Orthopedics,17,30-10-2042,City Hospital,Chennai,59,277,0.72,0
Dr. Swati Desai,Pediatrics,10,31-10-2042,Govt Health Center,Mumbai,56,156,1.1,1
Dr. Rohit Verma,Orthopedics,11,01-11-2042,City Hospital,Mumbai,65,208,0.98,0
Dr. Ravi Kumar,Dermatology,12,02-11-2042,City Hospital,Chennai,41,431,0.8,0
Dr. Swati Desai,Cardiology,11,03-11-2042,Govt Health Center,Kolkata,20,185,0.69,0
Dr. Swati Desai,Pediatrics,11,04-11-2042,Metro Hospital,New Delhi,30,300,1.59,0
Dr. Swati Desai,Cardiology,12,05-11-2042,Govt Health Center,New Delhi,35,79,1.63,1
Dr. Rohit Verma,Pediatrics,17,06-11-2042,Metro Hospital,Chennai,23,147,0.9,0
Dr. Rohit Verma,Orthopedics,16,07-11-2042,City Hospital,Chennai,88,146,1.24,1
Dr. Anil Mehra,Orthopedics,16,08-11-2042,Govt Health Center,Kolkata,23,306,1.2,0
Dr. Anil Mehra,Dermatology,13,09-11-2042,Metro Hospital,Mumbai,85,321,1.03,0
Dr. Swati Desai,Dermatology,10,10-11-2042,City Hospital,Chennai,12,419,0.92,0
Dr. Swati Desai,Pediatrics,13,11-11-2042,City Hospital,Kolkata,66,60,0.78,0
Dr. Rohit Verma,Dermatology,17,12-11-2042,City Hospital,Chennai,16,460,1.81,0
Dr. Anil Mehra,Dermatology,11,13-11-2042,Metro Hospital,Mumbai,48,391,1.75,0
Dr. Swati Desai,Dermatology,10,14-11-2042,Metro Hospital,Chennai,66,217,1.13,1
Dr. Anil Mehra,Dermatology,13,15-11-2042,Metro Hospital,Mumbai,74,260,1.58,1
Dr. Anil Mehra,Orthopedics,13,16-11-2042,City Hospital,Kolkata,34,221,1.25,1
Dr. Swati Desai,Dermatology,9,17-11-2042,Metro Hospital,New Delhi,40,375,0.63,0
Dr. Rohit Verma,Orthopedics,16,18-11-2042,Govt Health Center,Kolkata,95,169,1.73,1
Dr. Swati Desai,Orthopedics,15,19-11-2042,Metro Hospital,New Delhi,19,234,0.83,0
Dr. Swati Desai,Cardiology,13,20-11-2042,Metro Hospital,Kolkata,91,481,1.56,0
Dr. Anil Mehra,Orthopedics,8,21-11-2042,City Hospital,New Delhi,86,473,1.29,0
Dr. Swati Desai,Orthopedics,9,22-11-2042,Govt Health Center,Kolkata,81,88,1.54,1
Dr. Rohit Verma,Dermatology,11,23-11-2042,Govt Health Center,Mumbai,18,436,1.21,0
Dr. Swati Desai,Orthopedics,14,24-11-2042,Govt Health Center,New Delhi,88,488,1.55,0
Dr. Rohit Verma,Pediatrics,16,25-11-2042,Metro Hospital,New Delhi,17,306,0.55,0
Dr. Rohit Verma,Dermatology,17,26-11-2042,City Hospital,Mumbai,28,328,0.56,0
Dr. Anil Mehra,Dermatology,12,27-11-2042,Metro Hospital,Mumbai,39,279,1.84,1
Dr. Ravi Kumar,Dermatology,17,28-11-2042,City Hospital,New Delhi,18,495,1.62,0
Dr. Ravi Kumar,Cardiology,9,29-11-2042,Govt Health Center,New Delhi,92,164,1.74,1
Dr. Anil Mehra,Dermatology,8,30-11-2042,Metro Hospital,New Delhi,56,467,1.18,0
Dr. Swati Desai,Orthopedics,17,01-12-2042,City Hospital,Chennai,55,450,1.19,0
Dr. Anil Mehra,Pediatrics,8,02-12-2042,Metro Hospital,Kolkata,99,353,1.3,0
Dr. Rohit Verma,Dermatology,12,03-12-2042,City Hospital,Mumbai,10,140,0.87,0
Dr. Ravi Kumar,Dermatology,14,04-12-2042,Govt Health Center,Mumbai,12,358,1.6,0
Dr. Anil Mehra,Pediatrics,16,05-12-2042,Metro Hospital,Kolkata,43,110,1.74,1
Dr. Swati Desai,Dermatology,16,06-12-2042,Govt Health Center,Mumbai,34,152,1.86,1
Dr. Anil Mehra,Cardiology,15,07-12-2042,Metro Hospital,Mumbai,39,264,1.28,1
Dr. Ravi Kumar,Orthopedics,8,08-12-2042,Metro Hospital,New Delhi,10,151,1.12,1
Dr. Anil Mehra,Pediatrics,12,09-12-2042,City Hospital,Mumbai,27,444,1.75,0
Dr. Anil Mehra,Pediatrics,13,10-12-2042,City Hospital,Chennai,42,192,1.63,1
Dr. Ravi Kumar,Cardiology,13,11-12-2042,City Hospital,Chennai,18,139,1.8,1
Dr. Rohit Verma,Orthopedics,11,12-12-2042,Govt Health Center,New Delhi,16,167,1.48,1
Dr. Rohit Verma,Cardiology,8,13-12-2042,Govt Health Center,New Delhi,39,188,1.82,1
Dr. Ravi Kumar,Orthopedics,10,14-12-2042,Metro Hospital,Mumbai,86,440,0.63,0
Dr. Anil Mehra,Cardiology,17,15-12-2042,City Hospital,New Delhi,90,352,1.52,0
Dr. Ravi Kumar,Dermatology,11,16-12-2042,Govt Health Center,New Delhi,22,289,0.63,0
Dr. Rohit Verma,Cardiology,11,17-12-2042,Metro Hospital,Kolkata,22,185,1.62,1
Dr. Swati Desai,Pediatrics,11,18-12-2042,Govt Health Center,New Delhi,51,54,1.44,1
Dr. Anil Mehra,Pediatrics,12,19-12-2042,Metro Hospital,Chennai,83,258,0.52,0
Dr. Rohit Verma,Pediatrics,16,20-12-2042,City Hospital,Mumbai,87,136,1.4,1
Dr. Anil Mehra,Cardiology,11,21-12-2042,Metro Hospital,New Delhi,72,499,0.72,0
Dr. Ravi Kumar,Pediatrics,16,22-12-2042,Metro Hospital,Kolkata,78,396,0.71,0
Dr. Swati Desai,Pediatrics,16,23-12-2042,City Hospital,Mumbai,45,368,0.73,0
Dr. Ravi Kumar,Dermatology,8,24-12-2042,City Hospital,Mumbai,44,326,1.23,0
Dr. Swati Desai,Dermatology,12,25-12-2042,Metro Hospital,Mumbai,55,424,0.67,0
Dr. Anil Mehra,Orthopedics,16,26-12-2042,Govt Health Center,Kolkata,54,170,0.69,0
Dr. Anil Mehra,Orthopedics,11,27-12-2042,City Hospital,Chennai,65,294,0.88,0
Dr. Ravi Kumar,Orthopedics,12,28-12-2042,Metro Hospital,Kolkata,96,407,0.5,0
Dr. Swati Desai,Cardiology,11,29-12-2042,City Hospital,Kolkata,14,139,0.91,0
Dr. Swati Desai,Orthopedics,9,30-12-2042,City Hospital,Mumbai,53,189,1.43,1
Dr. Anil Mehra,Cardiology,17,31-12-2042,Govt Health Center,Kolkata,37,161,1.4,1
Dr. Ravi Kumar,Cardiology,9,01-01-2043,City Hospital,Mumbai,96,444,1.95,0
Dr. Swati Desai,Orthopedics,9,02-01-2043,Metro Hospital,New Delhi,51,487,0.68,0
Dr. Anil Mehra,Orthopedics,8,03-01-2043,Metro Hospital,New Delhi,40,443,1.8,0
Dr. Rohit Verma,Cardiology,10,04-01-2043,City Hospital,Kolkata,16,424,1.09,0
Dr. Ravi Kumar,Dermatology,17,05-01-2043,City Hospital,Chennai,16,289,1.08,1
Dr. Rohit Verma,Pediatrics,8,06-01-2043,Govt Health Center,Mumbai,13,321,1.02,0
Dr. Ravi Kumar,Pediatrics,11,07-01-2043,Govt Health Center,Kolkata,41,192,0.69,0
Dr. Anil Mehra,Pediatrics,8,08-01-2043,Govt Health Center,Kolkata,37,491,1.22,0
Dr. Swati Desai,Dermatology,11,09-01-2043,Metro Hospital,Chennai,65,256,1.68,1
Dr. Swati Desai,Cardiology,10,10-01-2043,Govt Health Center,Mumbai,13,168,1.81,1
Dr. Swati Desai,Orthopedics,16,11-01-2043,Metro Hospital,Kolkata,17,133,1.94,1
Dr. Ravi Kumar,Cardiology,8,12-01-2043,Govt Health Center,Chennai,23,437,1.68,0
Dr. Anil Mehra,Cardiology,15,13-01-2043,Metro Hospital,Mumbai,39,300,1.43,0
Dr. Rohit Verma,Orthopedics,16,14-01-2043,City Hospital,New Delhi,12,327,1.25,0
Dr. Anil Mehra,Dermatology,14,15-01-2043,Metro Hospital,Chennai,11,212,1.81,1
Dr. Rohit Verma,Pediatrics,8,16-01-2043,City Hospital,Kolkata,19,191,1.61,1
Dr. Ravi Kumar,Pediatrics,11,17-01-2043,Metro Hospital,New Delhi,79,399,0.74,0
Dr. Ravi Kumar,Cardiology,17,18-01-2043,Metro Hospital,Mumbai,80,80,1.52,1
Dr. Rohit Verma,Dermatology,8,19-01-2043,City Hospital,Chennai,25,375,1.15,0
Dr. Rohit Verma,Pediatrics,11,20-01-2043,Metro Hospital,New Delhi,79,140,1.39,1
Dr. Rohit Verma,Dermatology,10,21-01-2043,Metro Hospital,New Delhi,89,177,1.85,1
Dr. Anil Mehra,Orthopedics,9,22-01-2043,Govt Health Center,Kolkata,85,316,1.48,0
Dr. Rohit Verma,Cardiology,8,23-01-2043,City Hospital,New Delhi,95,85,1.91,1
Dr. Ravi Kumar,Cardiology,13,24-01-2043,City Hospital,Kolkata,88,385,1.8,0
Dr. Ravi Kumar,Dermatology,14,25-01-2043,Govt Health Center,Mumbai,31,329,0.69,0
Dr. Swati Desai,Pediatrics,13,26-01-2043,Govt Health Center,Kolkata,44,262,0.52,0
Dr. Rohit Verma,Dermatology,16,27-01-2043,City Hospital,Chennai,88,473,1.08,0
Dr. Anil Mehra,Orthopedics,16,28-01-2043,City Hospital,New Delhi,96,282,1.8,1
Dr. Anil Mehra,Pediatrics,9,29-01-2043,City Hospital,Mumbai,58,277,0.85,0
Dr. Anil Mehra,Pediatrics,9,30-01-2043,Govt Health Center,Kolkata,11,418,1.54,0
Dr. Swati Desai,Dermatology,16,31-01-2043,Govt Health Center,Kolkata,75,347,1.21,0
Dr. Ravi Kumar,Orthopedics,8,01-02-2043,Metro Hospital,Kolkata,28,286,1.62,1
Dr. Anil Mehra,Pediatrics,12,02-02-2043,Govt Health Center,Mumbai,78,70,0.75,0
Dr. Ravi Kumar,Cardiology,8,03-02-2043,Metro Hospital,Mumbai,13,145,0.86,0
Dr. Swati Desai,Orthopedics,14,04-02-2043,Metro Hospital,Chennai,91,100,0.86,0
Dr. Rohit Verma,Pediatrics,16,05-02-2043,Govt Health Center,Mumbai,50,386,1.32,0
Dr. Rohit Verma,Dermatology,13,06-02-2043,Govt Health Center,Kolkata,65,360,0.93,0
Dr. Rohit Verma,Pediatrics,9,07-02-2043,Govt Health Center,Mumbai,64,429,1.72,0
Dr. Anil Mehra,Cardiology,13,08-02-2043,Govt Health Center,Kolkata,40,437,1.02,0
Dr. Rohit Verma,Orthopedics,16,09-02-2043,City Hospital,Chennai,31,111,1.49,1
Dr. Anil Mehra,Pediatrics,10,10-02-2043,Govt Health Center,Chennai,84,392,1.92,0
Dr. Swati Desai,Cardiology,16,11-02-2043,Metro Hospital,Kolkata,57,202,1.41,1
Dr. Swati Desai,Pediatrics,15,12-02-2043,Metro Hospital,Mumbai,89,273,0.86,0
Dr. Anil Mehra,Pediatrics,14,13-02-2043,City Hospital,Mumbai,13,191,1.75,1
Dr. Ravi Kumar,Orthopedics,15,14-02-2043,City Hospital,New Delhi,30,90,0.52,0
Dr. Rohit Verma,Dermatology,17,15-02-2043,Govt Health Center,Chennai,50,490,0.88,0
Dr. Rohit Verma,Dermatology,13,16-02-2043,City Hospital,Chennai,54,215,1.08,1
Dr. Rohit Verma,Cardiology,10,17-02-2043,Govt Health Center,Kolkata,98,239,0.79,0
Dr. Anil Mehra,Cardiology,14,18-02-2043,Govt Health Center,New Delhi,93,346,1.41,0
Dr. Swati Desai,Cardiology,11,19-02-2043,City Hospital,Mumbai,17,94,1.34,1
Dr. Rohit Verma,Orthopedics,17,20-02-2043,City Hospital,Kolkata,18,257,1.11,1
Dr. Swati Desai,Dermatology,12,21-02-2043,Metro Hospital,Mumbai,27,431,0.94,0
Dr. Rohit Verma,Cardiology,15,22-02-2043,City Hospital,Mumbai,40,145,1.15,1
Dr. Rohit Verma,Cardiology,14,23-02-2043,City Hospital,Mumbai,44,449,0.94,0
Dr. Anil Mehra,Pediatrics,14,24-02-2043,City Hospital,New Delhi,39,324,0.83,0
Dr. Ravi Kumar,Pediatrics,15,25-02-2043,Metro Hospital,Chennai,27,342,1.03,0
Dr. Anil Mehra,Cardiology,17,26-02-2043,Govt Health Center,Chennai,92,284,1.4,1
Dr. Rohit Verma,Pediatrics,10,27-02-2043,Metro Hospital,Mumbai,50,390,1.47,0
Dr. Rohit Verma,Pediatrics,10,28-02-2043,City Hospital,New Delhi,33,256,0.95,0
Dr. Ravi Kumar,Pediatrics,9,01-03-2043,City Hospital,Mumbai,95,494,1.92,0
Dr. Swati Desai,Orthopedics,8,02-03-2043,City Hospital,Mumbai,57,75,0.89,0
Dr. Swati Desai,Cardiology,17,03-03-2043,Govt Health Center,Kolkata,23,399,1.57,0
Dr. Rohit Verma,Cardiology,13,04-03-2043,Metro Hospital,New Delhi,28,409,0.62,0
Dr. Swati Desai,Pediatrics,13,05-03-2043,Metro Hospital,New Delhi,69,256,1.5,1
Dr. Rohit Verma,Orthopedics,17,06-03-2043,Govt Health Center,Chennai,31,497,1.19,0
Dr. Ravi Kumar,Pediatrics,15,07-03-2043,Metro Hospital,Chennai,39,430,1.35,0
Dr. Ravi Kumar,Orthopedics,13,08-03-2043,Govt Health Center,Mumbai,24,190,0.78,0
Dr. Rohit Verma,Cardiology,13,09-03-2043,Govt Health Center,Kolkata,30,396,1.15,0
Dr. Ravi Kumar,Pediatrics,8,10-03-2043,Metro Hospital,Kolkata,35,136,1.65,1
Dr. Anil Mehra,Cardiology,14,11-03-2043,Metro Hospital,Kolkata,21,467,1.65,0
Dr. Anil Mehra,Orthopedics,14,12-03-2043,Govt Health Center,Mumbai,16,428,0.86,0
Dr. Ravi Kumar,Dermatology,17,13-03-2043,Metro Hospital,Chennai,84,147,1.03,1
Dr. Rohit Verma,Orthopedics,16,14-03-2043,Govt Health Center,New Delhi,93,72,0.51,0
Dr. Rohit Verma,Dermatology,14,15-03-2043,Metro Hospital,Mumbai,44,299,0.63,0
Dr. Ravi Kumar,Cardiology,15,16-03-2043,Metro Hospital,Kolkata,77,413,0.69,0
Dr. Swati Desai,Cardiology,11,17-03-2043,Metro Hospital,Kolkata,11,299,0.94,0
Dr. Anil Mehra,Pediatrics,16,18-03-2043,Metro Hospital,Mumbai,29,197,1.64,1
Dr. Swati Desai,Dermatology,8,19-03-2043,Metro Hospital,Kolkata,56,103,1.27,1
Dr. Rohit Verma,Orthopedics,15,20-03-2043,City Hospital,New Delhi,93,491,1.69,0
Dr. Rohit Verma,Cardiology,10,21-03-2043,City Hospital,Mumbai,21,364,1.63,0
Dr. Swati Desai,Dermatology,8,22-03-2043,Metro Hospital,New Delhi,62,453,1.38,0
Dr. Ravi Kumar,Orthopedics,9,23-03-2043,Metro Hospital,Chennai,26,88,1.25,1
Dr. Swati Desai,Dermatology,13,24-03-2043,Metro Hospital,Kolkata,27,383,1.9,0
Dr. Swati Desai,Orthopedics,12,25-03-2043,Govt Health Center,Kolkata,33,267,1.35,1
Dr. Anil Mehra,Orthopedics,10,26-03-2043,City Hospital,Chennai,81,396,1.22,0
Dr. Anil Mehra,Orthopedics,16,27-03-2043,Govt Health Center,Chennai,46,465,1.8,0
Dr. Swati Desai,Orthopedics,15,28-03-2043,City Hospital,Chennai,39,474,0.61,0
Dr. Swati Desai,Dermatology,10,29-03-2043,City Hospital,Kolkata,93,286,1.48,1
Dr. Rohit Verma,Dermatology,9,30-03-2043,Metro Hospital,Chennai,61,374,0.67,0
Dr. Anil Mehra,Pediatrics,15,31-03-2043,Metro Hospital,Mumbai,32,373,1.73,0
Dr. Anil Mehra,Dermatology,12,01-04-2043,Govt Health Center,Chennai,46,392,1.69,0
Dr. Rohit Verma,Dermatology,16,02-04-2043,Govt Health Center,Mumbai,83,326,1.26,0
Dr. Ravi Kumar,Pediatrics,8,03-04-2043,Metro Hospital,Mumbai,33,274,1.49,1
Dr. Anil Mehra,Dermatology,17,04-04-2043,Metro Hospital,New Delhi,89,457,1.66,0
Dr. Anil Mehra,Orthopedics,10,05-04-2043,City Hospital,Mumbai,59,193,1.22,1
Dr. Ravi Kumar,Cardiology,12,06-04-2043,City Hospital,Mumbai,85,337,1.86,0
Dr. Anil Mehra,Cardiology,9,07-04-2043,Metro Hospital,Chennai,29,260,1.16,1
Dr. Anil Mehra,Pediatrics,10,08-04-2043,City Hospital,Kolkata,56,203,1.84,1
Dr. Ravi Kumar,Dermatology,11,09-04-2043,Govt Health Center,Chennai,27,308,1.37,0
Dr. Ravi Kumar,Dermatology,11,10-04-2043,City Hospital,New Delhi,35,276,1.14,1
Dr. Swati Desai,Pediatrics,16,11-04-2043,Metro Hospital,New Delhi,80,131,0.51,0
Dr. Rohit Verma,Cardiology,8,12-04-2043,City Hospital,Kolkata,52,426,0.94,0
Dr. Rohit Verma,Orthopedics,16,13-04-2043,Metro Hospital,Mumbai,56,421,1.8,0
Dr. Ravi Kumar,Dermatology,16,14-04-2043,City Hospital,New Delhi,94,440,1.14,0
Dr. Ravi Kumar,Pediatrics,13,15-04-2043,Govt Health Center,Kolkata,52,137,1.13,1
Dr. Anil Mehra,Orthopedics,8,16-04-2043,Govt Health Center,Chennai,41,449,1.23,0
Dr. Swati Desai,Pediatrics,13,17-04-2043,Metro Hospital,Chennai,16,358,0.93,0
Dr. Swati Desai,Pediatrics,15,18-04-2043,Metro Hospital,Chennai,96,53,1.24,1
Dr. Ravi Kumar,Pediatrics,12,19-04-2043,Metro Hospital,Mumbai,93,222,1.06,1
Dr. Anil Mehra,Cardiology,12,20-04-2043,City Hospital,Mumbai,93,81,1.86,1
Dr. Anil Mehra,Cardiology,8,21-04-2043,City Hospital,Kolkata,41,283,1.35,1
Dr. Rohit Verma,Pediatrics,8,22-04-2043,City Hospital,New Delhi,99,275,1.75,1
Dr. Rohit Verma,Dermatology,15,23-04-2043,Govt Health Center,Chennai,97,388,1.53,0
Dr. Anil Mehra,Orthopedics,12,24-04-2043,Metro Hospital,Mumbai,74,255,0.82,0
Dr. Rohit Verma,Dermatology,15,25-04-2043,City Hospital,Mumbai,67,151,1.8,1
Dr. Ravi Kumar,Cardiology,17,26-04-2043,Govt Health Center,New Delhi,62,107,0.63,0
Dr. Anil Mehra,Orthopedics,9,27-04-2043,Metro Hospital,Chennai,99,318,1.17,0
Dr. Rohit Verma,Pediatrics,11,28-04-2043,Govt Health Center,Chennai,43,199,0.86,0
Dr. Swati Desai,Dermatology,17,29-04-2043,Metro Hospital,New Delhi,99,301,1.31,0
Dr. Anil Mehra,Dermatology,16,30-04-2043,City Hospital,Kolkata,78,93,0.95,0
Dr. Anil Mehra,Pediatrics,10,01-05-2043,Govt Health Center,Kolkata,65,477,1.58,0
Dr. Swati Desai,Dermatology,13,02-05-2043,Govt Health Center,New Delhi,75,79,1.91,1
Dr. Ravi Kumar,Cardiology,14,03-05-2043,Govt Health Center,New Delhi,41,456,1.56,0
Dr. Swati Desai,Pediatrics,10,04-05-2043,Metro Hospital,Kolkata,59,61,1.03,1
Dr. Anil Mehra,Dermatology,8,05-05-2043,Metro Hospital,New Delhi,33,63,1.4,1
Dr. Ravi Kumar,Pediatrics,9,06-05-2043,Govt Health Center,Chennai,55,341,1.83,0
Dr. Rohit Verma,Orthopedics,17,07-05-2043,Metro Hospital,Kolkata,12,94,0.91,0
Dr. Rohit Verma,Pediatrics,14,08-05-2043,Govt Health Center,Kolkata,19,249,0.68,0
Dr. Rohit Verma,Dermatology,14,09-05-2043,City Hospital,Kolkata,15,73,0.7,0
Dr. Anil Mehra,Cardiology,8,10-05-2043,Govt Health Center,Chennai,61,300,1.24,0
Dr. Swati Desai,Pediatrics,17,11-05-2043,Govt Health Center,New Delhi,59,168,1.6,1
Dr. Ravi Kumar,Pediatrics,14,12-05-2043,Metro Hospital,Mumbai,67,436,1.49,0
Dr. Rohit Verma,Dermatology,17,13-05-2043,Metro Hospital,Mumbai,61,127,1.18,1
Dr. Ravi Kumar,Cardiology,13,14-05-2043,Metro Hospital,Chennai,22,484,1.59,0
Dr. Anil Mehra,Cardiology,13,15-05-2043,City Hospital,Chennai,68,291,1.45,1
Dr. Rohit Verma,Orthopedics,14,16-05-2043,City Hospital,New Delhi,48,252,1.44,1
Dr. Anil Mehra,Orthopedics,14,17-05-2043,City Hospital,Mumbai,62,286,0.8,0
Dr. Swati Desai,Dermatology,8,18-05-2043,Metro Hospital,Kolkata,67,488,0.97,0
Dr. Anil Mehra,Cardiology,17,19-05-2043,Govt Health Center,Chennai,29,343,1.02,0
Dr. Anil Mehra,Cardiology,12,20-05-2043,Govt Health Center,Mumbai,72,397,1.71,0
Dr. Swati Desai,Orthopedics,15,21-05-2043,Govt Health Center,Kolkata,19,136,1.66,1
Dr. Ravi Kumar,Orthopedics,15,22-05-2043,Metro Hospital,Kolkata,35,259,0.88,0
Dr. Swati Desai,Dermatology,10,23-05-2043,Metro Hospital,New Delhi,28,325,0.58,0
Dr. Swati Desai,Cardiology,10,24-05-2043,City Hospital,Chennai,70,146,1.65,1
Dr. Anil Mehra,Pediatrics,14,25-05-2043,Metro Hospital,Kolkata,86,51,1.11,1
Dr. Ravi Kumar,Orthopedics,11,26-05-2043,Govt Health Center,Chennai,43,278,0.83,0
Dr. Rohit Verma,Dermatology,13,27-05-2043,City Hospital,Mumbai,93,459,0.68,0
Dr. Swati Desai,Cardiology,16,28-05-2043,City Hospital,Mumbai,53,292,0.52,0
Dr. Ravi Kumar,Cardiology,17,29-05-2043,Metro Hospital,Chennai,27,307,1.14,0
Dr. Swati Desai,Orthopedics,9,30-05-2043,City Hospital,Kolkata,81,91,1.01,1
Dr. Swati Desai,Dermatology,9,31-05-2043,City Hospital,Kolkata,25,262,1.54,1
Dr. Swati Desai,Pediatrics,13,01-06-2043,Metro Hospital,Mumbai,96,345,1.96,0
Dr. Swati Desai,Orthopedics,10,02-06-2043,City Hospital,Kolkata,86,442,0.81,0
Dr. Anil Mehra,Dermatology,8,03-06-2043,Govt Health Center,Kolkata,35,435,0.86,0
Dr. Ravi Kumar,Cardiology,9,04-06-2043,Metro Hospital,Mumbai,74,461,1.01,0
Dr. Ravi Kumar,Pediatrics,14,05-06-2043,Govt Health Center,New Delhi,75,52,1.2,1
Dr. Ravi Kumar,Dermatology,11,06-06-2043,Govt Health Center,Mumbai,86,65,1.55,1
Dr. Swati Desai,Pediatrics,9,07-06-2043,Govt Health Center,Chennai,36,437,1.03,0
Dr. Anil Mehra,Dermatology,15,08-06-2043,Govt Health Center,New Delhi,13,328,0.66,0
Dr. Swati Desai,Dermatology,11,09-06-2043,City Hospital,Chennai,60,151,1.6,1
Dr. Swati Desai,Dermatology,11,10-06-2043,City Hospital,New Delhi,93,126,1.69,1
Dr. Ravi Kumar,Dermatology,9,11-06-2043,Metro Hospital,New Delhi,12,439,0.87,0
Dr. Swati Desai,Pediatrics,8,12-06-2043,Metro Hospital,Mumbai,96,251,0.71,0
Dr. Rohit Verma,Orthopedics,8,13-06-2043,Govt Health Center,Mumbai,75,104,1.29,1
Dr. Swati Desai,Pediatrics,10,14-06-2043,Govt Health Center,Chennai,25,258,0.81,0
Dr. Rohit Verma,Dermatology,13,15-06-2043,Metro Hospital,Mumbai,83,441,1.06,0
Dr. Swati Desai,Pediatrics,14,16-06-2043,Metro Hospital,New Delhi,37,378,1.67,0
Dr. Anil Mehra,Pediatrics,16,17-06-2043,Metro Hospital,Mumbai,53,403,0.83,0
Dr. Anil Mehra,Pediatrics,12,18-06-2043,Metro Hospital,Chennai,27,130,1.71,1
Dr. Ravi Kumar,Dermatology,16,19-06-2043,Govt Health Center,New Delhi,11,293,1.51,1
Dr. Swati Desai,Pediatrics,15,20-06-2043,Metro Hospital,Chennai,87,284,0.83,0
Dr. Rohit Verma,Cardiology,8,21-06-2043,City Hospital,Kolkata,53,163,1.29,1
Dr. Rohit Verma,Dermatology,10,22-06-2043,Govt Health Center,Mumbai,29,497,1.42,0
Dr. Swati Desai,Pediatrics,15,23-06-2043,City Hospital,New Delhi,65,116,0.8,0
Dr. Rohit Verma,Cardiology,16,24-06-2043,Metro Hospital,Chennai,32,346,0.72,0
Dr. Anil Mehra,Pediatrics,11,25-06-2043,City Hospital,Mumbai,69,89,1.3,1
Dr. Rohit Verma,Orthopedics,13,26-06-2043,Metro Hospital,Mumbai,80,270,1.54,1
Dr. Ravi Kumar,Pediatrics,11,27-06-2043,City Hospital,Chennai,54,152,1.2,1
Dr. Anil Mehra,Pediatrics,16,28-06-2043,Govt Health Center,New Delhi,56,460,0.61,0
Dr. Anil Mehra,Orthopedics,9,29-06-2043,City Hospital,Chennai,87,344,1.89,0
Dr. Anil Mehra,Dermatology,13,30-06-2043,Govt Health Center,Mumbai,46,102,1.54,1
Dr. Swati Desai,Orthopedics,10,01-07-2043,City Hospital,Chennai,17,345,1.43,0
Dr. Swati Desai,Dermatology,17,02-07-2043,City Hospital,Kolkata,14,101,1.47,1
Dr. Anil Mehra,Orthopedics,11,03-07-2043,Govt Health Center,Mumbai,32,86,1.1,1
Dr. Swati Desai,Pediatrics,9,04-07-2043,Govt Health Center,New Delhi,19,116,1.98,1
Dr. Rohit Verma,Pediatrics,15,05-07-2043,Metro Hospital,Kolkata,36,452,0.7,0
Dr. Swati Desai,Dermatology,17,06-07-2043,Govt Health Center,Chennai,10,211,1.61,1
Dr. Swati Desai,Dermatology,15,07-07-2043,Govt Health Center,New Delhi,80,255,1.13,1
Dr. Anil Mehra,Cardiology,8,08-07-2043,Metro Hospital,Kolkata,17,390,1.82,0
Dr. Ravi Kumar,Cardiology,17,09-07-2043,Govt Health Center,Chennai,20,371,1.58,0
Dr. Ravi Kumar,Pediatrics,13,10-07-2043,Govt Health Center,Kolkata,37,443,1.34,0
Dr. Ravi Kumar,Pediatrics,8,11-07-2043,City Hospital,Mumbai,43,101,1.91,1
Dr. Rohit Verma,Cardiology,13,12-07-2043,Metro Hospital,New Delhi,52,475,1.87,0
Dr. Swati Desai,Cardiology,14,13-07-2043,Metro Hospital,Kolkata,93,493,0.58,0
Dr. Ravi Kumar,Dermatology,9,14-07-2043,City Hospital,Mumbai,37,258,0.79,0
Dr. Anil Mehra,Orthopedics,16,15-07-2043,Metro Hospital,Chennai,58,51,1.51,1
Dr. Ravi Kumar,Dermatology,15,16-07-2043,City Hospital,Mumbai,70,178,1.88,1
Dr. Ravi Kumar,Cardiology,16,17-07-2043,Govt Health Center,Chennai,46,227,1.15,1
Dr. Swati Desai,Pediatrics,17,18-07-2043,Metro Hospital,New Delhi,12,213,0.56,0
Dr. Swati Desai,Cardiology,11,19-07-2043,Govt Health Center,Mumbai,18,402,1.46,0
Dr. Swati Desai,Pediatrics,11,20-07-2043,Metro Hospital,Mumbai,95,71,0.79,0
Dr. Rohit Verma,Pediatrics,15,21-07-2043,Govt Health Center,Chennai,98,418,1.33,0
Dr. Rohit Verma,Pediatrics,8,22-07-2043,Metro Hospital,Kolkata,11,276,1.08,1
Dr. Ravi Kumar,Pediatrics,15,23-07-2043,Metro Hospital,Chennai,32,131,1.34,1
Dr. Swati Desai,Orthopedics,14,24-07-2043,Govt Health Center,Kolkata,60,213,1.9,1
Dr. Ravi Kumar,Cardiology,14,25-07-2043,City Hospital,Chennai,26,426,1.23,0
Dr. Anil Mehra,Dermatology,16,26-07-2043,Metro Hospital,New Delhi,34,52,0.55,0
Dr. Anil Mehra,Pediatrics,17,27-07-2043,City Hospital,Kolkata,85,221,1.37,1
Dr. Swati Desai,Pediatrics,14,28-07-2043,City Hospital,Mumbai,36,167,0.99,0
Dr. Swati Desai,Dermatology,9,29-07-2043,City Hospital,Kolkata,29,193,1.67,1
Dr. Anil Mehra,Dermatology,8,30-07-2043,City Hospital,Chennai,82,301,1.2,0
Dr. Swati Desai,Pediatrics,8,31-07-2043,City Hospital,Chennai,96,444,1.61,0
Dr. Rohit Verma,Dermatology,14,01-08-2043,City Hospital,Kolkata,45,315,1.86,0
Dr. Rohit Verma,Dermatology,12,02-08-2043,Metro Hospital,Mumbai,37,484,1.04,0
Dr. Swati Desai,Orthopedics,11,03-08-2043,City Hospital,New Delhi,38,219,1.98,1
Dr. Anil Mehra,Dermatology,12,04-08-2043,Metro Hospital,Mumbai,51,262,0.72,0
Dr. Ravi Kumar,Cardiology,17,05-08-2043,Metro Hospital,Kolkata,67,330,1.47,0
Dr. Swati Desai,Cardiology,17,06-08-2043,Metro Hospital,Chennai,41,276,0.55,0
Dr. Swati Desai,Cardiology,13,07-08-2043,Govt Health Center,Mumbai,21,425,0.82,0
Dr. Ravi Kumar,Pediatrics,17,08-08-2043,City Hospital,Chennai,39,311,1.45,0
Dr. Swati Desai,Cardiology,13,09-08-2043,Govt Health Center,Chennai,69,415,0.57,0
Dr. Ravi Kumar,Orthopedics,8,10-08-2043,City Hospital,Mumbai,20,304,0.65,0
Dr. Anil Mehra,Cardiology,9,11-08-2043,Govt Health Center,Kolkata,93,477,0.94,0
Dr. Rohit Verma,Pediatrics,10,12-08-2043,Metro Hospital,Mumbai,20,57,1.36,1
Dr. Anil Mehra,Orthopedics,11,13-08-2043,Govt Health Center,New Delhi,89,467,0.52,0
Dr. Rohit Verma,Cardiology,13,14-08-2043,Metro Hospital,Chennai,59,90,1.22,1
Dr. Ravi Kumar,Orthopedics,16,15-08-2043,Govt Health Center,Chennai,10,415,1.44,0
Dr. Rohit Verma,Orthopedics,9,16-08-2043,City Hospital,Kolkata,98,306,1.1,0
Dr. Anil Mehra,Pediatrics,15,17-08-2043,City Hospital,Chennai,36,180,0.6,0
Dr. Rohit Verma,Pediatrics,16,18-08-2043,Govt Health Center,Chennai,41,101,1.42,1
Dr. Ravi Kumar,Orthopedics,9,19-08-2043,Govt Health Center,Chennai,15,151,1.41,1
Dr. Rohit Verma,Cardiology,16,20-08-2043,City Hospital,Mumbai,50,268,1.26,1
Dr. Swati Desai,Pediatrics,14,21-08-2043,Govt Health Center,Chennai,45,293,1.54,1
Dr. Anil Mehra,Orthopedics,16,22-08-2043,Govt Health Center,Mumbai,48,382,0.81,0
Dr. Swati Desai,Dermatology,13,23-08-2043,City Hospital,Kolkata,96,476,1.52,0
Dr. Ravi Kumar,Dermatology,9,24-08-2043,Metro Hospital,New Delhi,39,352,0.74,0
Dr. Rohit Verma,Pediatrics,15,25-08-2043,City Hospital,Chennai,95,419,1.09,0
Dr. Swati Desai,Cardiology,17,26-08-2043,City Hospital,New Delhi,66,388,0.6,0
Dr. Swati Desai,Dermatology,16,27-08-2043,Govt Health Center,Mumbai,20,324,1.73,0
Dr. Rohit Verma,Dermatology,15,28-08-2043,City Hospital,Kolkata,99,119,1.31,1
Dr. Rohit Verma,Dermatology,9,29-08-2043,City Hospital,Kolkata,96,96,1.96,1
Dr. Anil Mehra,Cardiology,15,30-08-2043,Govt Health Center,Mumbai,12,166,1.91,1
Dr. Swati Desai,Cardiology,10,31-08-2043,Govt Health Center,New Delhi,57,127,2,1
Dr. Swati Desai,Pediatrics,10,01-09-2043,Metro Hospital,Chennai,15,54,0.65,0
Dr. Ravi Kumar,Pediatrics,16,02-09-2043,City Hospital,Mumbai,16,303,1.41,0
Dr. Anil Mehra,Dermatology,16,03-09-2043,Metro Hospital,Mumbai,53,369,1.11,0
Dr. Ravi Kumar,Cardiology,16,04-09-2043,Metro Hospital,Mumbai,70,156,1.3,1
Dr. Swati Desai,Orthopedics,11,05-09-2043,Metro Hospital,Mumbai,63,293,0.96,0
Dr. Ravi Kumar,Dermatology,14,06-09-2043,Metro Hospital,Mumbai,60,222,0.57,0
Dr. Swati Desai,Pediatrics,15,07-09-2043,City Hospital,Kolkata,95,497,1.56,0
Dr. Swati Desai,Cardiology,12,08-09-2043,City Hospital,Mumbai,57,478,1.95,0
Dr. Ravi Kumar,Pediatrics,8,09-09-2043,City Hospital,Kolkata,70,85,1.3,1
Dr. Ravi Kumar,Pediatrics,16,10-09-2043,Metro Hospital,New Delhi,49,442,0.99,0
Dr. Rohit Verma,Cardiology,13,11-09-2043,Govt Health Center,Chennai,12,456,1.91,0
Dr. Rohit Verma,Dermatology,10,12-09-2043,City Hospital,Kolkata,39,465,1.05,0
Dr. Rohit Verma,Cardiology,10,13-09-2043,Metro Hospital,Chennai,33,222,1.87,1
Dr. Swati Desai,Dermatology,17,14-09-2043,Metro Hospital,Chennai,76,461,1.78,0
Dr. Ravi Kumar,Pediatrics,8,15-09-2043,Metro Hospital,Chennai,11,229,1.29,1
Dr. Anil Mehra,Cardiology,15,16-09-2043,Metro Hospital,Kolkata,53,316,1.52,0
Dr. Swati Desai,Orthopedics,9,17-09-2043,Metro Hospital,Kolkata,49,304,1.55,0
Dr. Anil Mehra,Dermatology,8,18-09-2043,Metro Hospital,Kolkata,28,452,1.46,0
Dr. Ravi Kumar,Orthopedics,14,19-09-2043,City Hospital,New Delhi,72,369,0.74,0
Dr. Swati Desai,Dermatology,16,20-09-2043,Govt Health Center,Kolkata,33,370,1.54,0
Dr. Anil Mehra,Cardiology,13,21-09-2043,City Hospital,New Delhi,59,122,0.5,0
Dr. Anil Mehra,Orthopedics,15,22-09-2043,City Hospital,Kolkata,29,106,1.57,1
Dr. Rohit Verma,Cardiology,15,23-09-2043,Metro Hospital,Kolkata,66,115,1.33,1
Dr. Rohit Verma,Dermatology,16,24-09-2043,City Hospital,Chennai,59,181,0.89,0
Dr. Rohit Verma,Dermatology,14,25-09-2043,Govt Health Center,Mumbai,67,462,1.71,0
Dr. Swati Desai,Dermatology,16,26-09-2043,Govt Health Center,Chennai,40,309,1.11,0
Dr. Ravi Kumar,Dermatology,16,27-09-2043,Metro Hospital,Kolkata,46,173,1.23,1
Dr. Ravi Kumar,Pediatrics,8,28-09-2043,Govt Health Center,Mumbai,13,434,0.54,0
Dr. Rohit Verma,Dermatology,13,29-09-2043,Metro Hospital,Mumbai,67,141,1.1,1
Dr. Rohit Verma,Orthopedics,15,30-09-2043,Govt Health Center,New Delhi,19,323,0.75,0
Dr. Rohit Verma,Dermatology,17,01-10-2043,Govt Health Center,Mumbai,72,190,0.91,0
Dr. Anil Mehra,Cardiology,16,02-10-2043,City Hospital,New Delhi,45,281,0.88,0
Dr. Rohit Verma,Pediatrics,11,03-10-2043,Govt Health Center,Chennai,64,119,0.57,0
Dr. Anil Mehra,Orthopedics,9,04-10-2043,Metro Hospital,New Delhi,66,482,1.19,0
Dr. Ravi Kumar,Pediatrics,16,05-10-2043,Govt Health Center,Kolkata,94,224,1.28,1
Dr. Swati Desai,Pediatrics,16,06-10-2043,Govt Health Center,Mumbai,52,408,1.36,0
Dr. Swati Desai,Pediatrics,15,07-10-2043,City Hospital,Kolkata,74,135,1.19,1
Dr. Swati Desai,Cardiology,10,08-10-2043,Metro Hospital,Mumbai,21,302,1.8,0
Dr. Swati Desai,Pediatrics,12,09-10-2043,Metro Hospital,Mumbai,71,79,0.56,0
Dr. Anil Mehra,Pediatrics,9,10-10-2043,Metro Hospital,Chennai,33,204,1.42,1
Dr. Anil Mehra,Dermatology,10,11-10-2043,City Hospital,New Delhi,11,249,1.8,1
Dr. Rohit Verma,Cardiology,8,12-10-2043,Govt Health Center,Chennai,56,412,0.56,0
Dr. Anil Mehra,Orthopedics,11,13-10-2043,Metro Hospital,New Delhi,65,205,1.24,1
Dr. Rohit Verma,Orthopedics,12,14-10-2043,Govt Health Center,Chennai,93,294,1.38,1
Dr. Rohit Verma,Orthopedics,9,15-10-2043,Govt Health Center,Chennai,25,435,0.79,0
Dr. Swati Desai,Cardiology,10,16-10-2043,Govt Health Center,Mumbai,43,69,0.88,0
Dr. Anil Mehra,Orthopedics,13,17-10-2043,City Hospital,Chennai,86,252,1.68,1
Dr. Anil Mehra,Cardiology,13,18-10-2043,Govt Health Center,Chennai,27,383,1.35,0
Dr. Rohit Verma,Dermatology,14,19-10-2043,City Hospital,New Delhi,38,201,0.97,0
Dr. Rohit Verma,Dermatology,16,20-10-2043,City Hospital,Chennai,63,126,1.65,1
Dr. Ravi Kumar,Cardiology,11,21-10-2043,City Hospital,Mumbai,60,377,1.62,0
Dr. Ravi Kumar,Orthopedics,12,22-10-2043,Metro Hospital,Chennai,23,221,1.02,1
Dr. Rohit Verma,Cardiology,9,23-10-2043,City Hospital,Kolkata,67,454,1.23,0
Dr. Ravi Kumar,Cardiology,13,24-10-2043,Metro Hospital,Kolkata,44,455,1.5,0
Dr. Ravi Kumar,Pediatrics,11,25-10-2043,City Hospital,New Delhi,18,378,1.01,0
Dr. Rohit Verma,Cardiology,12,26-10-2043,City Hospital,New Delhi,46,299,1.44,1
Dr. Rohit Verma,Pediatrics,14,27-10-2043,City Hospital,Kolkata,21,235,0.88,0
Dr. Anil Mehra,Dermatology,13,28-10-2043,City Hospital,Chennai,94,411,0.94,0
Dr. Rohit Verma,Pediatrics,15,29-10-2043,Govt Health Center,Chennai,91,177,0.97,0
Dr. Rohit Verma,Cardiology,13,30-10-2043,Govt Health Center,New Delhi,20,412,1.9,0
Dr. Swati Desai,Dermatology,17,31-10-2043,City Hospital,Mumbai,36,60,1.75,1
Dr. Anil Mehra,Pediatrics,15,01-11-2043,Govt Health Center,Chennai,97,385,1.35,0
Dr. Anil Mehra,Cardiology,11,02-11-2043,Metro Hospital,Kolkata,52,291,1.35,1
Dr. Anil Mehra,Dermatology,14,03-11-2043,Govt Health Center,Mumbai,59,230,0.58,0
Dr. Swati Desai,Pediatrics,10,04-11-2043,Govt Health Center,Mumbai,29,314,1.47,0
Dr. Rohit Verma,Cardiology,8,05-11-2043,Govt Health Center,Chennai,22,244,0.99,0
Dr. Anil Mehra,Cardiology,16,06-11-2043,City Hospital,Mumbai,56,295,1.42,1
Dr. Anil Mehra,Orthopedics,16,07-11-2043,Metro Hospital,New Delhi,17,149,1.76,1
Dr. Ravi Kumar,Orthopedics,13,08-11-2043,City Hospital,Mumbai,78,101,0.57,0
Dr. Anil Mehra,Pediatrics,9,09-11-2043,Metro Hospital,New Delhi,80,420,1.41,0
Dr. Rohit Verma,Pediatrics,15,10-11-2043,City Hospital,Chennai,73,446,1.35,0
Dr. Rohit Verma,Pediatrics,17,11-11-2043,Govt Health Center,Mumbai,53,434,0.81,0
Dr. Ravi Kumar,Cardiology,13,12-11-2043,Metro Hospital,Kolkata,21,477,1.47,0
Dr. Anil Mehra,Pediatrics,14,13-11-2043,Govt Health Center,Kolkata,13,124,1.33,1
Dr. Anil Mehra,Cardiology,8,14-11-2043,Metro Hospital,New Delhi,49,457,1.65,0
Dr. Anil Mehra,Pediatrics,10,15-11-2043,Metro Hospital,New Delhi,28,182,0.67,0
Dr. Swati Desai,Cardiology,8,16-11-2043,City Hospital,Chennai,63,305,1.17,0
Dr. Anil Mehra,Cardiology,17,17-11-2043,City Hospital,Mumbai,10,499,2,0
Dr. Rohit Verma,Orthopedics,8,18-11-2043,Govt Health Center,New Delhi,22,258,1.53,1
Dr. Rohit Verma,Dermatology,8,19-11-2043,Govt Health Center,New Delhi,59,453,1.53,0
Dr. Swati Desai,Cardiology,11,20-11-2043,Metro Hospital,Chennai,62,497,0.98,0
Dr. Swati Desai,Pediatrics,14,21-11-2043,Metro Hospital,Mumbai,51,192,0.64,0
Dr. Anil Mehra,Orthopedics,14,22-11-2043,City Hospital,Mumbai,34,117,1.92,1
Dr. Ravi Kumar,Pediatrics,12,23-11-2043,City Hospital,New Delhi,53,103,0.66,0
Dr. Swati Desai,Pediatrics,13,24-11-2043,City Hospital,Mumbai,70,316,1.99,0
Dr. Swati Desai,Cardiology,9,25-11-2043,City Hospital,Mumbai,90,456,0.69,0
Dr. Anil Mehra,Cardiology,12,26-11-2043,City Hospital,Mumbai,99,434,0.76,0
Dr. Anil Mehra,Dermatology,14,27-11-2043,Metro Hospital,Kolkata,30,475,0.96,0
Dr. Swati Desai,Cardiology,16,28-11-2043,Metro Hospital,Mumbai,60,291,1.27,1
Dr. Ravi Kumar,Cardiology,13,29-11-2043,Govt Health Center,Kolkata,85,96,1.69,1
Dr. Swati Desai,Dermatology,17,30-11-2043,Metro Hospital,Mumbai,89,164,1.96,1
Dr. Anil Mehra,Pediatrics,11,01-12-2043,City Hospital,Mumbai,61,245,1.04,1
Dr. Anil Mehra,Dermatology,10,02-12-2043,Metro Hospital,Mumbai,72,343,0.53,0
Dr. Swati Desai,Dermatology,16,03-12-2043,Metro Hospital,New Delhi,93,179,1.43,1
Dr. Ravi Kumar,Dermatology,14,04-12-2043,Metro Hospital,New Delhi,63,94,1.57,1
Dr. Swati Desai,Orthopedics,13,05-12-2043,Govt Health Center,Kolkata,19,204,1.1,1
Dr. Swati Desai,Pediatrics,14,06-12-2043,Govt Health Center,Mumbai,96,366,0.78,0
Dr. Anil Mehra,Orthopedics,15,07-12-2043,Metro Hospital,Kolkata,68,131,0.96,0
Dr. Ravi Kumar,Orthopedics,12,08-12-2043,Metro Hospital,Mumbai,17,316,1.48,0
Dr. Rohit Verma,Cardiology,10,09-12-2043,City Hospital,Chennai,60,206,1.24,1
Dr. Ravi Kumar,Dermatology,10,10-12-2043,Govt Health Center,Kolkata,14,74,1.62,1
Dr. Swati Desai,Dermatology,9,11-12-2043,City Hospital,New Delhi,85,383,0.83,0
Dr. Swati Desai,Orthopedics,15,12-12-2043,City Hospital,Chennai,51,231,1.76,1
Dr. Swati Desai,Cardiology,8,13-12-2043,Metro Hospital,New Delhi,87,481,0.73,0
Dr. Ravi Kumar,Cardiology,15,14-12-2043,Metro Hospital,Chennai,21,223,0.99,0
Dr. Anil Mehra,Cardiology,10,15-12-2043,Metro Hospital,Chennai,33,346,1.39,0
Dr. Swati Desai,Pediatrics,16,16-12-2043,City Hospital,Chennai,54,90,1.61,1
Dr. Swati Desai,Orthopedics,9,17-12-2043,City Hospital,Kolkata,62,494,0.9,0
Dr. Ravi Kumar,Pediatrics,17,18-12-2043,City Hospital,Kolkata,62,406,1.92,0
Dr. Rohit Verma,Cardiology,16,19-12-2043,Metro Hospital,New Delhi,26,444,1.56,0
Dr. Rohit Verma,Cardiology,13,20-12-2043,Metro Hospital,Kolkata,74,477,0.83,0
Dr. Anil Mehra,Cardiology,8,21-12-2043,Metro Hospital,New Delhi,67,337,1.59,0
Dr. Anil Mehra,Dermatology,12,22-12-2043,City Hospital,Mumbai,46,98,1.54,1
Dr. Swati Desai,Orthopedics,17,23-12-2043,City Hospital,New Delhi,84,311,1.63,0
Dr. Ravi Kumar,Dermatology,16,24-12-2043,Govt Health Center,New Delhi,51,293,1.87,1
Dr. Swati Desai,Pediatrics,13,25-12-2043,Metro Hospital,Kolkata,79,106,1.57,1
Dr. Anil Mehra,Dermatology,14,26-12-2043,City Hospital,New Delhi,88,55,1.03,1
Dr. Ravi Kumar,Orthopedics,11,27-12-2043,Govt Health Center,Kolkata,49,96,1.69,1
Dr. Ravi Kumar,Dermatology,8,28-12-2043,City Hospital,New Delhi,32,112,1.54,1
Dr. Anil Mehra,Cardiology,12,29-12-2043,City Hospital,Mumbai,32,482,1.36,0
Dr. Rohit Verma,Pediatrics,9,30-12-2043,Metro Hospital,Kolkata,58,455,1.03,0
Dr. Rohit Verma,Pediatrics,15,31-12-2043,Govt Health Center,Kolkata,85,116,1.88,1
Dr. Ravi Kumar,Cardiology,11,01-01-2044,City Hospital,Mumbai,16,452,1.27,0
Dr. Swati Desai,Cardiology,8,02-01-2044,Govt Health Center,Kolkata,46,232,1.44,1
Dr. Rohit Verma,Cardiology,17,03-01-2044,Govt Health Center,New Delhi,25,211,1.12,1
Dr. Swati Desai,Orthopedics,14,04-01-2044,Metro Hospital,Chennai,47,346,1.67,0
Dr. Rohit Verma,Dermatology,9,05-01-2044,Govt Health Center,Kolkata,49,154,1.01,1
Dr. Rohit Verma,Pediatrics,10,06-01-2044,Metro Hospital,Chennai,38,312,1.72,0
Dr. Swati Desai,Dermatology,16,07-01-2044,Metro Hospital,New Delhi,26,106,0.66,0
Dr. Anil Mehra,Cardiology,16,08-01-2044,Metro Hospital,Mumbai,99,65,1.56,1
Dr. Rohit Verma,Cardiology,9,09-01-2044,Govt Health Center,Kolkata,29,108,1.22,1
Dr. Rohit Verma,Dermatology,10,10-01-2044,City Hospital,Chennai,34,215,1.55,1
Dr. Swati Desai,Pediatrics,16,11-01-2044,Metro Hospital,Mumbai,69,442,1.3,0
Dr. Anil Mehra,Orthopedics,8,12-01-2044,City Hospital,Mumbai,47,299,0.7,0
Dr. Rohit Verma,Dermatology,9,13-01-2044,Govt Health Center,Kolkata,72,83,1.22,1
Dr. Rohit Verma,Cardiology,9,14-01-2044,City Hospital,Chennai,48,95,1.95,1
Dr. Anil Mehra,Cardiology,17,15-01-2044,City Hospital,Kolkata,73,470,1.63,0
Dr. Rohit Verma,Orthopedics,10,16-01-2044,Metro Hospital,New Delhi,92,348,0.95,0
Dr. Anil Mehra,Dermatology,17,17-01-2044,Metro Hospital,Mumbai,30,96,1.92,1
Dr. Anil Mehra,Orthopedics,10,18-01-2044,Metro Hospital,Chennai,41,439,1.67,0
Dr. Swati Desai,Orthopedics,17,19-01-2044,Govt Health Center,Kolkata,37,301,1.05,0
Dr. Ravi Kumar,Pediatrics,9,20-01-2044,City Hospital,Mumbai,21,215,1.41,1
Dr. Anil Mehra,Pediatrics,15,21-01-2044,Govt Health Center,Kolkata,88,417,1.14,0
Dr. Swati Desai,Cardiology,15,22-01-2044,Govt Health Center,Chennai,94,428,0.65,0
Dr. Ravi Kumar,Dermatology,15,23-01-2044,Govt Health Center,New Delhi,89,366,1.71,0
Dr. Rohit Verma,Pediatrics,9,24-01-2044,Govt Health Center,New Delhi,32,181,0.79,0
Dr. Ravi Kumar,Cardiology,16,25-01-2044,Metro Hospital,New Delhi,99,438,1.19,0
Dr. Anil Mehra,Dermatology,14,26-01-2044,City Hospital,Kolkata,24,119,1.55,1
Dr. Anil Mehra,Cardiology,12,27-01-2044,Metro Hospital,Mumbai,21,109,1.9,1
Dr. Anil Mehra,Pediatrics,14,28-01-2044,Metro Hospital,New Delhi,13,254,0.59,0
Dr. Anil Mehra,Cardiology,15,29-01-2044,Govt Health Center,New Delhi,44,287,1.09,1
Dr. Anil Mehra,Dermatology,16,30-01-2044,Metro Hospital,New Delhi,70,393,1.42,0
Dr. Swati Desai,Dermatology,9,31-01-2044,City Hospital,New Delhi,36,397,1.67,0
Dr. Anil Mehra,Cardiology,13,01-02-2044,Govt Health Center,Chennai,42,382,1.88,0
Dr. Swati Desai,Dermatology,16,02-02-2044,Metro Hospital,Chennai,22,155,0.5,0
Dr. Rohit Verma,Cardiology,13,03-02-2044,Govt Health Center,Mumbai,46,233,1.44,1
Dr. Anil Mehra,Dermatology,9,04-02-2044,City Hospital,Chennai,53,387,0.51,0
Dr. Anil Mehra,Cardiology,8,05-02-2044,Govt Health Center,Chennai,11,492,1.68,0
Dr. Ravi Kumar,Cardiology,10,06-02-2044,Metro Hospital,Chennai,47,56,0.72,0
Dr. Rohit Verma,Cardiology,12,07-02-2044,Metro Hospital,Kolkata,46,80,1.84,1
Dr. Anil Mehra,Orthopedics,14,08-02-2044,City Hospital,Chennai,68,265,0.73,0
Dr. Anil Mehra,Dermatology,17,09-02-2044,City Hospital,Kolkata,78,390,1.65,0
Dr. Rohit Verma,Pediatrics,17,10-02-2044,Govt Health Center,Kolkata,27,353,0.93,0
Dr. Swati Desai,Cardiology,10,11-02-2044,Metro Hospital,Chennai,57,347,1.34,0
Dr. Anil Mehra,Orthopedics,16,12-02-2044,City Hospital,Kolkata,90,395,1.41,0
Dr. Ravi Kumar,Pediatrics,17,13-02-2044,City Hospital,New Delhi,75,335,0.81,0
Dr. Anil Mehra,Cardiology,11,14-02-2044,Metro Hospital,Mumbai,58,422,0.95,0
Dr. Ravi Kumar,Pediatrics,17,15-02-2044,City Hospital,Chennai,67,175,0.66,0
Dr. Ravi Kumar,Orthopedics,9,16-02-2044,City Hospital,Chennai,44,100,0.51,0
Dr. Anil Mehra,Pediatrics,10,17-02-2044,Metro Hospital,Mumbai,87,468,0.86,0
Dr. Anil Mehra,Cardiology,12,18-02-2044,City Hospital,Chennai,85,239,1.27,1
Dr. Ravi Kumar,Pediatrics,10,19-02-2044,Metro Hospital,Chennai,67,100,1.57,1
Dr. Rohit Verma,Pediatrics,12,20-02-2044,Metro Hospital,Mumbai,16,425,1.69,0
Dr. Rohit Verma,Cardiology,11,21-02-2044,Govt Health Center,Kolkata,18,414,0.6,0
Dr. Anil Mehra,Orthopedics,17,22-02-2044,Metro Hospital,New Delhi,78,281,0.91,0
Dr. Swati Desai,Orthopedics,10,23-02-2044,City Hospital,Kolkata,13,227,1.66,1
Dr. Rohit Verma,Pediatrics,13,24-02-2044,Govt Health Center,New Delhi,41,207,1.22,1
Dr. Anil Mehra,Dermatology,15,25-02-2044,Govt Health Center,Mumbai,14,196,0.77,0
Dr. Rohit Verma,Pediatrics,11,26-02-2044,City Hospital,Kolkata,65,355,1.09,0
Dr. Swati Desai,Dermatology,16,27-02-2044,Govt Health Center,Kolkata,65,487,0.91,0
Dr. Anil Mehra,Pediatrics,13,28-02-2044,City Hospital,New Delhi,53,300,0.58,0
Dr. Swati Desai,Orthopedics,12,29-02-2044,Govt Health Center,New Delhi,81,388,1.65,0
Dr. Anil Mehra,Pediatrics,10,01-03-2044,City Hospital,New Delhi,22,391,0.94,0
Dr. Swati Desai,Pediatrics,12,02-03-2044,Metro Hospital,New Delhi,13,181,1.92,1
Dr. Rohit Verma,Dermatology,12,03-03-2044,Metro Hospital,Chennai,61,286,1.83,1
Dr. Rohit Verma,Orthopedics,11,04-03-2044,Govt Health Center,Mumbai,84,61,1.57,1
Dr. Swati Desai,Dermatology,13,05-03-2044,Govt Health Center,New Delhi,24,192,0.99,0
Dr. Swati Desai,Pediatrics,10,06-03-2044,Metro Hospital,Kolkata,91,448,0.92,0
Dr. Swati Desai,Cardiology,17,07-03-2044,City Hospital,Kolkata,93,443,1.21,0
Dr. Anil Mehra,Pediatrics,8,08-03-2044,Govt Health Center,Kolkata,10,167,1.03,1
Dr. Rohit Verma,Pediatrics,14,09-03-2044,Metro Hospital,New Delhi,74,110,1.85,1
Dr. Anil Mehra,Dermatology,14,10-03-2044,Govt Health Center,Mumbai,20,452,0.69,0
Dr. Rohit Verma,Cardiology,11,11-03-2044,Metro Hospital,Chennai,70,230,1.59,1
Dr. Ravi Kumar,Cardiology,16,12-03-2044,Metro Hospital,New Delhi,97,362,1.42,0
Dr. Anil Mehra,Dermatology,9,13-03-2044,Metro Hospital,New Delhi,93,314,1.71,0
Dr. Rohit Verma,Orthopedics,8,14-03-2044,City Hospital,Chennai,72,78,1.31,1
Dr. Rohit Verma,Cardiology,10,15-03-2044,Govt Health Center,Mumbai,47,312,1.44,0
Dr. Anil Mehra,Cardiology,14,16-03-2044,City Hospital,New Delhi,78,249,1.94,1
Dr. Anil Mehra,Dermatology,16,17-03-2044,City Hospital,Kolkata,54,154,0.64,0
Dr. Rohit Verma,Orthopedics,9,18-03-2044,Metro Hospital,Kolkata,83,450,0.66,0
Dr. Anil Mehra,Orthopedics,13,19-03-2044,City Hospital,New Delhi,79,128,1.09,1
Dr. Swati Desai,Pediatrics,10,20-03-2044,Govt Health Center,Mumbai,77,193,1.21,1
Dr. Anil Mehra,Pediatrics,12,21-03-2044,Govt Health Center,Kolkata,13,248,0.8,0
Dr. Anil Mehra,Dermatology,16,22-03-2044,Metro Hospital,Kolkata,80,155,0.62,0
Dr. Anil Mehra,Orthopedics,10,23-03-2044,Metro Hospital,Chennai,57,388,0.53,0
Dr. Rohit Verma,Dermatology,8,24-03-2044,Govt Health Center,Mumbai,18,471,1.65,0
Dr. Swati Desai,Pediatrics,12,25-03-2044,Govt Health Center,New Delhi,99,138,1.23,1
Dr. Ravi Kumar,Dermatology,8,26-03-2044,Metro Hospital,Chennai,56,381,1.77,0
Dr. Ravi Kumar,Dermatology,15,27-03-2044,City Hospital,Chennai,94,480,1.04,0
Dr. Swati Desai,Cardiology,14,28-03-2044,Govt Health Center,Chennai,69,315,1.56,0
Dr. Swati Desai,Cardiology,9,29-03-2044,Metro Hospital,Mumbai,61,300,1.23,0
Dr. Swati Desai,Cardiology,16,30-03-2044,Metro Hospital,Mumbai,95,201,1.42,1
Dr. Rohit Verma,Pediatrics,12,31-03-2044,Govt Health Center,Mumbai,42,355,1.06,0
Dr. Ravi Kumar,Dermatology,14,01-04-2044,Metro Hospital,New Delhi,67,245,0.62,0
Dr. Swati Desai,Cardiology,11,02-04-2044,Govt Health Center,Mumbai,57,175,1.92,1
Dr. Rohit Verma,Cardiology,8,03-04-2044,Metro Hospital,Chennai,14,92,1.75,1
Dr. Ravi Kumar,Cardiology,15,04-04-2044,Metro Hospital,Kolkata,94,470,0.97,0
Dr. Anil Mehra,Pediatrics,8,05-04-2044,City Hospital,New Delhi,36,222,1.94,1
Dr. Rohit Verma,Pediatrics,10,06-04-2044,Metro Hospital,New Delhi,50,103,0.95,0
Dr. Ravi Kumar,Dermatology,13,07-04-2044,Govt Health Center,New Delhi,10,302,1.16,0
Dr. Rohit Verma,Dermatology,15,08-04-2044,Govt Health Center,Chennai,60,348,1.63,0
Dr. Ravi Kumar,Dermatology,15,09-04-2044,City Hospital,Mumbai,25,245,0.96,0
Dr. Ravi Kumar,Cardiology,9,10-04-2044,Govt Health Center,Chennai,41,342,0.99,0
Dr. Anil Mehra,Orthopedics,16,11-04-2044,Metro Hospital,Kolkata,56,266,1.12,1
Dr. Rohit Verma,Pediatrics,11,12-04-2044,City Hospital,Mumbai,32,218,1.2,1
Dr. Swati Desai,Cardiology,11,13-04-2044,Govt Health Center,Kolkata,24,271,0.69,0
Dr. Anil Mehra,Cardiology,9,14-04-2044,Metro Hospital,New Delhi,35,177,0.53,0
Dr. Anil Mehra,Dermatology,8,15-04-2044,City Hospital,New Delhi,46,434,1.88,0
Dr. Ravi Kumar,Dermatology,17,16-04-2044,Metro Hospital,Chennai,98,398,1.03,0
Dr. Swati Desai,Cardiology,14,17-04-2044,Govt Health Center,Mumbai,64,65,0.65,0
Dr. Rohit Verma,Pediatrics,17,18-04-2044,Govt Health Center,New Delhi,11,86,1.64,1
Dr. Swati Desai,Pediatrics,10,19-04-2044,Govt Health Center,Chennai,85,470,0.94,0
Dr. Swati Desai,Cardiology,11,20-04-2044,Govt Health Center,Kolkata,28,440,0.77,0
Dr. Swati Desai,Orthopedics,16,21-04-2044,City Hospital,Chennai,41,345,1.94,0
Dr. Swati Desai,Orthopedics,13,22-04-2044,Govt Health Center,Mumbai,96,484,1.88,0
Dr. Swati Desai,Pediatrics,8,23-04-2044,City Hospital,Mumbai,78,369,0.66,0
Dr. Ravi Kumar,Dermatology,16,24-04-2044,City Hospital,Mumbai,64,274,1.85,1
Dr. Ravi Kumar,Orthopedics,16,25-04-2044,Metro Hospital,New Delhi,98,163,1.84,1
Dr. Anil Mehra,Orthopedics,12,26-04-2044,Govt Health Center,Chennai,65,71,1.45,1
Dr. Ravi Kumar,Dermatology,15,27-04-2044,Metro Hospital,Kolkata,38,348,1.29,0
Dr. Anil Mehra,Orthopedics,14,28-04-2044,Metro Hospital,Mumbai,93,111,0.83,0
Dr. Anil Mehra,Cardiology,15,29-04-2044,Metro Hospital,Chennai,45,231,0.68,0
Dr. Rohit Verma,Orthopedics,16,30-04-2044,Metro Hospital,New Delhi,80,460,1.41,0
Dr. Swati Desai,Dermatology,9,01-05-2044,Metro Hospital,Kolkata,95,334,1.73,0
Dr. Ravi Kumar,Cardiology,17,02-05-2044,Govt Health Center,Kolkata,91,65,1.53,1
Dr. Rohit Verma,Orthopedics,12,03-05-2044,Metro Hospital,Kolkata,62,444,0.77,0
Dr. Ravi Kumar,Pediatrics,15,04-05-2044,City Hospital,New Delhi,94,326,0.94,0
Dr. Anil Mehra,Cardiology,10,05-05-2044,City Hospital,Mumbai,95,186,1.32,1
Dr. Ravi Kumar,Cardiology,13,06-05-2044,Govt Health Center,New Delhi,48,332,1.44,0
Dr. Swati Desai,Pediatrics,13,07-05-2044,City Hospital,Kolkata,85,176,0.61,0
Dr. Anil Mehra,Pediatrics,14,08-05-2044,Metro Hospital,Chennai,20,135,1.42,1
Dr. Anil Mehra,Orthopedics,10,09-05-2044,City Hospital,Kolkata,85,256,1.6,1
Dr. Rohit Verma,Orthopedics,15,10-05-2044,Metro Hospital,Chennai,99,412,0.77,0
Dr. Swati Desai,Dermatology,15,11-05-2044,Govt Health Center,New Delhi,39,200,0.87,0
Dr. Anil Mehra,Dermatology,16,12-05-2044,City Hospital,New Delhi,88,100,0.89,0
Dr. Swati Desai,Cardiology,15,13-05-2044,City Hospital,New Delhi,81,280,1.91,1
Dr. Ravi Kumar,Pediatrics,10,14-05-2044,City Hospital,Chennai,62,129,1.11,1
Dr. Swati Desai,Pediatrics,13,15-05-2044,Govt Health Center,New Delhi,91,180,1.3,1
Dr. Anil Mehra,Dermatology,16,16-05-2044,Govt Health Center,Mumbai,83,449,1.59,0
Dr. Rohit Verma,Cardiology,8,17-05-2044,City Hospital,Kolkata,17,185,1.06,1
Dr. Anil Mehra,Cardiology,10,18-05-2044,Govt Health Center,Mumbai,29,395,0.66,0
Dr. Swati Desai,Dermatology,9,19-05-2044,Metro Hospital,Chennai,21,219,1.48,1
Dr. Swati Desai,Dermatology,15,20-05-2044,Govt Health Center,New Delhi,76,212,1.5,1
Dr. Anil Mehra,Dermatology,13,21-05-2044,City Hospital,Kolkata,93,248,0.89,0
Dr. Swati Desai,Orthopedics,17,22-05-2044,Metro Hospital,New Delhi,59,276,0.55,0
Dr. Ravi Kumar,Cardiology,15,23-05-2044,City Hospital,New Delhi,21,97,1.5,1
Dr. Anil Mehra,Cardiology,9,24-05-2044,City Hospital,Kolkata,63,359,1.56,0
Dr. Rohit Verma,Cardiology,13,25-05-2044,City Hospital,Kolkata,97,302,0.54,0
Dr. Anil Mehra,Dermatology,14,26-05-2044,Govt Health Center,Mumbai,89,152,1.54,1
Dr. Ravi Kumar,Dermatology,15,27-05-2044,City Hospital,Mumbai,63,85,1.91,1
Dr. Ravi Kumar,Dermatology,16,28-05-2044,Metro Hospital,Mumbai,83,55,0.77,0
Dr. Ravi Kumar,Dermatology,12,29-05-2044,Metro Hospital,Mumbai,28,248,1.28,1
Dr. Ravi Kumar,Pediatrics,10,30-05-2044,Metro Hospital,Mumbai,23,61,1.55,1
Dr. Ravi Kumar,Dermatology,9,31-05-2044,City Hospital,Chennai,61,152,0.85,0
Dr. Rohit Verma,Orthopedics,15,01-06-2044,Metro Hospital,Chennai,87,236,1.63,1
Dr. Swati Desai,Pediatrics,8,02-06-2044,Metro Hospital,New Delhi,31,370,1.8,0
Dr. Ravi Kumar,Pediatrics,17,03-06-2044,Metro Hospital,New Delhi,13,227,1.72,1
Dr. Ravi Kumar,Dermatology,13,04-06-2044,Metro Hospital,Mumbai,68,476,0.89,0
Dr. Anil Mehra,Cardiology,9,05-06-2044,Govt Health Center,New Delhi,43,220,1.71,1
Dr. Rohit Verma,Dermatology,10,06-06-2044,City Hospital,Chennai,73,226,1.12,1
Dr. Rohit Verma,Cardiology,15,07-06-2044,City Hospital,Chennai,27,138,0.9,0
Dr. Swati Desai,Dermatology,8,08-06-2044,Metro Hospital,New Delhi,91,253,0.75,0
Dr. Rohit Verma,Dermatology,13,09-06-2044,City Hospital,Mumbai,40,488,1.86,0
Dr. Anil Mehra,Cardiology,10,10-06-2044,Metro Hospital,Chennai,93,396,1.14,0
Dr. Anil Mehra,Cardiology,13,11-06-2044,Metro Hospital,Kolkata,51,392,1.8,0
Dr. Swati Desai,Cardiology,10,12-06-2044,Metro Hospital,Kolkata,83,260,0.74,0
Dr. Anil Mehra,Cardiology,15,13-06-2044,City Hospital,New Delhi,12,262,1.65,1
Dr. Ravi Kumar,Orthopedics,12,14-06-2044,Govt Health Center,Mumbai,94,483,0.67,0
Dr. Ravi Kumar,Cardiology,11,15-06-2044,City Hospital,New Delhi,64,70,0.53,0
Dr. Anil Mehra,Dermatology,16,16-06-2044,City Hospital,Mumbai,19,137,1.99,1
Dr. Swati Desai,Dermatology,12,17-06-2044,Govt Health Center,Mumbai,80,62,0.61,0
Dr. Rohit Verma,Orthopedics,11,18-06-2044,City Hospital,Kolkata,31,475,1.19,0
Dr. Swati Desai,Cardiology,15,19-06-2044,Govt Health Center,Chennai,32,169,1.82,1
Dr. Rohit Verma,Dermatology,15,20-06-2044,Metro Hospital,Chennai,85,448,1.73,0
Dr. Anil Mehra,Orthopedics,15,21-06-2044,Govt Health Center,New Delhi,22,227,1.21,1
Dr. Anil Mehra,Dermatology,11,22-06-2044,Metro Hospital,New Delhi,49,178,1.42,1
Dr. Ravi Kumar,Orthopedics,8,23-06-2044,Govt Health Center,Mumbai,22,100,1.44,1
Dr. Rohit Verma,Orthopedics,9,24-06-2044,Metro Hospital,Chennai,60,467,0.66,0
Dr. Swati Desai,Pediatrics,11,25-06-2044,City Hospital,Mumbai,73,91,0.93,0
Dr. Anil Mehra,Pediatrics,17,26-06-2044,Govt Health Center,Kolkata,92,367,0.95,0
Dr. Swati Desai,Cardiology,9,27-06-2044,City Hospital,Kolkata,94,144,1.07,1
Dr. Ravi Kumar,Pediatrics,17,28-06-2044,Metro Hospital,Mumbai,99,291,0.91,0
Dr. Rohit Verma,Orthopedics,10,29-06-2044,Govt Health Center,Mumbai,22,465,0.88,0
Dr. Rohit Verma,Dermatology,16,30-06-2044,Govt Health Center,Mumbai,38,405,1.03,0
Dr. Anil Mehra,Dermatology,16,01-07-2044,Govt Health Center,Mumbai,80,110,1.07,1
Dr. Rohit Verma,Cardiology,16,02-07-2044,City Hospital,Mumbai,56,398,1.23,0
Dr. Anil Mehra,Pediatrics,14,03-07-2044,Metro Hospital,Kolkata,35,487,0.76,0
Dr. Ravi Kumar,Cardiology,11,04-07-2044,City Hospital,Kolkata,79,491,1.68,0
Dr. Rohit Verma,Orthopedics,8,05-07-2044,Govt Health Center,Kolkata,32,277,1.79,1
Dr. Anil Mehra,Pediatrics,10,06-07-2044,Metro Hospital,New Delhi,84,457,0.87,0
Dr. Swati Desai,Cardiology,15,07-07-2044,Metro Hospital,Kolkata,65,460,0.68,0
Dr. Anil Mehra,Dermatology,11,08-07-2044,City Hospital,Chennai,94,326,1.58,0
Dr. Rohit Verma,Dermatology,17,09-07-2044,City Hospital,Chennai,28,67,1.89,1
Dr. Ravi Kumar,Cardiology,17,10-07-2044,Govt Health Center,Mumbai,59,293,0.55,0
Dr. Rohit Verma,Cardiology,9,11-07-2044,Govt Health Center,Kolkata,44,360,0.52,0
Dr. Rohit Verma,Cardiology,15,12-07-2044,Govt Health Center,Mumbai,58,373,0.78,0
Dr. Anil Mehra,Orthopedics,14,13-07-2044,Govt Health Center,Mumbai,55,96,1.53,1
Dr. Swati Desai,Orthopedics,17,14-07-2044,Metro Hospital,Chennai,79,359,1.95,0
Dr. Rohit Verma,Dermatology,16,15-07-2044,Govt Health Center,Chennai,62,67,1.63,1
Dr. Swati Desai,Orthopedics,9,16-07-2044,Govt Health Center,Mumbai,40,433,1.36,0
Dr. Anil Mehra,Orthopedics,12,17-07-2044,Govt Health Center,Chennai,93,250,1.55,1
Dr. Swati Desai,Pediatrics,13,18-07-2044,City Hospital,Mumbai,31,302,0.85,0
Dr. Anil Mehra,Orthopedics,9,19-07-2044,City Hospital,Mumbai,76,241,1.53,1
Dr. Ravi Kumar,Pediatrics,9,20-07-2044,City Hospital,Mumbai,17,98,0.98,0
Dr. Swati Desai,Orthopedics,17,21-07-2044,Govt Health Center,New Delhi,28,143,0.83,0
Dr. Swati Desai,Dermatology,11,22-07-2044,Metro Hospital,Chennai,40,468,0.85,0
Dr. Ravi Kumar,Cardiology,15,23-07-2044,Govt Health Center,Chennai,41,286,1.5,1
Dr. Swati Desai,Dermatology,12,24-07-2044,City Hospital,Kolkata,88,271,1.65,1
Dr. Ravi Kumar,Orthopedics,16,25-07-2044,City Hospital,Chennai,64,216,1.37,1
Dr. Rohit Verma,Cardiology,11,26-07-2044,Govt Health Center,Kolkata,40,303,0.6,0
Dr. Anil Mehra,Cardiology,10,27-07-2044,Metro Hospital,Mumbai,76,491,0.56,0
Dr. Ravi Kumar,Cardiology,17,28-07-2044,Metro Hospital,New Delhi,60,106,0.83,0
Dr. Swati Desai,Pediatrics,15,29-07-2044,Metro Hospital,Mumbai,83,55,0.93,0
Dr. Ravi Kumar,Dermatology,8,30-07-2044,City Hospital,Mumbai,36,287,1.11,1
Dr. Swati Desai,Pediatrics,16,31-07-2044,City Hospital,Mumbai,57,270,0.61,0
Dr. Rohit Verma,Cardiology,11,01-08-2044,Metro Hospital,Kolkata,52,273,1.59,1
Dr. Ravi Kumar,Dermatology,16,02-08-2044,Govt Health Center,New Delhi,60,127,1.57,1
Dr. Rohit Verma,Dermatology,15,03-08-2044,Metro Hospital,Mumbai,78,69,1.02,1
Dr. Anil Mehra,Orthopedics,10,04-08-2044,Govt Health Center,Kolkata,84,355,1.34,0
Dr. Swati Desai,Pediatrics,10,05-08-2044,City Hospital,Mumbai,80,314,0.65,0
Dr. Swati Desai,Pediatrics,16,06-08-2044,City Hospital,New Delhi,81,253,1.12,1
Dr. Rohit Verma,Orthopedics,10,07-08-2044,City Hospital,Mumbai,90,191,1.79,1
Dr. Anil Mehra,Pediatrics,11,08-08-2044,Metro Hospital,Mumbai,59,425,1.49,0
Dr. Ravi Kumar,Cardiology,16,09-08-2044,Metro Hospital,Chennai,70,456,0.66,0
Dr. Ravi Kumar,Cardiology,11,10-08-2044,City Hospital,Kolkata,50,353,1.77,0
Dr. Swati Desai,Pediatrics,10,11-08-2044,City Hospital,New Delhi,60,129,1.52,1
Dr. Rohit Verma,Orthopedics,14,12-08-2044,City Hospital,Kolkata,87,259,1.18,1
Dr. Rohit Verma,Dermatology,13,13-08-2044,Metro Hospital,Chennai,33,305,1.54,0
Dr. Ravi Kumar,Pediatrics,8,14-08-2044,Metro Hospital,Mumbai,39,361,0.76,0
Dr. Anil Mehra,Dermatology,17,15-08-2044,City Hospital,New Delhi,61,426,1.33,0
Dr. Anil Mehra,Orthopedics,15,16-08-2044,Metro Hospital,New Delhi,59,89,1.43,1
Dr. Ravi Kumar,Dermatology,8,17-08-2044,Metro Hospital,Kolkata,66,402,1.89,0
Dr. Ravi Kumar,Orthopedics,11,18-08-2044,Metro Hospital,Mumbai,71,472,0.6,0
Dr. Rohit Verma,Orthopedics,13,19-08-2044,Metro Hospital,Chennai,88,251,1.06,1
Dr. Anil Mehra,Cardiology,13,20-08-2044,City Hospital,Mumbai,62,135,1.91,1
Dr. Ravi Kumar,Cardiology,14,21-08-2044,City Hospital,Kolkata,77,92,0.83,0
Dr. Ravi Kumar,Orthopedics,12,22-08-2044,Metro Hospital,New Delhi,86,285,1.72,1
Dr. Swati Desai,Pediatrics,12,23-08-2044,City Hospital,New Delhi,78,427,0.5,0
Dr. Ravi Kumar,Cardiology,11,24-08-2044,City Hospital,Mumbai,40,464,0.54,0
Dr. Ravi Kumar,Orthopedics,13,25-08-2044,City Hospital,Mumbai,85,119,0.99,0
Dr. Anil Mehra,Dermatology,14,26-08-2044,Govt Health Center,Mumbai,39,405,1.65,0
Dr. Rohit Verma,Dermatology,17,27-08-2044,City Hospital,Mumbai,19,180,0.66,0
Dr. Anil Mehra,Pediatrics,17,28-08-2044,City Hospital,Chennai,99,181,1.07,1
Dr. Rohit Verma,Dermatology,8,29-08-2044,Metro Hospital,Chennai,53,297,0.7,0
Dr. Swati Desai,Dermatology,16,30-08-2044,Metro Hospital,Chennai,15,204,0.84,0
Dr. Ravi Kumar,Orthopedics,15,31-08-2044,Govt Health Center,Chennai,36,279,1.25,1
Dr. Swati Desai,Dermatology,14,01-09-2044,Govt Health Center,Kolkata,29,138,0.98,0
Dr. Rohit Verma,Dermatology,16,02-09-2044,City Hospital,New Delhi,29,278,0.82,0
Dr. Anil Mehra,Dermatology,10,03-09-2044,City Hospital,New Delhi,21,76,1.09,1
Dr. Anil Mehra,Dermatology,17,04-09-2044,Metro Hospital,Kolkata,94,410,1.55,0
Dr. Swati Desai,Orthopedics,11,05-09-2044,City Hospital,Kolkata,58,405,0.68,0
Dr. Rohit Verma,Dermatology,14,06-09-2044,City Hospital,Chennai,61,287,1.22,1
Dr. Swati Desai,Pediatrics,13,07-09-2044,City Hospital,Mumbai,19,224,0.91,0
Dr. Swati Desai,Cardiology,9,08-09-2044,City Hospital,New Delhi,14,365,1.07,0
Dr. Ravi Kumar,Pediatrics,9,09-09-2044,City Hospital,Kolkata,73,341,1.73,0
Dr. Swati Desai,Cardiology,17,10-09-2044,City Hospital,Mumbai,67,423,1.89,0
Dr. Ravi Kumar,Pediatrics,14,11-09-2044,City Hospital,Chennai,17,479,0.86,0
Dr. Ravi Kumar,Cardiology,16,12-09-2044,City Hospital,Kolkata,39,110,1.44,1
Dr. Anil Mehra,Cardiology,16,13-09-2044,Metro Hospital,New Delhi,26,219,1.52,1
Dr. Ravi Kumar,Cardiology,14,14-09-2044,Govt Health Center,New Delhi,76,312,1.76,0
Dr. Ravi Kumar,Cardiology,15,15-09-2044,City Hospital,New Delhi,30,463,1.85,0
Dr. Anil Mehra,Orthopedics,17,16-09-2044,Metro Hospital,Kolkata,25,355,1.2,0
Dr. Swati Desai,Pediatrics,10,17-09-2044,City Hospital,New Delhi,36,165,1.97,1
Dr. Rohit Verma,Cardiology,8,18-09-2044,City Hospital,Chennai,15,224,1.96,1
Dr. Rohit Verma,Pediatrics,14,19-09-2044,Govt Health Center,New Delhi,51,270,1.26,1
Dr. Rohit Verma,Dermatology,15,20-09-2044,Metro Hospital,Chennai,25,473,1.31,0
Dr. Swati Desai,Cardiology,9,21-09-2044,City Hospital,New Delhi,54,177,1.5,1
Dr. Ravi Kumar,Pediatrics,16,22-09-2044,Govt Health Center,Chennai,12,54,1.06,1
Dr. Rohit Verma,Orthopedics,11,23-09-2044,Govt Health Center,Kolkata,49,375,1.49,0
Dr. Swati Desai,Pediatrics,17,24-09-2044,City Hospital,Chennai,29,235,1.27,1
Dr. Ravi Kumar,Cardiology,16,25-09-2044,City Hospital,Kolkata,16,221,0.55,0
Dr. Anil Mehra,Dermatology,10,26-09-2044,Metro Hospital,Mumbai,68,248,1.78,1
Dr. Rohit Verma,Pediatrics,15,27-09-2044,Metro Hospital,Chennai,20,280,1.91,1
Dr. Ravi Kumar,Dermatology,9,28-09-2044,City Hospital,Kolkata,61,337,0.54,0
Dr. Rohit Verma,Orthopedics,10,29-09-2044,City Hospital,Mumbai,12,384,1.68,0
Dr. Rohit Verma,Pediatrics,8,30-09-2044,Govt Health Center,New Delhi,30,164,1.08,1
Dr. Rohit Verma,Pediatrics,12,01-10-2044,Metro Hospital,Mumbai,62,382,1.38,0
Dr. Ravi Kumar,Orthopedics,11,02-10-2044,City Hospital,Chennai,39,379,1.25,0
Dr. Swati Desai,Orthopedics,8,03-10-2044,City Hospital,Mumbai,20,473,1.33,0
Dr. Ravi Kumar,Orthopedics,17,04-10-2044,Metro Hospital,New Delhi,90,362,1.24,0
Dr. Rohit Verma,Cardiology,16,05-10-2044,City Hospital,Mumbai,34,60,1.78,1
Dr. Ravi Kumar,Cardiology,13,06-10-2044,Govt Health Center,Chennai,59,473,1.53,0
Dr. Anil Mehra,Pediatrics,13,07-10-2044,Govt Health Center,Chennai,98,153,1.12,1
Dr. Swati Desai,Pediatrics,9,08-10-2044,City Hospital,Kolkata,18,224,1.53,1
Dr. Ravi Kumar,Pediatrics,14,09-10-2044,Metro Hospital,New Delhi,54,435,1.95,0
Dr. Anil Mehra,Dermatology,16,10-10-2044,Govt Health Center,New Delhi,38,485,0.62,0
Dr. Swati Desai,Orthopedics,13,11-10-2044,Metro Hospital,Mumbai,71,423,1.08,0
Dr. Anil Mehra,Pediatrics,15,12-10-2044,Metro Hospital,New Delhi,24,169,1.81,1
Dr. Swati Desai,Orthopedics,12,13-10-2044,Metro Hospital,Chennai,28,286,1.61,1
Dr. Ravi Kumar,Cardiology,9,14-10-2044,Govt Health Center,Mumbai,24,285,1.9,1
Dr. Anil Mehra,Orthopedics,11,15-10-2044,Govt Health Center,Kolkata,48,354,0.56,0
Dr. Rohit Verma,Dermatology,8,16-10-2044,City Hospital,Mumbai,44,492,1.79,0
Dr. Anil Mehra,Dermatology,8,17-10-2044,Metro Hospital,Mumbai,22,87,1.69,1
Dr. Swati Desai,Orthopedics,13,18-10-2044,Govt Health Center,Kolkata,25,321,1.72,0
Dr. Ravi Kumar,Dermatology,9,19-10-2044,Govt Health Center,Mumbai,76,425,1.4,0
Dr. Swati Desai,Dermatology,13,20-10-2044,City Hospital,New Delhi,64,393,0.58,0
Dr. Anil Mehra,Cardiology,8,21-10-2044,Govt Health Center,Mumbai,74,300,1.31,0
Dr. Anil Mehra,Pediatrics,17,22-10-2044,Govt Health Center,Mumbai,44,424,1.11,0
Dr. Rohit Verma,Dermatology,10,23-10-2044,Govt Health Center,Mumbai,25,383,1.29,0
Dr. Ravi Kumar,Pediatrics,16,24-10-2044,City Hospital,Chennai,10,76,1.61,1
Dr. Ravi Kumar,Orthopedics,9,25-10-2044,City Hospital,Chennai,59,379,1.39,0
Dr. Anil Mehra,Orthopedics,15,26-10-2044,Metro Hospital,New Delhi,23,172,0.94,0
Dr. Ravi Kumar,Dermatology,13,27-10-2044,Govt Health Center,Kolkata,71,205,1.4,1
Dr. Rohit Verma,Orthopedics,13,28-10-2044,City Hospital,Chennai,16,266,0.62,0
Dr. Swati Desai,Cardiology,14,29-10-2044,City Hospital,Chennai,32,243,0.51,0
Dr. Ravi Kumar,Dermatology,12,30-10-2044,City Hospital,New Delhi,72,350,1.1,0
Dr. Anil Mehra,Dermatology,11,31-10-2044,Metro Hospital,New Delhi,38,210,1.64,1
Dr. Swati Desai,Dermatology,13,01-11-2044,Metro Hospital,Kolkata,31,177,1.73,1
Dr. Swati Desai,Orthopedics,15,02-11-2044,Metro Hospital,Mumbai,89,365,1.32,0
Dr. Rohit Verma,Orthopedics,11,03-11-2044,Metro Hospital,Mumbai,15,227,1.8,1
Dr. Anil Mehra,Dermatology,12,04-11-2044,Metro Hospital,Kolkata,91,175,0.69,0
Dr. Ravi Kumar,Pediatrics,14,05-11-2044,Govt Health Center,Kolkata,38,223,1.95,1
Dr. Anil Mehra,Orthopedics,13,06-11-2044,Govt Health Center,Kolkata,98,84,1.88,1
Dr. Swati Desai,Orthopedics,11,07-11-2044,City Hospital,New Delhi,11,288,1.4,1
Dr. Anil Mehra,Dermatology,11,08-11-2044,Metro Hospital,Mumbai,73,90,0.59,0
Dr. Ravi Kumar,Pediatrics,17,09-11-2044,Metro Hospital,Kolkata,45,235,1.18,1
Dr. Ravi Kumar,Dermatology,11,10-11-2044,City Hospital,Kolkata,29,232,0.77,0
Dr. Rohit Verma,Orthopedics,8,11-11-2044,Govt Health Center,Mumbai,64,438,1.44,0
Dr. Ravi Kumar,Dermatology,12,12-11-2044,Metro Hospital,Mumbai,46,310,0.78,0
Dr. Ravi Kumar,Dermatology,15,13-11-2044,Metro Hospital,New Delhi,61,455,1.22,0
Dr. Anil Mehra,Dermatology,14,14-11-2044,Metro Hospital,Chennai,78,83,0.81,0
Dr. Anil Mehra,Pediatrics,12,15-11-2044,Govt Health Center,Chennai,79,498,0.77,0
Dr. Swati Desai,Dermatology,10,16-11-2044,Govt Health Center,New Delhi,31,236,0.87,0
Dr. Rohit Verma,Orthopedics,8,17-11-2044,Metro Hospital,New Delhi,94,450,0.54,0
Dr. Anil Mehra,Dermatology,14,18-11-2044,Metro Hospital,Mumbai,92,356,1.57,0
Dr. Ravi Kumar,Pediatrics,10,19-11-2044,City Hospital,New Delhi,24,482,0.96,0
Dr. Swati Desai,Cardiology,11,20-11-2044,City Hospital,New Delhi,56,186,1.55,1
Dr. Anil Mehra,Pediatrics,12,21-11-2044,Govt Health Center,Kolkata,80,251,1.48,1
Dr. Rohit Verma,Dermatology,15,22-11-2044,City Hospital,New Delhi,90,430,0.6,0
Dr. Rohit Verma,Cardiology,14,23-11-2044,Metro Hospital,New Delhi,78,192,0.97,0
Dr. Swati Desai,Dermatology,16,24-11-2044,Govt Health Center,Kolkata,61,158,1.35,1
Dr. Swati Desai,Pediatrics,10,25-11-2044,City Hospital,Mumbai,48,206,1.88,1
Dr. Swati Desai,Cardiology,17,26-11-2044,Govt Health Center,Mumbai,11,304,1.1,0
Dr. Swati Desai,Cardiology,8,27-11-2044,Metro Hospital,New Delhi,54,230,1.26,1
Dr. Swati Desai,Dermatology,8,28-11-2044,City Hospital,New Delhi,33,458,1.63,0
Dr. Ravi Kumar,Dermatology,17,29-11-2044,City Hospital,Chennai,70,390,1.7,0
Dr. Ravi Kumar,Pediatrics,8,30-11-2044,City Hospital,Kolkata,74,268,1.89,1
Dr. Anil Mehra,Dermatology,9,01-12-2044,Metro Hospital,Chennai,62,77,1.25,1
Dr. Rohit Verma,Cardiology,9,02-12-2044,Govt Health Center,New Delhi,30,200,0.79,0
Dr. Ravi Kumar,Orthopedics,14,03-12-2044,City Hospital,Chennai,76,408,1.65,0
Dr. Ravi Kumar,Orthopedics,16,04-12-2044,Govt Health Center,Chennai,10,149,0.69,0
Dr. Ravi Kumar,Pediatrics,15,05-12-2044,Govt Health Center,Mumbai,68,52,1.13,1
Dr. Anil Mehra,Dermatology,11,06-12-2044,Govt Health Center,Kolkata,56,82,1.44,1
Dr. Swati Desai,Pediatrics,9,07-12-2044,Metro Hospital,Mumbai,27,248,1.54,1
Dr. Anil Mehra,Orthopedics,10,08-12-2044,Metro Hospital,Mumbai,42,118,1.6,1
Dr. Rohit Verma,Orthopedics,17,09-12-2044,City Hospital,Chennai,24,139,0.79,0
Dr. Rohit Verma,Dermatology,12,10-12-2044,City Hospital,Kolkata,33,66,1.97,1
Dr. Rohit Verma,Cardiology,16,11-12-2044,Govt Health Center,New Delhi,45,386,0.77,0
Dr. Rohit Verma,Dermatology,15,12-12-2044,Govt Health Center,Kolkata,69,416,0.64,0
Dr. Ravi Kumar,Orthopedics,10,13-12-2044,Govt Health Center,Mumbai,43,372,1.5,0
Dr. Ravi Kumar,Cardiology,16,14-12-2044,Metro Hospital,Chennai,99,372,1.86,0
Dr. Anil Mehra,Pediatrics,17,15-12-2044,Metro Hospital,New Delhi,60,83,1.34,1
Dr. Swati Desai,Orthopedics,10,16-12-2044,City Hospital,Mumbai,49,313,1.39,0
Dr. Rohit Verma,Pediatrics,17,17-12-2044,Govt Health Center,Chennai,31,350,1.31,0
Dr. Anil Mehra,Cardiology,15,18-12-2044,Govt Health Center,Mumbai,25,109,0.56,0
Dr. Ravi Kumar,Pediatrics,8,19-12-2044,Metro Hospital,Chennai,51,233,1.52,1
Dr. Ravi Kumar,Orthopedics,11,20-12-2044,City Hospital,Kolkata,25,375,1.04,0
Dr. Swati Desai,Dermatology,11,21-12-2044,Govt Health Center,Mumbai,14,406,1.9,0
Dr. Swati Desai,Pediatrics,13,22-12-2044,Govt Health Center,Kolkata,15,414,0.78,0
Dr. Swati Desai,Orthopedics,9,23-12-2044,City Hospital,Kolkata,51,455,0.95,0
Dr. Anil Mehra,Orthopedics,14,24-12-2044,Govt Health Center,Chennai,97,466,1.26,0
Dr. Ravi Kumar,Cardiology,12,25-12-2044,Metro Hospital,New Delhi,39,483,1.22,0
Dr. Ravi Kumar,Orthopedics,17,26-12-2044,City Hospital,Kolkata,41,248,1.1,1
Dr. Swati Desai,Dermatology,13,27-12-2044,Govt Health Center,Mumbai,62,290,0.97,0
Dr. Rohit Verma,Dermatology,13,28-12-2044,Govt Health Center,Mumbai,28,281,0.72,0
Dr. Swati Desai,Pediatrics,13,29-12-2044,Metro Hospital,Chennai,60,260,1.73,1
Dr. Anil Mehra,Pediatrics,17,30-12-2044,Metro Hospital,Kolkata,37,417,1.17,0
Dr. Swati Desai,Pediatrics,15,31-12-2044,Metro Hospital,New Delhi,56,479,1.36,0
Dr. Swati Desai,Pediatrics,17,01-01-2045,Govt Health Center,New Delhi,81,101,1.32,1
Dr. Anil Mehra,Dermatology,11,02-01-2045,Govt Health Center,Mumbai,10,168,1.36,1
Dr. Swati Desai,Cardiology,17,03-01-2045,Govt Health Center,Chennai,77,379,1.56,0
Dr. Ravi Kumar,Pediatrics,15,04-01-2045,City Hospital,Kolkata,66,264,1.44,1
Dr. Rohit Verma,Cardiology,16,05-01-2045,Metro Hospital,Mumbai,31,371,0.91,0
Dr. Swati Desai,Orthopedics,11,06-01-2045,City Hospital,Chennai,95,198,1.33,1
Dr. Anil Mehra,Orthopedics,8,07-01-2045,Metro Hospital,New Delhi,67,457,0.87,0
Dr. Rohit Verma,Pediatrics,10,08-01-2045,Govt Health Center,Mumbai,22,225,1.38,1
Dr. Anil Mehra,Orthopedics,8,09-01-2045,City Hospital,Chennai,48,426,1.15,0
Dr. Rohit Verma,Cardiology,14,10-01-2045,City Hospital,New Delhi,36,318,0.56,0
Dr. Rohit Verma,Cardiology,8,11-01-2045,Metro Hospital,Chennai,48,369,1.6,0
Dr. Swati Desai,Orthopedics,11,12-01-2045,City Hospital,Mumbai,81,54,0.91,0
Dr. Ravi Kumar,Pediatrics,8,13-01-2045,City Hospital,Kolkata,21,451,1.88,0
Dr. Swati Desai,Cardiology,9,14-01-2045,Govt Health Center,Chennai,33,165,0.92,0
Dr. Anil Mehra,Cardiology,8,15-01-2045,Metro Hospital,Kolkata,27,252,1.99,1
Dr. Anil Mehra,Dermatology,12,16-01-2045,City Hospital,Mumbai,24,86,1.19,1
Dr. Rohit Verma,Pediatrics,14,17-01-2045,Govt Health Center,New Delhi,69,103,0.54,0
Dr. Rohit Verma,Dermatology,10,18-01-2045,City Hospital,Chennai,25,337,0.61,0
Dr. Ravi Kumar,Orthopedics,15,19-01-2045,Govt Health Center,New Delhi,83,333,0.62,0
Dr. Swati Desai,Orthopedics,12,20-01-2045,City Hospital,Kolkata,56,135,0.58,0
Dr. Anil Mehra,Dermatology,12,21-01-2045,Govt Health Center,Kolkata,33,94,0.9,0
Dr. Rohit Verma,Pediatrics,12,22-01-2045,Govt Health Center,New Delhi,54,333,0.99,0
Dr. Ravi Kumar,Cardiology,15,23-01-2045,Metro Hospital,Mumbai,28,370,0.67,0
Dr. Anil Mehra,Orthopedics,9,24-01-2045,Govt Health Center,Kolkata,50,119,1.16,1
Dr. Rohit Verma,Pediatrics,9,25-01-2045,City Hospital,Mumbai,40,91,1.05,1
Dr. Anil Mehra,Pediatrics,15,26-01-2045,Govt Health Center,New Delhi,94,466,1.45,0
Dr. Ravi Kumar,Orthopedics,16,27-01-2045,Govt Health Center,Mumbai,25,321,0.79,0
Dr. Ravi Kumar,Orthopedics,17,28-01-2045,City Hospital,Kolkata,32,190,1.87,1
Dr. Anil Mehra,Pediatrics,17,29-01-2045,City Hospital,New Delhi,87,454,1.27,0
Dr. Swati Desai,Cardiology,9,30-01-2045,Govt Health Center,Mumbai,32,108,1.44,1
Dr. Anil Mehra,Dermatology,11,31-01-2045,City Hospital,Mumbai,50,289,0.56,0
Dr. Rohit Verma,Orthopedics,15,01-02-2045,Govt Health Center,Chennai,27,96,1.34,1
Dr. Swati Desai,Dermatology,9,02-02-2045,Govt Health Center,Kolkata,45,216,1.05,1
Dr. Rohit Verma,Pediatrics,11,03-02-2045,Govt Health Center,Chennai,21,159,1.89,1
Dr. Anil Mehra,Dermatology,17,04-02-2045,City Hospital,Mumbai,84,175,1.83,1
Dr. Swati Desai,Cardiology,8,05-02-2045,Metro Hospital,Kolkata,78,348,1.46,0
Dr. Rohit Verma,Pediatrics,9,06-02-2045,Metro Hospital,New Delhi,60,460,1.65,0
Dr. Anil Mehra,Cardiology,14,07-02-2045,Govt Health Center,New Delhi,94,158,1.47,1
Dr. Anil Mehra,Pediatrics,8,08-02-2045,Govt Health Center,New Delhi,41,214,0.53,0
Dr. Swati Desai,Cardiology,8,09-02-2045,City Hospital,Mumbai,80,419,1.55,0
Dr. Anil Mehra,Pediatrics,9,10-02-2045,Metro Hospital,Mumbai,45,308,0.77,0
Dr. Ravi Kumar,Cardiology,11,11-02-2045,Metro Hospital,New Delhi,49,125,1.52,1
Dr. Rohit Verma,Pediatrics,14,12-02-2045,Metro Hospital,Chennai,79,56,0.52,0
Dr. Rohit Verma,Cardiology,11,13-02-2045,City Hospital,Chennai,47,235,0.97,0
Dr. Anil Mehra,Pediatrics,12,14-02-2045,City Hospital,Kolkata,63,325,1.28,0
Dr. Anil Mehra,Cardiology,11,15-02-2045,City Hospital,Kolkata,13,128,1,0
Dr. Ravi Kumar,Orthopedics,11,16-02-2045,Govt Health Center,New Delhi,55,114,1.54,1
Dr. Swati Desai,Dermatology,16,17-02-2045,City Hospital,Mumbai,72,164,1.28,1
Dr. Anil Mehra,Pediatrics,13,18-02-2045,Govt Health Center,Mumbai,83,251,1.94,1
Dr. Anil Mehra,Cardiology,10,19-02-2045,Govt Health Center,Kolkata,59,191,1.04,1
Dr. Anil Mehra,Orthopedics,13,20-02-2045,Govt Health Center,New Delhi,39,147,1.58,1
Dr. Anil Mehra,Pediatrics,14,21-02-2045,Govt Health Center,Kolkata,82,354,1.75,0
Dr. Rohit Verma,Pediatrics,14,22-02-2045,City Hospital,Chennai,25,266,0.88,0
Dr. Anil Mehra,Pediatrics,15,23-02-2045,City Hospital,New Delhi,61,123,1.63,1
Dr. Rohit Verma,Dermatology,11,24-02-2045,Metro Hospital,New Delhi,13,342,1.09,0
Dr. Anil Mehra,Cardiology,8,25-02-2045,Metro Hospital,New Delhi,35,183,0.69,0
Dr. Swati Desai,Cardiology,13,26-02-2045,Govt Health Center,Chennai,38,311,0.51,0
Dr. Ravi Kumar,Pediatrics,15,27-02-2045,Metro Hospital,New Delhi,20,333,1.62,0
Dr. Swati Desai,Pediatrics,12,28-02-2045,Metro Hospital,Kolkata,33,151,0.78,0
Dr. Anil Mehra,Pediatrics,10,01-03-2045,Metro Hospital,Chennai,60,426,0.58,0
Dr. Anil Mehra,Orthopedics,11,02-03-2045,Govt Health Center,Mumbai,51,255,1.25,1
Dr. Anil Mehra,Pediatrics,15,03-03-2045,Metro Hospital,Kolkata,48,190,1.02,1
Dr. Swati Desai,Dermatology,13,04-03-2045,City Hospital,Kolkata,16,62,1.54,1
Dr. Anil Mehra,Cardiology,12,05-03-2045,Govt Health Center,Kolkata,27,298,0.66,0
Dr. Swati Desai,Dermatology,16,06-03-2045,City Hospital,Chennai,12,172,0.7,0
Dr. Rohit Verma,Pediatrics,17,07-03-2045,Govt Health Center,Kolkata,72,59,1.11,1
Dr. Ravi Kumar,Orthopedics,10,08-03-2045,City Hospital,Chennai,29,129,1.28,1
Dr. Ravi Kumar,Pediatrics,14,09-03-2045,Metro Hospital,New Delhi,82,216,1.74,1
Dr. Swati Desai,Pediatrics,16,10-03-2045,Govt Health Center,Mumbai,83,148,1.38,1
Dr. Rohit Verma,Pediatrics,11,11-03-2045,City Hospital,New Delhi,79,256,1.85,1
Dr. Swati Desai,Pediatrics,17,12-03-2045,Govt Health Center,Kolkata,26,200,0.83,0
Dr. Rohit Verma,Pediatrics,17,13-03-2045,City Hospital,Chennai,88,86,1.39,1
Dr. Anil Mehra,Cardiology,10,14-03-2045,Metro Hospital,Chennai,68,426,1.48,0
Dr. Rohit Verma,Dermatology,8,15-03-2045,Govt Health Center,New Delhi,63,313,1.59,0
Dr. Rohit Verma,Orthopedics,16,16-03-2045,Govt Health Center,Kolkata,22,493,1.98,0
Dr. Rohit Verma,Pediatrics,8,17-03-2045,City Hospital,Mumbai,51,391,1.2,0
Dr. Ravi Kumar,Orthopedics,9,18-03-2045,City Hospital,Chennai,53,54,1.05,1
Dr. Rohit Verma,Cardiology,16,19-03-2045,Metro Hospital,Chennai,95,427,1.78,0
Dr. Anil Mehra,Dermatology,12,20-03-2045,City Hospital,Kolkata,89,275,0.77,0
Dr. Anil Mehra,Pediatrics,11,21-03-2045,City Hospital,Chennai,76,76,0.56,0
Dr. Anil Mehra,Cardiology,16,22-03-2045,City Hospital,Kolkata,81,173,1.17,1
Dr. Rohit Verma,Cardiology,16,23-03-2045,Metro Hospital,Kolkata,29,452,0.87,0
Dr. Swati Desai,Dermatology,9,24-03-2045,Metro Hospital,Mumbai,56,476,1.09,0
Dr. Swati Desai,Pediatrics,10,25-03-2045,Govt Health Center,Kolkata,33,348,1.98,0
Dr. Anil Mehra,Dermatology,10,26-03-2045,Metro Hospital,New Delhi,60,84,1.02,1
Dr. Ravi Kumar,Dermatology,12,27-03-2045,City Hospital,Mumbai,27,286,1.56,1
Dr. Swati Desai,Orthopedics,10,28-03-2045,Govt Health Center,Kolkata,32,360,0.88,0
Dr. Rohit Verma,Orthopedics,17,29-03-2045,Metro Hospital,Kolkata,10,366,0.96,0
Dr. Swati Desai,Dermatology,13,30-03-2045,Metro Hospital,Mumbai,75,352,0.86,0
Dr. Anil Mehra,Orthopedics,9,31-03-2045,City Hospital,Chennai,14,151,1.36,1
Dr. Ravi Kumar,Cardiology,13,01-04-2045,City Hospital,Mumbai,27,126,0.84,0
Dr. Swati Desai,Dermatology,13,02-04-2045,Metro Hospital,Chennai,89,361,1.58,0
Dr. Swati Desai,Pediatrics,9,03-04-2045,Govt Health Center,Mumbai,83,131,1.52,1
Dr. Anil Mehra,Pediatrics,13,04-04-2045,City Hospital,Mumbai,44,195,1.13,1
Dr. Ravi Kumar,Cardiology,13,05-04-2045,Metro Hospital,New Delhi,34,242,0.54,0
Dr. Ravi Kumar,Pediatrics,13,06-04-2045,Metro Hospital,Mumbai,33,273,0.53,0
Dr. Anil Mehra,Pediatrics,12,07-04-2045,City Hospital,New Delhi,22,102,1.3,1
Dr. Rohit Verma,Dermatology,14,08-04-2045,Govt Health Center,Kolkata,30,394,1.76,0
Dr. Swati Desai,Cardiology,12,09-04-2045,Govt Health Center,Chennai,48,134,1.4,1
Dr. Rohit Verma,Dermatology,8,10-04-2045,Govt Health Center,Chennai,43,444,1.15,0
Dr. Swati Desai,Cardiology,16,11-04-2045,City Hospital,New Delhi,28,417,1.82,0
Dr. Swati Desai,Dermatology,10,12-04-2045,City Hospital,Chennai,37,178,0.8,0
Dr. Rohit Verma,Dermatology,9,13-04-2045,City Hospital,Chennai,99,260,1.04,1
Dr. Anil Mehra,Orthopedics,17,14-04-2045,Govt Health Center,Mumbai,20,401,1.35,0
Dr. Anil Mehra,Pediatrics,13,15-04-2045,Govt Health Center,New Delhi,58,313,0.94,0
Dr. Swati Desai,Cardiology,15,16-04-2045,City Hospital,Chennai,44,452,2,0
Dr. Anil Mehra,Pediatrics,9,17-04-2045,City Hospital,Kolkata,93,232,1.18,1
Dr. Swati Desai,Orthopedics,11,18-04-2045,City Hospital,New Delhi,85,321,0.58,0
Dr. Anil Mehra,Cardiology,9,19-04-2045,Govt Health Center,Mumbai,66,276,0.76,0
Dr. Swati Desai,Orthopedics,16,20-04-2045,Metro Hospital,Kolkata,37,371,1.3,0
Dr. Anil Mehra,Pediatrics,17,21-04-2045,Metro Hospital,Chennai,75,61,1.33,1
Dr. Ravi Kumar,Dermatology,9,22-04-2045,Govt Health Center,Chennai,74,142,1.98,1
Dr. Rohit Verma,Orthopedics,17,23-04-2045,City Hospital,New Delhi,82,379,1.4,0
Dr. Ravi Kumar,Orthopedics,9,24-04-2045,City Hospital,Chennai,31,239,1.5,1
Dr. Rohit Verma,Dermatology,12,25-04-2045,City Hospital,New Delhi,60,135,0.82,0
Dr. Rohit Verma,Pediatrics,12,26-04-2045,City Hospital,Chennai,18,403,0.66,0
Dr. Swati Desai,Orthopedics,14,27-04-2045,Govt Health Center,Kolkata,80,491,1.4,0
Dr. Rohit Verma,Pediatrics,8,28-04-2045,Metro Hospital,Mumbai,45,326,1.8,0
Dr. Ravi Kumar,Dermatology,9,29-04-2045,Metro Hospital,Kolkata,63,342,1.38,0
Dr. Ravi Kumar,Cardiology,13,30-04-2045,Govt Health Center,Mumbai,47,310,1.16,0
Dr. Anil Mehra,Orthopedics,9,01-05-2045,City Hospital,New Delhi,75,247,1.37,1
Dr. Ravi Kumar,Pediatrics,11,02-05-2045,Metro Hospital,Chennai,52,465,1.2,0
Dr. Anil Mehra,Dermatology,17,03-05-2045,Govt Health Center,Kolkata,14,372,0.71,0
Dr. Rohit Verma,Dermatology,13,04-05-2045,City Hospital,Chennai,90,59,1.61,1
Dr. Ravi Kumar,Orthopedics,14,05-05-2045,Metro Hospital,New Delhi,46,137,1.3,1
Dr. Rohit Verma,Cardiology,17,06-05-2045,Govt Health Center,Mumbai,67,389,1.1,0
Dr. Ravi Kumar,Orthopedics,12,07-05-2045,Metro Hospital,Kolkata,72,367,1.34,0
Dr. Ravi Kumar,Pediatrics,15,08-05-2045,Metro Hospital,Mumbai,60,86,0.86,0
Dr. Anil Mehra,Dermatology,13,09-05-2045,Govt Health Center,Mumbai,81,272,1.14,1
Dr. Rohit Verma,Cardiology,12,10-05-2045,Govt Health Center,New Delhi,52,224,1.43,1
Dr. Ravi Kumar,Pediatrics,11,11-05-2045,Metro Hospital,Mumbai,76,258,0.84,0
Dr. Swati Desai,Orthopedics,13,12-05-2045,Metro Hospital,New Delhi,76,98,1.62,1
Dr. Rohit Verma,Dermatology,13,13-05-2045,Govt Health Center,Mumbai,74,73,1.28,1
Dr. Rohit Verma,Orthopedics,13,14-05-2045,City Hospital,Mumbai,71,387,1.79,0
Dr. Rohit Verma,Cardiology,8,15-05-2045,City Hospital,Kolkata,97,459,1.77,0
Dr. Anil Mehra,Cardiology,13,16-05-2045,City Hospital,New Delhi,72,155,1.24,1
Dr. Swati Desai,Cardiology,8,17-05-2045,City Hospital,Chennai,39,360,0.79,0
Dr. Rohit Verma,Cardiology,12,18-05-2045,Govt Health Center,Chennai,99,312,1.6,0
Dr. Ravi Kumar,Cardiology,14,19-05-2045,City Hospital,Chennai,47,255,1.13,1
Dr. Ravi Kumar,Orthopedics,8,20-05-2045,Metro Hospital,Kolkata,60,218,1.39,1
Dr. Anil Mehra,Cardiology,8,21-05-2045,City Hospital,Kolkata,47,435,0.66,0
Dr. Ravi Kumar,Cardiology,13,22-05-2045,Govt Health Center,Mumbai,76,207,1.45,1
Dr. Rohit Verma,Dermatology,14,23-05-2045,City Hospital,Mumbai,86,290,1.06,1
Dr. Ravi Kumar,Cardiology,13,24-05-2045,City Hospital,Chennai,57,172,1,0
Dr. Rohit Verma,Dermatology,12,25-05-2045,Govt Health Center,Mumbai,21,69,1.97,1
Dr. Ravi Kumar,Dermatology,13,26-05-2045,City Hospital,Mumbai,29,105,1.15,1
Dr. Swati Desai,Dermatology,10,27-05-2045,Govt Health Center,Kolkata,81,329,1.52,0
Dr. Anil Mehra,Orthopedics,16,28-05-2045,City Hospital,Chennai,11,157,1.44,1
Dr. Anil Mehra,Orthopedics,12,29-05-2045,Govt Health Center,New Delhi,84,189,0.66,0
Dr. Swati Desai,Pediatrics,9,30-05-2045,City Hospital,Chennai,94,140,1.62,1
Dr. Swati Desai,Pediatrics,17,31-05-2045,Metro Hospital,Kolkata,64,320,0.98,0
Dr. Anil Mehra,Dermatology,17,01-06-2045,Metro Hospital,Chennai,15,378,1.7,0
Dr. Swati Desai,Orthopedics,14,02-06-2045,Govt Health Center,New Delhi,92,259,1.41,1
Dr. Rohit Verma,Cardiology,10,03-06-2045,Govt Health Center,Mumbai,71,225,0.98,0
Dr. Ravi Kumar,Pediatrics,8,04-06-2045,Govt Health Center,Chennai,58,110,1.03,1
Dr. Anil Mehra,Orthopedics,10,05-06-2045,Metro Hospital,Kolkata,93,333,1.6,0
Dr. Swati Desai,Cardiology,16,06-06-2045,Govt Health Center,Kolkata,63,415,1.33,0
Dr. Rohit Verma,Cardiology,12,07-06-2045,City Hospital,Chennai,19,52,1.5,1
Dr. Anil Mehra,Orthopedics,14,08-06-2045,Govt Health Center,Mumbai,33,321,0.74,0
Dr. Swati Desai,Pediatrics,10,09-06-2045,Govt Health Center,Mumbai,38,213,1.68,1
Dr. Anil Mehra,Orthopedics,11,10-06-2045,City Hospital,Kolkata,15,437,0.98,0
Dr. Swati Desai,Pediatrics,8,11-06-2045,City Hospital,Kolkata,67,58,1.43,1
Dr. Anil Mehra,Dermatology,10,12-06-2045,Metro Hospital,New Delhi,87,415,0.67,0
Dr. Rohit Verma,Orthopedics,14,13-06-2045,City Hospital,Mumbai,66,61,0.98,0
Dr. Rohit Verma,Orthopedics,11,14-06-2045,City Hospital,Chennai,12,123,1.47,1
Dr. Ravi Kumar,Pediatrics,9,15-06-2045,Govt Health Center,Kolkata,33,287,0.91,0
Dr. Anil Mehra,Pediatrics,12,16-06-2045,Metro Hospital,Kolkata,28,349,1.82,0
Dr. Ravi Kumar,Orthopedics,12,17-06-2045,City Hospital,Kolkata,18,157,1.49,1
Dr. Anil Mehra,Cardiology,9,18-06-2045,Metro Hospital,Kolkata,39,499,1.81,0
Dr. Swati Desai,Cardiology,13,19-06-2045,City Hospital,Mumbai,86,452,1.09,0
Dr. Swati Desai,Cardiology,17,20-06-2045,Metro Hospital,Kolkata,91,62,0.55,0
Dr. Ravi Kumar,Dermatology,11,21-06-2045,City Hospital,Mumbai,53,283,1.36,1
Dr. Anil Mehra,Dermatology,8,22-06-2045,Govt Health Center,New Delhi,62,488,1.01,0
Dr. Ravi Kumar,Pediatrics,10,23-06-2045,Metro Hospital,New Delhi,95,294,1.17,1
Dr. Rohit Verma,Dermatology,16,24-06-2045,Metro Hospital,Chennai,77,370,1.52,0
Dr. Ravi Kumar,Cardiology,17,25-06-2045,City Hospital,Kolkata,69,141,1.55,1
Dr. Ravi Kumar,Orthopedics,14,26-06-2045,Metro Hospital,Chennai,32,409,0.54,0
Dr. Swati Desai,Dermatology,13,27-06-2045,City Hospital,Mumbai,70,247,1.65,1
Dr. Ravi Kumar,Dermatology,8,28-06-2045,Metro Hospital,Chennai,16,165,1.24,1
Dr. Anil Mehra,Cardiology,16,29-06-2045,Metro Hospital,Chennai,53,180,1.34,1
Dr. Swati Desai,Dermatology,16,30-06-2045,Govt Health Center,Kolkata,64,414,0.95,0
Dr. Ravi Kumar,Pediatrics,8,01-07-2045,Govt Health Center,Mumbai,84,202,1.13,1
Dr. Rohit Verma,Orthopedics,13,02-07-2045,Metro Hospital,Mumbai,48,170,1.57,1
Dr. Ravi Kumar,Cardiology,14,03-07-2045,Govt Health Center,Kolkata,68,157,1.67,1
Dr. Ravi Kumar,Pediatrics,9,04-07-2045,Metro Hospital,Mumbai,14,485,1.08,0
Dr. Ravi Kumar,Cardiology,17,05-07-2045,City Hospital,New Delhi,51,65,1.54,1
Dr. Swati Desai,Pediatrics,15,06-07-2045,Metro Hospital,Kolkata,98,348,0.89,0
Dr. Anil Mehra,Orthopedics,15,07-07-2045,Metro Hospital,Kolkata,23,105,1.75,1
Dr. Rohit Verma,Orthopedics,13,08-07-2045,Govt Health Center,Kolkata,36,441,1.41,0
Dr. Ravi Kumar,Pediatrics,16,09-07-2045,Govt Health Center,New Delhi,25,152,1.66,1
Dr. Anil Mehra,Pediatrics,10,10-07-2045,City Hospital,Mumbai,11,257,1.22,1
Dr. Anil Mehra,Pediatrics,9,11-07-2045,City Hospital,New Delhi,28,477,0.84,0
Dr. Swati Desai,Pediatrics,9,12-07-2045,City Hospital,New Delhi,32,471,1.14,0
Dr. Rohit Verma,Pediatrics,13,13-07-2045,Metro Hospital,New Delhi,50,200,1.07,1
Dr. Swati Desai,Pediatrics,14,14-07-2045,City Hospital,Chennai,23,311,1,0
Dr. Anil Mehra,Orthopedics,13,15-07-2045,City Hospital,Mumbai,56,92,0.82,0
Dr. Anil Mehra,Pediatrics,10,16-07-2045,Govt Health Center,Mumbai,72,349,1.64,0
Dr. Anil Mehra,Dermatology,12,17-07-2045,Govt Health Center,Kolkata,99,167,0.63,0
Dr. Swati Desai,Orthopedics,15,18-07-2045,City Hospital,Kolkata,17,385,1.83,0
Dr. Rohit Verma,Cardiology,13,19-07-2045,City Hospital,Chennai,36,328,0.76,0
Dr. Ravi Kumar,Orthopedics,9,20-07-2045,Metro Hospital,New Delhi,49,193,1.97,1
Dr. Swati Desai,Cardiology,14,21-07-2045,Metro Hospital,Kolkata,37,277,1.98,1
Dr. Anil Mehra,Cardiology,15,22-07-2045,Govt Health Center,Mumbai,77,253,1.1,1
Dr. Swati Desai,Dermatology,11,23-07-2045,City Hospital,Kolkata,70,278,1.98,1
Dr. Anil Mehra,Pediatrics,8,24-07-2045,City Hospital,New Delhi,47,314,1.8,0
Dr. Ravi Kumar,Pediatrics,9,25-07-2045,City Hospital,Chennai,84,186,0.62,0
Dr. Ravi Kumar,Orthopedics,11,26-07-2045,City Hospital,New Delhi,33,289,1.92,1
Dr. Rohit Verma,Pediatrics,14,27-07-2045,City Hospital,Kolkata,37,235,0.56,0
Dr. Anil Mehra,Dermatology,9,28-07-2045,Metro Hospital,Chennai,50,498,0.77,0
Dr. Rohit Verma,Orthopedics,13,29-07-2045,Metro Hospital,Chennai,27,364,1.38,0
Dr. Rohit Verma,Orthopedics,9,30-07-2045,City Hospital,New Delhi,58,200,0.62,0
Dr. Ravi Kumar,Orthopedics,14,31-07-2045,Metro Hospital,Kolkata,94,374,0.74,0
Dr. Swati Desai,Pediatrics,9,01-08-2045,Metro Hospital,New Delhi,35,452,1.93,0
Dr. Swati Desai,Pediatrics,10,02-08-2045,City Hospital,Kolkata,12,340,1.99,0
Dr. Rohit Verma,Pediatrics,16,03-08-2045,Metro Hospital,Kolkata,86,402,1.7,0
Dr. Ravi Kumar,Orthopedics,11,04-08-2045,City Hospital,Mumbai,47,488,1.27,0
Dr. Anil Mehra,Orthopedics,12,05-08-2045,Metro Hospital,Chennai,23,159,1.85,1
Dr. Swati Desai,Cardiology,16,06-08-2045,City Hospital,Kolkata,10,89,0.67,0
Dr. Rohit Verma,Cardiology,14,07-08-2045,City Hospital,New Delhi,20,191,1.91,1
Dr. Swati Desai,Pediatrics,15,08-08-2045,Metro Hospital,New Delhi,49,389,1.03,0
Dr. Swati Desai,Orthopedics,10,09-08-2045,Metro Hospital,Mumbai,13,421,1.79,0
Dr. Anil Mehra,Pediatrics,11,10-08-2045,Govt Health Center,Mumbai,43,62,1.5,1
Dr. Ravi Kumar,Pediatrics,14,11-08-2045,City Hospital,Mumbai,74,102,1.94,1
Dr. Anil Mehra,Cardiology,11,12-08-2045,City Hospital,Chennai,65,129,1.8,1
Dr. Ravi Kumar,Dermatology,9,13-08-2045,City Hospital,Mumbai,19,282,1.83,1
Dr. Swati Desai,Pediatrics,17,14-08-2045,City Hospital,Chennai,90,400,1.45,0
Dr. Rohit Verma,Dermatology,13,15-08-2045,Metro Hospital,Mumbai,80,88,1.75,1
Dr. Anil Mehra,Dermatology,16,16-08-2045,Metro Hospital,Chennai,73,276,1.64,1
Dr. Ravi Kumar,Orthopedics,9,17-08-2045,Govt Health Center,Kolkata,22,389,0.74,0
Dr. Swati Desai,Orthopedics,8,18-08-2045,City Hospital,Mumbai,31,170,1.47,1
Dr. Ravi Kumar,Pediatrics,15,19-08-2045,Govt Health Center,Chennai,65,114,0.72,0
Dr. Ravi Kumar,Cardiology,8,20-08-2045,Govt Health Center,Kolkata,74,489,1.8,0
Dr. Ravi Kumar,Cardiology,8,21-08-2045,Govt Health Center,Mumbai,22,345,0.6,0
Dr. Swati Desai,Pediatrics,10,22-08-2045,Govt Health Center,Kolkata,10,479,1.98,0
Dr. Rohit Verma,Pediatrics,12,23-08-2045,Govt Health Center,Mumbai,47,254,1.1,1
Dr. Rohit Verma,Cardiology,16,24-08-2045,Metro Hospital,New Delhi,67,184,0.76,0
Dr. Rohit Verma,Dermatology,17,25-08-2045,Metro Hospital,Chennai,34,94,1.9,1
Dr. Ravi Kumar,Pediatrics,9,26-08-2045,Govt Health Center,New Delhi,51,327,0.57,0
Dr. Swati Desai,Dermatology,8,27-08-2045,Metro Hospital,Chennai,94,184,1.21,1
Dr. Ravi Kumar,Pediatrics,8,28-08-2045,Metro Hospital,New Delhi,42,427,1.66,0
Dr. Rohit Verma,Pediatrics,15,29-08-2045,Govt Health Center,Mumbai,66,101,0.98,0
Dr. Rohit Verma,Dermatology,17,30-08-2045,Metro Hospital,New Delhi,46,278,1.29,1
Dr. Swati Desai,Dermatology,17,31-08-2045,Metro Hospital,Mumbai,66,405,1.55,0
Dr. Ravi Kumar,Cardiology,17,01-09-2045,City Hospital,Chennai,71,117,1.93,1
Dr. Anil Mehra,Pediatrics,9,02-09-2045,Govt Health Center,Mumbai,12,247,0.65,0
Dr. Anil Mehra,Orthopedics,16,03-09-2045,City Hospital,New Delhi,39,116,0.74,0
Dr. Rohit Verma,Orthopedics,16,04-09-2045,City Hospital,Kolkata,76,52,1.26,1
Dr. Swati Desai,Pediatrics,9,05-09-2045,Govt Health Center,Chennai,72,107,1.13,1
Dr. Ravi Kumar,Pediatrics,10,06-09-2045,City Hospital,Kolkata,91,425,1.12,0
Dr. Ravi Kumar,Pediatrics,9,07-09-2045,City Hospital,Kolkata,32,305,0.95,0
Dr. Rohit Verma,Dermatology,13,08-09-2045,Metro Hospital,Kolkata,81,405,1.34,0
Dr. Rohit Verma,Orthopedics,14,09-09-2045,City Hospital,Kolkata,82,487,1.82,0
Dr. Ravi Kumar,Orthopedics,13,10-09-2045,Govt Health Center,Kolkata,75,314,0.74,0
Dr. Ravi Kumar,Orthopedics,10,11-09-2045,Metro Hospital,New Delhi,70,487,0.82,0
Dr. Rohit Verma,Pediatrics,10,12-09-2045,Metro Hospital,Mumbai,11,484,1.51,0
Dr. Ravi Kumar,Dermatology,9,13-09-2045,Metro Hospital,Mumbai,36,65,0.58,0
Dr. Anil Mehra,Pediatrics,9,14-09-2045,Govt Health Center,Kolkata,57,317,1.51,0
Dr. Rohit Verma,Cardiology,12,15-09-2045,Govt Health Center,New Delhi,72,151,0.97,0
Dr. Ravi Kumar,Cardiology,15,16-09-2045,Govt Health Center,Kolkata,14,453,1.04,0
Dr. Rohit Verma,Orthopedics,13,17-09-2045,City Hospital,Kolkata,10,486,1.11,0
Dr. Swati Desai,Pediatrics,16,18-09-2045,City Hospital,Chennai,31,336,1.02,0
Dr. Rohit Verma,Cardiology,12,19-09-2045,Metro Hospital,New Delhi,83,271,1.76,1
Dr. Rohit Verma,Cardiology,17,20-09-2045,Metro Hospital,Kolkata,33,70,1.92,1
Dr. Swati Desai,Pediatrics,11,21-09-2045,Govt Health Center,Mumbai,68,436,1.32,0
Dr. Anil Mehra,Dermatology,16,22-09-2045,Govt Health Center,Chennai,88,70,1.37,1
Dr. Ravi Kumar,Pediatrics,17,23-09-2045,City Hospital,Kolkata,59,141,0.61,0
Dr. Swati Desai,Pediatrics,12,24-09-2045,City Hospital,Kolkata,32,333,1.57,0
Dr. Rohit Verma,Dermatology,8,25-09-2045,Govt Health Center,Kolkata,87,182,1.38,1
Dr. Ravi Kumar,Orthopedics,12,26-09-2045,Govt Health Center,New Delhi,27,376,0.58,0
Dr. Swati Desai,Orthopedics,12,27-09-2045,City Hospital,Kolkata,98,378,0.8,0
Dr. Ravi Kumar,Orthopedics,12,28-09-2045,Metro Hospital,Mumbai,31,224,0.8,0
Dr. Ravi Kumar,Dermatology,9,29-09-2045,Metro Hospital,Chennai,53,262,0.76,0
Dr. Swati Desai,Cardiology,13,30-09-2045,City Hospital,New Delhi,53,197,1.49,1
Dr. Ravi Kumar,Dermatology,12,01-10-2045,City Hospital,Chennai,46,471,1.89,0
Dr. Anil Mehra,Pediatrics,9,02-10-2045,Metro Hospital,Mumbai,16,281,1.64,1
Dr. Swati Desai,Dermatology,17,03-10-2045,City Hospital,Kolkata,99,421,1.22,0
Dr. Anil Mehra,Cardiology,15,04-10-2045,Metro Hospital,New Delhi,33,214,1.11,1
Dr. Rohit Verma,Cardiology,13,05-10-2045,Metro Hospital,Kolkata,86,363,1.08,0
Dr. Ravi Kumar,Pediatrics,17,06-10-2045,City Hospital,New Delhi,50,194,1.4,1
Dr. Rohit Verma,Orthopedics,10,07-10-2045,Govt Health Center,Kolkata,79,347,1.04,0
Dr. Rohit Verma,Cardiology,16,08-10-2045,Govt Health Center,Mumbai,94,272,0.84,0
Dr. Ravi Kumar,Cardiology,11,09-10-2045,Govt Health Center,Mumbai,80,402,1.4,0
Dr. Swati Desai,Cardiology,10,10-10-2045,Govt Health Center,Kolkata,27,465,1.09,0
Dr. Ravi Kumar,Pediatrics,14,11-10-2045,Govt Health Center,Mumbai,88,111,0.52,0
Dr. Rohit Verma,Cardiology,15,12-10-2045,Govt Health Center,Kolkata,81,145,0.53,0
Dr. Rohit Verma,Orthopedics,14,13-10-2045,Govt Health Center,New Delhi,69,161,0.91,0
Dr. Swati Desai,Pediatrics,8,14-10-2045,City Hospital,Mumbai,61,425,1.27,0
Dr. Ravi Kumar,Orthopedics,8,15-10-2045,City Hospital,New Delhi,89,136,1.03,1
Dr. Rohit Verma,Cardiology,12,16-10-2045,Govt Health Center,Kolkata,58,454,0.54,0
Dr. Anil Mehra,Cardiology,15,17-10-2045,City Hospital,New Delhi,76,466,0.83,0
Dr. Rohit Verma,Orthopedics,17,18-10-2045,Metro Hospital,Chennai,54,304,0.64,0
Dr. Rohit Verma,Pediatrics,10,19-10-2045,Govt Health Center,Kolkata,18,439,1.92,0
Dr. Swati Desai,Pediatrics,15,20-10-2045,Metro Hospital,Mumbai,35,162,0.97,0
Dr. Anil Mehra,Orthopedics,10,21-10-2045,City Hospital,Mumbai,35,303,0.52,0
Dr. Rohit Verma,Cardiology,11,22-10-2045,Govt Health Center,Chennai,39,397,1.49,0
Dr. Rohit Verma,Dermatology,17,23-10-2045,Metro Hospital,Kolkata,36,371,0.85,0
Dr. Anil Mehra,Orthopedics,14,24-10-2045,City Hospital,Kolkata,89,81,1.35,1
Dr. Ravi Kumar,Orthopedics,10,25-10-2045,Govt Health Center,Kolkata,13,113,0.73,0
Dr. Ravi Kumar,Orthopedics,11,26-10-2045,Govt Health Center,Kolkata,60,203,1.98,1
Dr. Rohit Verma,Cardiology,15,27-10-2045,Metro Hospital,New Delhi,92,495,1.96,0
Dr. Rohit Verma,Pediatrics,11,28-10-2045,Metro Hospital,Kolkata,79,54,1.48,1
Dr. Ravi Kumar,Cardiology,16,29-10-2045,Metro Hospital,New Delhi,88,444,1.56,0
Dr. Swati Desai,Orthopedics,11,30-10-2045,City Hospital,New Delhi,19,433,1.14,0
Dr. Anil Mehra,Cardiology,11,31-10-2045,Metro Hospital,Mumbai,45,379,1.94,0
Dr. Anil Mehra,Cardiology,12,01-11-2045,Metro Hospital,Kolkata,55,259,1.14,1
Dr. Swati Desai,Orthopedics,8,02-11-2045,Metro Hospital,New Delhi,15,482,0.86,0
Dr. Swati Desai,Cardiology,14,03-11-2045,Govt Health Center,Kolkata,79,141,0.67,0
Dr. Swati Desai,Dermatology,16,04-11-2045,Metro Hospital,Chennai,88,271,0.81,0
Dr. Swati Desai,Cardiology,16,05-11-2045,Metro Hospital,New Delhi,98,239,1.36,1
Dr. Swati Desai,Cardiology,8,06-11-2045,City Hospital,Mumbai,92,109,0.87,0
Dr. Swati Desai,Pediatrics,13,07-11-2045,City Hospital,Kolkata,87,254,1.48,1
Dr. Anil Mehra,Pediatrics,10,08-11-2045,Metro Hospital,Mumbai,12,261,1.07,1
Dr. Swati Desai,Orthopedics,11,09-11-2045,City Hospital,New Delhi,59,307,1.83,0
Dr. Ravi Kumar,Orthopedics,15,10-11-2045,City Hospital,New Delhi,51,138,1.34,1
Dr. Swati Desai,Pediatrics,11,11-11-2045,City Hospital,Mumbai,87,285,1.43,1
Dr. Swati Desai,Dermatology,15,12-11-2045,Govt Health Center,Kolkata,63,492,1.33,0
Dr. Anil Mehra,Cardiology,11,13-11-2045,Metro Hospital,New Delhi,48,412,1.83,0
Dr. Anil Mehra,Dermatology,16,14-11-2045,Metro Hospital,Chennai,94,420,0.6,0
Dr. Swati Desai,Dermatology,13,15-11-2045,Metro Hospital,Mumbai,64,381,0.6,0
Dr. Anil Mehra,Pediatrics,8,16-11-2045,City Hospital,New Delhi,20,458,1.55,0
Dr. Rohit Verma,Orthopedics,17,17-11-2045,City Hospital,Kolkata,83,245,1.65,1
Dr. Anil Mehra,Cardiology,9,18-11-2045,City Hospital,New Delhi,88,475,1.15,0
Dr. Anil Mehra,Orthopedics,14,19-11-2045,Govt Health Center,Kolkata,39,381,1.03,0
Dr. Anil Mehra,Dermatology,17,20-11-2045,City Hospital,Kolkata,90,232,0.92,0
Dr. Anil Mehra,Dermatology,14,21-11-2045,Govt Health Center,New Delhi,65,471,0.85,0
Dr. Ravi Kumar,Orthopedics,10,22-11-2045,Metro Hospital,Chennai,38,300,1.87,0
Dr. Ravi Kumar,Orthopedics,8,23-11-2045,City Hospital,Kolkata,26,273,0.94,0
Dr. Ravi Kumar,Pediatrics,15,24-11-2045,Govt Health Center,Mumbai,42,220,1.47,1
Dr. Swati Desai,Orthopedics,17,25-11-2045,Govt Health Center,Kolkata,30,247,1.68,1
Dr. Swati Desai,Orthopedics,17,26-11-2045,City Hospital,Kolkata,87,298,0.53,0
Dr. Rohit Verma,Pediatrics,14,27-11-2045,Govt Health Center,Chennai,19,230,0.55,0
Dr. Ravi Kumar,Orthopedics,17,28-11-2045,City Hospital,Kolkata,96,433,1,0
Dr. Swati Desai,Dermatology,15,29-11-2045,Govt Health Center,New Delhi,48,326,1.54,0
Dr. Anil Mehra,Orthopedics,8,30-11-2045,Metro Hospital,Chennai,87,453,0.89,0
Dr. Anil Mehra,Cardiology,10,01-12-2045,Metro Hospital,Kolkata,56,324,0.5,0
Dr. Ravi Kumar,Dermatology,9,02-12-2045,Metro Hospital,New Delhi,95,210,0.93,0
Dr. Rohit Verma,Pediatrics,8,03-12-2045,City Hospital,New Delhi,61,297,0.64,0
Dr. Rohit Verma,Dermatology,12,04-12-2045,Metro Hospital,Kolkata,50,368,0.83,0
Dr. Anil Mehra,Pediatrics,10,05-12-2045,Metro Hospital,Mumbai,56,237,1,0
Dr. Rohit Verma,Cardiology,17,06-12-2045,Metro Hospital,Mumbai,82,68,0.69,0
Dr. Ravi Kumar,Cardiology,15,07-12-2045,City Hospital,Kolkata,96,293,1.56,1
Dr. Anil Mehra,Dermatology,13,08-12-2045,Govt Health Center,Kolkata,80,162,0.88,0
Dr. Swati Desai,Orthopedics,17,09-12-2045,City Hospital,New Delhi,97,461,1.49,0
Dr. Swati Desai,Dermatology,16,10-12-2045,City Hospital,Kolkata,52,327,1.4,0
Dr. Rohit Verma,Dermatology,16,11-12-2045,Metro Hospital,Kolkata,46,100,1.85,1
Dr. Anil Mehra,Cardiology,13,12-12-2045,Govt Health Center,New Delhi,82,393,0.63,0
Dr. Anil Mehra,Pediatrics,9,13-12-2045,Metro Hospital,Kolkata,73,172,0.82,0
Dr. Swati Desai,Dermatology,16,14-12-2045,Metro Hospital,Kolkata,80,287,1.8,1
Dr. Anil Mehra,Orthopedics,9,15-12-2045,City Hospital,Kolkata,69,368,1.73,0
Dr. Anil Mehra,Cardiology,10,16-12-2045,City Hospital,New Delhi,96,111,0.79,0
Dr. Anil Mehra,Dermatology,13,17-12-2045,City Hospital,Kolkata,34,462,0.66,0
Dr. Rohit Verma,Dermatology,9,18-12-2045,Metro Hospital,Mumbai,31,123,1.78,1
Dr. Anil Mehra,Orthopedics,12,19-12-2045,Govt Health Center,Kolkata,52,294,0.77,0
Dr. Ravi Kumar,Dermatology,9,20-12-2045,Govt Health Center,Mumbai,80,81,1.81,1
Dr. Rohit Verma,Dermatology,11,21-12-2045,Metro Hospital,Kolkata,79,202,1.94,1
Dr. Anil Mehra,Dermatology,10,22-12-2045,Govt Health Center,New Delhi,45,193,0.83,0
Dr. Anil Mehra,Dermatology,12,23-12-2045,Metro Hospital,Mumbai,55,64,1.76,1
Dr. Ravi Kumar,Orthopedics,13,24-12-2045,Govt Health Center,Kolkata,31,492,1.14,0
Dr. Rohit Verma,Dermatology,14,25-12-2045,Metro Hospital,Kolkata,44,353,1.68,0
Dr. Swati Desai,Dermatology,17,26-12-2045,Govt Health Center,Kolkata,56,323,1.11,0
Dr. Swati Desai,Dermatology,15,27-12-2045,City Hospital,Kolkata,42,294,0.61,0
Dr. Rohit Verma,Cardiology,16,28-12-2045,City Hospital,New Delhi,94,328,1.57,0
Dr. Anil Mehra,Orthopedics,11,29-12-2045,City Hospital,Chennai,84,104,0.73,0
Dr. Anil Mehra,Cardiology,11,30-12-2045,City Hospital,Mumbai,22,91,1.89,1
Dr. Swati Desai,Cardiology,14,31-12-2045,Metro Hospital,Kolkata,65,436,1.13,0
Dr. Swati Desai,Orthopedics,17,01-01-2046,Govt Health Center,New Delhi,76,408,0.62,0
Dr. Swati Desai,Cardiology,17,02-01-2046,Metro Hospital,Chennai,22,101,0.84,0
Dr. Ravi Kumar,Cardiology,16,03-01-2046,City Hospital,New Delhi,59,60,1.79,1
Dr. Swati Desai,Cardiology,9,04-01-2046,Govt Health Center,Kolkata,66,360,0.98,0
Dr. Ravi Kumar,Orthopedics,13,05-01-2046,Metro Hospital,Chennai,37,137,1.78,1
Dr. Rohit Verma,Dermatology,17,06-01-2046,City Hospital,Mumbai,96,276,0.76,0
Dr. Anil Mehra,Pediatrics,17,07-01-2046,Govt Health Center,Mumbai,97,163,1.2,1
Dr. Swati Desai,Pediatrics,15,08-01-2046,Govt Health Center,New Delhi,74,74,1.82,1
Dr. Anil Mehra,Orthopedics,12,09-01-2046,City Hospital,Mumbai,33,141,0.57,0
Dr. Anil Mehra,Pediatrics,12,10-01-2046,City Hospital,Mumbai,76,136,0.96,0
Dr. Swati Desai,Orthopedics,15,11-01-2046,Govt Health Center,Chennai,90,130,1.86,1
Dr. Swati Desai,Orthopedics,8,12-01-2046,City Hospital,Mumbai,16,299,1.39,1
Dr. Rohit Verma,Pediatrics,13,13-01-2046,Metro Hospital,Chennai,83,299,1.57,1
Dr. Ravi Kumar,Cardiology,17,14-01-2046,City Hospital,Chennai,92,474,1.76,0
Dr. Ravi Kumar,Dermatology,16,15-01-2046,City Hospital,Chennai,33,470,1.29,0
Dr. Anil Mehra,Pediatrics,13,16-01-2046,City Hospital,Mumbai,18,259,1.77,1
Dr. Swati Desai,Pediatrics,14,17-01-2046,Govt Health Center,New Delhi,24,488,1.46,0
Dr. Rohit Verma,Pediatrics,11,18-01-2046,Govt Health Center,New Delhi,65,58,1.53,1
Dr. Rohit Verma,Pediatrics,17,19-01-2046,City Hospital,Mumbai,95,148,0.73,0
Dr. Rohit Verma,Orthopedics,8,20-01-2046,Govt Health Center,Chennai,26,85,1.91,1
Dr. Rohit Verma,Orthopedics,16,21-01-2046,City Hospital,Mumbai,28,106,1.69,1
Dr. Rohit Verma,Dermatology,13,22-01-2046,Metro Hospital,Kolkata,18,112,0.88,0
Dr. Ravi Kumar,Dermatology,10,23-01-2046,Govt Health Center,New Delhi,73,387,1.37,0
Dr. Ravi Kumar,Pediatrics,11,24-01-2046,City Hospital,Chennai,66,325,1.06,0
Dr. Ravi Kumar,Pediatrics,17,25-01-2046,Govt Health Center,Mumbai,47,262,1.49,1
Dr. Swati Desai,Pediatrics,13,26-01-2046,Metro Hospital,Chennai,92,352,1.99,0
Dr. Anil Mehra,Dermatology,13,27-01-2046,Metro Hospital,Kolkata,17,69,0.57,0
Dr. Rohit Verma,Pediatrics,16,28-01-2046,City Hospital,Chennai,15,296,1.93,1
Dr. Swati Desai,Cardiology,11,29-01-2046,Govt Health Center,Kolkata,58,55,0.61,0
Dr. Rohit Verma,Dermatology,12,30-01-2046,Metro Hospital,New Delhi,54,122,1.19,1
Dr. Ravi Kumar,Cardiology,12,31-01-2046,Govt Health Center,Chennai,30,156,1.22,1
Dr. Swati Desai,Pediatrics,10,01-02-2046,City Hospital,Mumbai,43,142,0.9,0
Dr. Ravi Kumar,Orthopedics,9,02-02-2046,Metro Hospital,Chennai,21,334,1.35,0
Dr. Rohit Verma,Cardiology,15,03-02-2046,Metro Hospital,Chennai,48,405,1.75,0
Dr. Rohit Verma,Dermatology,17,04-02-2046,Govt Health Center,Kolkata,15,268,0.94,0
Dr. Anil Mehra,Cardiology,16,05-02-2046,Metro Hospital,Kolkata,90,416,0.61,0
Dr. Rohit Verma,Dermatology,17,06-02-2046,City Hospital,Mumbai,41,426,1.45,0
Dr. Ravi Kumar,Pediatrics,16,07-02-2046,City Hospital,New Delhi,69,98,1.63,1
Dr. Rohit Verma,Cardiology,12,08-02-2046,Metro Hospital,New Delhi,17,413,1.93,0
Dr. Anil Mehra,Orthopedics,16,09-02-2046,City Hospital,Kolkata,47,439,0.74,0
Dr. Anil Mehra,Cardiology,11,10-02-2046,Metro Hospital,Mumbai,28,344,1.85,0
Dr. Ravi Kumar,Orthopedics,9,11-02-2046,Metro Hospital,Chennai,64,337,1.22,0
Dr. Swati Desai,Dermatology,10,12-02-2046,Metro Hospital,Mumbai,18,226,0.85,0
Dr. Rohit Verma,Pediatrics,8,13-02-2046,Metro Hospital,Mumbai,61,348,1.94,0
Dr. Anil Mehra,Pediatrics,12,14-02-2046,Govt Health Center,Mumbai,37,157,0.86,0
Dr. Rohit Verma,Orthopedics,8,15-02-2046,Metro Hospital,New Delhi,71,333,1.6,0
Dr. Rohit Verma,Dermatology,8,16-02-2046,City Hospital,Chennai,57,350,1.68,0
Dr. Swati Desai,Pediatrics,14,17-02-2046,Govt Health Center,Mumbai,48,114,1.15,1
Dr. Anil Mehra,Dermatology,9,18-02-2046,City Hospital,New Delhi,62,355,1.53,0
Dr. Rohit Verma,Orthopedics,15,19-02-2046,Metro Hospital,New Delhi,72,103,1.36,1
Dr. Anil Mehra,Orthopedics,13,20-02-2046,City Hospital,Kolkata,28,356,0.79,0
Dr. Ravi Kumar,Cardiology,11,21-02-2046,Govt Health Center,Chennai,42,348,1.64,0
Dr. Ravi Kumar,Pediatrics,16,22-02-2046,City Hospital,Mumbai,73,369,1.89,0
Dr. Rohit Verma,Pediatrics,17,23-02-2046,Govt Health Center,Chennai,35,79,1.23,1
Dr. Anil Mehra,Cardiology,15,24-02-2046,Metro Hospital,Kolkata,54,295,1.99,1
Dr. Rohit Verma,Orthopedics,17,25-02-2046,Metro Hospital,Kolkata,10,259,1.14,1
Dr. Anil Mehra,Orthopedics,10,26-02-2046,City Hospital,Mumbai,84,270,1.22,1
Dr. Anil Mehra,Orthopedics,10,27-02-2046,City Hospital,New Delhi,75,219,1.51,1
Dr. Swati Desai,Orthopedics,11,28-02-2046,Metro Hospital,Kolkata,44,471,0.78,0
Dr. Swati Desai,Dermatology,16,01-03-2046,Metro Hospital,New Delhi,86,392,1.85,0
Dr. Swati Desai,Pediatrics,16,02-03-2046,City Hospital,Kolkata,54,263,1.7,1
Dr. Rohit Verma,Pediatrics,12,03-03-2046,Metro Hospital,Chennai,85,371,1.81,0
Dr. Swati Desai,Orthopedics,16,04-03-2046,Govt Health Center,Mumbai,42,118,1.41,1
Dr. Swati Desai,Orthopedics,13,05-03-2046,Govt Health Center,Kolkata,91,283,1.83,1
Dr. Ravi Kumar,Orthopedics,15,06-03-2046,City Hospital,Chennai,78,64,1.52,1
Dr. Anil Mehra,Pediatrics,15,07-03-2046,City Hospital,Kolkata,92,494,1.27,0
Dr. Anil Mehra,Pediatrics,17,08-03-2046,Metro Hospital,Mumbai,40,415,1.9,0
Dr. Swati Desai,Orthopedics,14,09-03-2046,Metro Hospital,Chennai,73,183,1.16,1
Dr. Anil Mehra,Dermatology,11,10-03-2046,Govt Health Center,New Delhi,24,255,1.25,1
Dr. Ravi Kumar,Cardiology,11,11-03-2046,City Hospital,Kolkata,55,73,0.75,0
Dr. Ravi Kumar,Cardiology,13,12-03-2046,City Hospital,Kolkata,57,426,1.92,0
Dr. Swati Desai,Cardiology,16,13-03-2046,City Hospital,Chennai,77,134,0.83,0
Dr. Ravi Kumar,Pediatrics,14,14-03-2046,City Hospital,Mumbai,92,191,0.8,0
Dr. Anil Mehra,Pediatrics,12,15-03-2046,Govt Health Center,Kolkata,94,189,0.65,0
Dr. Rohit Verma,Cardiology,12,16-03-2046,Govt Health Center,Chennai,49,488,1.18,0
Dr. Anil Mehra,Cardiology,15,17-03-2046,City Hospital,Mumbai,10,373,0.91,0
Dr. Rohit Verma,Dermatology,13,18-03-2046,Govt Health Center,Kolkata,29,171,1.61,1
Dr. Swati Desai,Pediatrics,8,19-03-2046,City Hospital,Chennai,31,349,0.96,0
Dr. Rohit Verma,Pediatrics,8,20-03-2046,Govt Health Center,Mumbai,63,390,1.58,0
Dr. Ravi Kumar,Cardiology,16,21-03-2046,Metro Hospital,Kolkata,86,228,0.79,0
Dr. Anil Mehra,Dermatology,15,22-03-2046,Govt Health Center,Kolkata,74,257,0.84,0
Dr. Rohit Verma,Dermatology,13,23-03-2046,City Hospital,Mumbai,24,215,1.71,1
Dr. Anil Mehra,Cardiology,8,24-03-2046,Metro Hospital,Mumbai,70,90,1.06,1
Dr. Swati Desai,Cardiology,9,25-03-2046,City Hospital,Chennai,88,171,0.67,0
Dr. Swati Desai,Pediatrics,17,26-03-2046,Metro Hospital,Kolkata,23,93,1.94,1
Dr. Ravi Kumar,Cardiology,10,27-03-2046,Metro Hospital,Kolkata,78,124,0.77,0
Dr. Swati Desai,Orthopedics,17,28-03-2046,Govt Health Center,Chennai,58,397,0.73,0
Dr. Rohit Verma,Dermatology,10,29-03-2046,Govt Health Center,Kolkata,15,321,1.04,0
Dr. Swati Desai,Cardiology,9,30-03-2046,Metro Hospital,Kolkata,50,483,0.64,0
Dr. Ravi Kumar,Orthopedics,9,31-03-2046,Metro Hospital,Kolkata,40,215,0.73,0
Dr. Anil Mehra,Dermatology,13,01-04-2046,Metro Hospital,New Delhi,99,299,1.77,1
Dr. Anil Mehra,Orthopedics,14,02-04-2046,City Hospital,Mumbai,73,135,0.76,0
Dr. Swati Desai,Orthopedics,11,03-04-2046,Govt Health Center,New Delhi,98,438,0.67,0
Dr. Rohit Verma,Cardiology,8,04-04-2046,City Hospital,New Delhi,60,186,1.82,1
Dr. Ravi Kumar,Dermatology,13,05-04-2046,Govt Health Center,Mumbai,68,382,1.17,0
Dr. Rohit Verma,Orthopedics,14,06-04-2046,City Hospital,New Delhi,64,88,0.74,0
Dr. Ravi Kumar,Pediatrics,11,07-04-2046,Govt Health Center,Chennai,58,136,1.37,1
Dr. Swati Desai,Dermatology,13,08-04-2046,Metro Hospital,New Delhi,49,204,0.56,0
Dr. Ravi Kumar,Pediatrics,16,09-04-2046,Metro Hospital,Chennai,24,209,1.14,1
Dr. Ravi Kumar,Cardiology,11,10-04-2046,Govt Health Center,Mumbai,79,113,1.39,1
Dr. Swati Desai,Pediatrics,17,11-04-2046,Metro Hospital,Kolkata,74,272,1.94,1
Dr. Rohit Verma,Dermatology,11,12-04-2046,Metro Hospital,Mumbai,16,466,0.99,0
Dr. Swati Desai,Orthopedics,17,13-04-2046,City Hospital,Mumbai,71,411,1.65,0
Dr. Ravi Kumar,Orthopedics,12,14-04-2046,Govt Health Center,New Delhi,63,395,0.7,0
Dr. Swati Desai,Dermatology,10,15-04-2046,Metro Hospital,Mumbai,61,195,1.15,1
Dr. Ravi Kumar,Orthopedics,17,16-04-2046,Govt Health Center,Mumbai,60,253,0.83,0
Dr. Swati Desai,Pediatrics,9,17-04-2046,City Hospital,Chennai,13,116,1.24,1
Dr. Anil Mehra,Orthopedics,16,18-04-2046,Govt Health Center,Kolkata,10,54,1.13,1
Dr. Anil Mehra,Orthopedics,8,19-04-2046,City Hospital,New Delhi,75,108,1.97,1
Dr. Swati Desai,Pediatrics,12,20-04-2046,City Hospital,Kolkata,44,125,1.88,1
Dr. Rohit Verma,Pediatrics,12,21-04-2046,City Hospital,Kolkata,86,309,1.37,0
Dr. Ravi Kumar,Pediatrics,15,22-04-2046,Metro Hospital,Kolkata,90,297,0.76,0
Dr. Anil Mehra,Cardiology,13,23-04-2046,City Hospital,New Delhi,19,65,1.34,1
Dr. Rohit Verma,Pediatrics,13,24-04-2046,Govt Health Center,Mumbai,76,124,1.69,1
Dr. Ravi Kumar,Pediatrics,13,25-04-2046,Govt Health Center,Kolkata,77,405,0.56,0
Dr. Anil Mehra,Cardiology,11,26-04-2046,Metro Hospital,New Delhi,98,426,1.15,0
Dr. Anil Mehra,Orthopedics,8,27-04-2046,Metro Hospital,Mumbai,74,225,0.56,0
Dr. Swati Desai,Pediatrics,10,28-04-2046,City Hospital,Kolkata,60,371,0.87,0
Dr. Ravi Kumar,Dermatology,17,29-04-2046,City Hospital,Chennai,39,185,0.64,0
Dr. Rohit Verma,Pediatrics,13,30-04-2046,City Hospital,New Delhi,48,477,1.94,0
Dr. Rohit Verma,Pediatrics,12,01-05-2046,Metro Hospital,Kolkata,19,326,0.75,0
Dr. Rohit Verma,Cardiology,17,02-05-2046,Metro Hospital,New Delhi,53,331,0.73,0
Dr. Ravi Kumar,Dermatology,8,03-05-2046,Govt Health Center,Chennai,41,468,1.96,0
Dr. Rohit Verma,Orthopedics,12,04-05-2046,City Hospital,New Delhi,53,448,1.27,0
Dr. Rohit Verma,Orthopedics,9,05-05-2046,City Hospital,Mumbai,72,217,1.64,1
Dr. Rohit Verma,Dermatology,8,06-05-2046,Govt Health Center,Kolkata,70,79,0.99,0
Dr. Swati Desai,Pediatrics,11,07-05-2046,Govt Health Center,New Delhi,74,371,1.3,0
Dr. Swati Desai,Cardiology,13,08-05-2046,Govt Health Center,New Delhi,50,385,0.51,0
Dr. Ravi Kumar,Dermatology,14,09-05-2046,Govt Health Center,Kolkata,90,318,1.11,0
Dr. Ravi Kumar,Dermatology,16,10-05-2046,City Hospital,Chennai,21,50,1.33,1
Dr. Rohit Verma,Orthopedics,12,11-05-2046,Metro Hospital,Chennai,11,220,1.27,1
Dr. Swati Desai,Cardiology,15,12-05-2046,City Hospital,Kolkata,82,461,1.11,0
Dr. Anil Mehra,Dermatology,15,13-05-2046,Govt Health Center,Kolkata,85,178,1.68,1
Dr. Anil Mehra,Cardiology,16,14-05-2046,Metro Hospital,Mumbai,69,217,1.25,1
Dr. Rohit Verma,Pediatrics,10,15-05-2046,City Hospital,New Delhi,34,467,1.45,0
Dr. Rohit Verma,Orthopedics,10,16-05-2046,Govt Health Center,New Delhi,70,446,0.78,0
Dr. Swati Desai,Pediatrics,16,17-05-2046,Metro Hospital,Chennai,31,110,1.79,1
Dr. Swati Desai,Cardiology,14,18-05-2046,Metro Hospital,Mumbai,65,166,1.04,1
Dr. Swati Desai,Pediatrics,11,19-05-2046,Metro Hospital,New Delhi,30,371,1.22,0
Dr. Ravi Kumar,Orthopedics,8,20-05-2046,City Hospital,Mumbai,64,172,1.03,1
Dr. Ravi Kumar,Cardiology,14,21-05-2046,Govt Health Center,Kolkata,49,309,1.84,0
Dr. Rohit Verma,Dermatology,17,22-05-2046,City Hospital,New Delhi,60,275,1.85,1
Dr. Ravi Kumar,Pediatrics,13,23-05-2046,City Hospital,Kolkata,31,446,0.84,0
Dr. Swati Desai,Orthopedics,10,24-05-2046,City Hospital,Chennai,37,341,1.63,0
Dr. Swati Desai,Dermatology,12,25-05-2046,Metro Hospital,Chennai,13,401,0.65,0
Dr. Ravi Kumar,Orthopedics,10,26-05-2046,Govt Health Center,Kolkata,35,494,0.54,0
Dr. Anil Mehra,Cardiology,15,27-05-2046,City Hospital,Chennai,96,235,1.75,1
Dr. Rohit Verma,Cardiology,12,28-05-2046,Govt Health Center,Kolkata,69,134,0.7,0
Dr. Anil Mehra,Pediatrics,17,29-05-2046,Metro Hospital,Kolkata,32,267,0.73,0
Dr. Rohit Verma,Orthopedics,17,30-05-2046,City Hospital,Kolkata,50,192,1.41,1
Dr. Anil Mehra,Orthopedics,13,31-05-2046,Govt Health Center,Chennai,67,139,1.73,1
Dr. Ravi Kumar,Orthopedics,9,01-06-2046,Metro Hospital,Chennai,17,390,0.78,0
Dr. Rohit Verma,Cardiology,15,02-06-2046,City Hospital,Chennai,60,317,0.67,0
Dr. Rohit Verma,Pediatrics,16,03-06-2046,City Hospital,Kolkata,70,125,0.62,0
Dr. Rohit Verma,Orthopedics,10,04-06-2046,Govt Health Center,Mumbai,10,118,0.54,0
Dr. Swati Desai,Orthopedics,13,05-06-2046,Govt Health Center,Chennai,39,494,0.67,0
Dr. Swati Desai,Dermatology,13,06-06-2046,City Hospital,Mumbai,26,347,1.91,0
Dr. Anil Mehra,Orthopedics,9,07-06-2046,City Hospital,Chennai,32,209,0.64,0
Dr. Ravi Kumar,Pediatrics,17,08-06-2046,Metro Hospital,New Delhi,33,435,1.4,0
Dr. Swati Desai,Dermatology,15,09-06-2046,Metro Hospital,New Delhi,95,57,1.88,1
Dr. Rohit Verma,Dermatology,12,10-06-2046,City Hospital,New Delhi,78,268,1.44,1
Dr. Swati Desai,Dermatology,15,11-06-2046,Govt Health Center,Mumbai,98,359,0.55,0
Dr. Ravi Kumar,Cardiology,15,12-06-2046,Govt Health Center,Chennai,61,441,1.39,0
Dr. Swati Desai,Dermatology,10,13-06-2046,City Hospital,Kolkata,80,137,1.85,1
Dr. Rohit Verma,Orthopedics,12,14-06-2046,Metro Hospital,Mumbai,67,190,0.98,0
Dr. Anil Mehra,Cardiology,14,15-06-2046,City Hospital,Chennai,31,78,0.97,0
Dr. Rohit Verma,Cardiology,12,16-06-2046,Govt Health Center,New Delhi,68,62,0.87,0
Dr. Ravi Kumar,Cardiology,13,17-06-2046,City Hospital,Mumbai,53,363,1.26,0
Dr. Anil Mehra,Cardiology,9,18-06-2046,City Hospital,Chennai,46,112,0.86,0
Dr. Swati Desai,Cardiology,15,19-06-2046,Metro Hospital,Kolkata,43,392,1.59,0
Dr. Swati Desai,Cardiology,12,20-06-2046,Govt Health Center,Mumbai,66,224,1.47,1
Dr. Swati Desai,Cardiology,13,21-06-2046,Govt Health Center,Kolkata,66,265,1.1,1
Dr. Anil Mehra,Dermatology,8,22-06-2046,City Hospital,Mumbai,49,284,1.58,1
Dr. Rohit Verma,Pediatrics,17,23-06-2046,Govt Health Center,New Delhi,29,136,0.65,0
Dr. Anil Mehra,Orthopedics,9,24-06-2046,Govt Health Center,New Delhi,26,123,1.62,1
Dr. Anil Mehra,Orthopedics,11,25-06-2046,Govt Health Center,New Delhi,61,343,1.4,0
Dr. Ravi Kumar,Dermatology,16,26-06-2046,Govt Health Center,Kolkata,13,118,1.45,1
Dr. Anil Mehra,Dermatology,13,27-06-2046,Metro Hospital,New Delhi,72,118,0.6,0
Dr. Swati Desai,Cardiology,15,28-06-2046,Metro Hospital,Kolkata,59,272,1.43,1
Dr. Rohit Verma,Pediatrics,9,29-06-2046,Metro Hospital,Kolkata,91,473,1.24,0
Dr. Rohit Verma,Cardiology,17,30-06-2046,Metro Hospital,Kolkata,59,434,1.23,0
Dr. Rohit Verma,Dermatology,12,01-07-2046,Metro Hospital,New Delhi,25,435,0.98,0
Dr. Swati Desai,Cardiology,8,02-07-2046,Govt Health Center,Chennai,81,418,0.51,0
Dr. Swati Desai,Orthopedics,11,03-07-2046,City Hospital,Kolkata,70,334,1.13,0
Dr. Swati Desai,Orthopedics,17,04-07-2046,City Hospital,Chennai,53,171,1.1,1
Dr. Swati Desai,Cardiology,8,05-07-2046,Metro Hospital,Kolkata,27,312,1.13,0
Dr. Swati Desai,Pediatrics,16,06-07-2046,Govt Health Center,New Delhi,59,270,1.42,1
Dr. Anil Mehra,Cardiology,9,07-07-2046,Metro Hospital,New Delhi,89,490,0.95,0
Dr. Swati Desai,Cardiology,14,08-07-2046,City Hospital,New Delhi,39,360,0.9,0
Dr. Swati Desai,Pediatrics,10,09-07-2046,Govt Health Center,Mumbai,58,213,1.25,1
Dr. Swati Desai,Pediatrics,9,10-07-2046,Govt Health Center,New Delhi,30,312,1.39,0
Dr. Swati Desai,Pediatrics,11,11-07-2046,Govt Health Center,Chennai,31,141,1.35,1
Dr. Rohit Verma,Orthopedics,14,12-07-2046,City Hospital,Kolkata,56,315,1.82,0
Dr. Swati Desai,Cardiology,14,13-07-2046,City Hospital,Chennai,34,385,1.65,0
Dr. Anil Mehra,Dermatology,16,14-07-2046,Metro Hospital,Mumbai,95,123,0.58,0
Dr. Anil Mehra,Pediatrics,10,15-07-2046,Metro Hospital,Chennai,65,472,1.35,0
Dr. Anil Mehra,Pediatrics,14,16-07-2046,City Hospital,Kolkata,73,363,1.13,0
Dr. Ravi Kumar,Cardiology,13,17-07-2046,Metro Hospital,Kolkata,37,139,1.04,1
Dr. Rohit Verma,Dermatology,17,18-07-2046,City Hospital,New Delhi,42,403,1.94,0
Dr. Swati Desai,Cardiology,14,19-07-2046,Govt Health Center,Mumbai,75,345,1.19,0
Dr. Ravi Kumar,Cardiology,14,20-07-2046,Metro Hospital,Mumbai,13,447,1.58,0
Dr. Swati Desai,Pediatrics,17,21-07-2046,City Hospital,Chennai,89,178,1.95,1
Dr. Ravi Kumar,Pediatrics,12,22-07-2046,City Hospital,New Delhi,21,450,0.73,0
Dr. Ravi Kumar,Orthopedics,16,23-07-2046,City Hospital,New Delhi,26,98,0.58,0
Dr. Anil Mehra,Dermatology,14,24-07-2046,Metro Hospital,New Delhi,45,135,0.97,0
Dr. Anil Mehra,Dermatology,14,25-07-2046,Metro Hospital,Kolkata,25,193,0.57,0
Dr. Ravi Kumar,Pediatrics,10,26-07-2046,Govt Health Center,Mumbai,32,184,0.68,0
Dr. Anil Mehra,Pediatrics,8,27-07-2046,Metro Hospital,Chennai,81,448,1.99,0
Dr. Ravi Kumar,Pediatrics,12,28-07-2046,Metro Hospital,Chennai,18,164,1.94,1
Dr. Rohit Verma,Dermatology,15,29-07-2046,Metro Hospital,Chennai,87,326,1.54,0
Dr. Anil Mehra,Orthopedics,12,30-07-2046,Govt Health Center,New Delhi,64,115,1.63,1
Dr. Anil Mehra,Dermatology,17,31-07-2046,Govt Health Center,Mumbai,82,236,0.71,0
Dr. Anil Mehra,Pediatrics,10,01-08-2046,Govt Health Center,Mumbai,73,481,1.39,0
Dr. Rohit Verma,Pediatrics,16,02-08-2046,Metro Hospital,Kolkata,56,394,0.73,0
Dr. Ravi Kumar,Orthopedics,9,03-08-2046,City Hospital,Kolkata,99,250,1.07,1
Dr. Swati Desai,Cardiology,10,04-08-2046,Metro Hospital,Kolkata,76,483,1.02,0
Dr. Anil Mehra,Cardiology,11,05-08-2046,Govt Health Center,Chennai,19,187,1.42,1
Dr. Ravi Kumar,Dermatology,17,06-08-2046,Metro Hospital,Chennai,98,101,0.62,0
Dr. Rohit Verma,Cardiology,8,07-08-2046,Metro Hospital,Mumbai,13,262,0.66,0
Dr. Swati Desai,Cardiology,11,08-08-2046,City Hospital,Kolkata,39,207,1.41,1
Dr. Anil Mehra,Dermatology,11,09-08-2046,City Hospital,Chennai,20,339,1.45,0
Dr. Rohit Verma,Pediatrics,16,10-08-2046,Metro Hospital,Kolkata,60,399,1.01,0
Dr. Rohit Verma,Cardiology,15,11-08-2046,Govt Health Center,Kolkata,28,255,0.72,0
Dr. Swati Desai,Pediatrics,9,12-08-2046,Metro Hospital,Mumbai,22,391,1.83,0
Dr. Ravi Kumar,Dermatology,14,13-08-2046,Metro Hospital,Mumbai,66,370,0.58,0
Dr. Anil Mehra,Pediatrics,13,14-08-2046,Metro Hospital,Chennai,12,365,1.58,0
Dr. Anil Mehra,Pediatrics,14,15-08-2046,Govt Health Center,Mumbai,87,185,0.71,0
Dr. Ravi Kumar,Dermatology,11,16-08-2046,Govt Health Center,Kolkata,83,124,1.46,1
Dr. Ravi Kumar,Pediatrics,12,17-08-2046,Govt Health Center,Mumbai,47,498,1.5,0
Dr. Ravi Kumar,Cardiology,13,18-08-2046,Govt Health Center,Kolkata,36,118,1.71,1
Dr. Swati Desai,Cardiology,16,19-08-2046,Govt Health Center,Kolkata,97,490,1.09,0
Dr. Swati Desai,Cardiology,9,20-08-2046,Metro Hospital,Chennai,89,350,0.53,0
Dr. Anil Mehra,Cardiology,16,21-08-2046,Govt Health Center,Chennai,19,98,1.72,1
Dr. Swati Desai,Pediatrics,17,22-08-2046,Metro Hospital,Chennai,62,251,1.17,1
Dr. Rohit Verma,Cardiology,8,23-08-2046,Metro Hospital,Kolkata,36,111,1.77,1
Dr. Anil Mehra,Pediatrics,11,24-08-2046,Metro Hospital,Mumbai,16,216,1.66,1
Dr. Swati Desai,Orthopedics,12,25-08-2046,City Hospital,Chennai,99,254,1.25,1
Dr. Ravi Kumar,Pediatrics,16,26-08-2046,Govt Health Center,Chennai,91,198,2,1
Dr. Rohit Verma,Cardiology,13,27-08-2046,Govt Health Center,Mumbai,22,170,1.19,1
Dr. Ravi Kumar,Orthopedics,11,28-08-2046,Metro Hospital,Mumbai,81,358,1.54,0
Dr. Anil Mehra,Dermatology,9,29-08-2046,City Hospital,Chennai,69,478,1.5,0
Dr. Ravi Kumar,Pediatrics,12,30-08-2046,Govt Health Center,Kolkata,23,146,1.28,1
Dr. Swati Desai,Cardiology,15,31-08-2046,Metro Hospital,Kolkata,53,426,1.38,0
Dr. Swati Desai,Cardiology,15,01-09-2046,City Hospital,Chennai,79,461,1.7,0
Dr. Anil Mehra,Cardiology,13,02-09-2046,Metro Hospital,Mumbai,93,102,1.36,1
Dr. Ravi Kumar,Dermatology,8,03-09-2046,City Hospital,Kolkata,37,58,1.18,1
Dr. Anil Mehra,Orthopedics,15,04-09-2046,Metro Hospital,Mumbai,32,380,1.49,0
Dr. Ravi Kumar,Orthopedics,11,05-09-2046,Govt Health Center,New Delhi,21,300,0.55,0
Dr. Rohit Verma,Cardiology,9,06-09-2046,Metro Hospital,Mumbai,33,409,0.66,0
Dr. Swati Desai,Pediatrics,8,07-09-2046,Metro Hospital,Mumbai,60,398,0.69,0
Dr. Anil Mehra,Cardiology,14,08-09-2046,City Hospital,New Delhi,31,173,1.14,1
Dr. Rohit Verma,Cardiology,9,09-09-2046,City Hospital,Kolkata,71,171,1.81,1
Dr. Rohit Verma,Pediatrics,11,10-09-2046,Govt Health Center,Kolkata,35,248,1.46,1
Dr. Anil Mehra,Cardiology,11,11-09-2046,Metro Hospital,Kolkata,95,366,1.96,0
Dr. Anil Mehra,Dermatology,17,12-09-2046,City Hospital,Chennai,67,460,0.56,0
Dr. Rohit Verma,Cardiology,8,13-09-2046,Govt Health Center,New Delhi,80,429,1.58,0
Dr. Ravi Kumar,Dermatology,9,14-09-2046,Govt Health Center,Mumbai,24,455,0.97,0
Dr. Rohit Verma,Cardiology,8,15-09-2046,City Hospital,New Delhi,77,144,0.53,0
Dr. Anil Mehra,Orthopedics,13,16-09-2046,City Hospital,New Delhi,15,79,1.74,1
Dr. Rohit Verma,Pediatrics,10,17-09-2046,Metro Hospital,New Delhi,11,141,0.74,0
Dr. Ravi Kumar,Orthopedics,8,18-09-2046,Govt Health Center,New Delhi,40,133,0.82,0
Dr. Swati Desai,Cardiology,15,19-09-2046,City Hospital,New Delhi,33,64,1.01,1
Dr. Swati Desai,Cardiology,11,20-09-2046,Govt Health Center,New Delhi,44,192,1.68,1
Dr. Rohit Verma,Dermatology,17,21-09-2046,Metro Hospital,Chennai,56,358,1.44,0
Dr. Ravi Kumar,Cardiology,14,22-09-2046,City Hospital,New Delhi,40,258,0.9,0
Dr. Swati Desai,Cardiology,17,23-09-2046,Govt Health Center,New Delhi,98,72,0.75,0
Dr. Rohit Verma,Cardiology,9,24-09-2046,City Hospital,Kolkata,81,375,0.66,0
Dr. Rohit Verma,Orthopedics,13,25-09-2046,Metro Hospital,New Delhi,85,414,0.72,0
Dr. Ravi Kumar,Dermatology,13,26-09-2046,Metro Hospital,New Delhi,11,193,1.8,1
Dr. Anil Mehra,Orthopedics,14,27-09-2046,Metro Hospital,Kolkata,88,136,1.88,1
Dr. Rohit Verma,Dermatology,8,28-09-2046,Metro Hospital,Kolkata,68,242,1.95,1
Dr. Anil Mehra,Orthopedics,8,29-09-2046,City Hospital,Kolkata,72,222,1.75,1
Dr. Anil Mehra,Cardiology,9,30-09-2046,City Hospital,Mumbai,84,312,1.83,0
Dr. Swati Desai,Orthopedics,9,01-10-2046,Govt Health Center,New Delhi,26,478,1.72,0
Dr. Anil Mehra,Orthopedics,12,02-10-2046,Govt Health Center,New Delhi,63,344,1.94,0
Dr. Ravi Kumar,Dermatology,8,03-10-2046,City Hospital,New Delhi,30,409,1.77,0
Dr. Swati Desai,Dermatology,9,04-10-2046,City Hospital,Kolkata,31,99,1.19,1
Dr. Swati Desai,Orthopedics,13,05-10-2046,Govt Health Center,Chennai,64,482,0.98,0
Dr. Swati Desai,Dermatology,10,06-10-2046,City Hospital,New Delhi,38,97,1.38,1
Dr. Rohit Verma,Dermatology,11,07-10-2046,Metro Hospital,Kolkata,88,98,1.41,1
Dr. Rohit Verma,Dermatology,8,08-10-2046,Metro Hospital,Kolkata,30,217,1.36,1
Dr. Anil Mehra,Pediatrics,12,09-10-2046,Metro Hospital,Kolkata,11,216,1.56,1
Dr. Swati Desai,Dermatology,11,10-10-2046,Govt Health Center,Mumbai,51,490,1.55,0
Dr. Swati Desai,Pediatrics,15,11-10-2046,City Hospital,Kolkata,61,131,0.63,0
Dr. Ravi Kumar,Pediatrics,10,12-10-2046,Govt Health Center,Chennai,47,112,0.93,0
Dr. Anil Mehra,Dermatology,17,13-10-2046,Govt Health Center,Mumbai,12,277,1.83,1
Dr. Ravi Kumar,Orthopedics,8,14-10-2046,City Hospital,Kolkata,34,489,1.39,0
Dr. Anil Mehra,Dermatology,17,15-10-2046,Govt Health Center,Chennai,86,263,0.99,0
Dr. Anil Mehra,Cardiology,12,16-10-2046,Metro Hospital,Chennai,97,179,1.78,1
Dr. Rohit Verma,Orthopedics,8,17-10-2046,City Hospital,New Delhi,71,417,0.87,0
Dr. Rohit Verma,Pediatrics,12,18-10-2046,Metro Hospital,Kolkata,24,203,1.11,1
Dr. Ravi Kumar,Pediatrics,16,19-10-2046,Metro Hospital,Kolkata,79,291,0.91,0
Dr. Anil Mehra,Orthopedics,12,20-10-2046,City Hospital,New Delhi,19,145,1.81,1
Dr. Swati Desai,Orthopedics,9,21-10-2046,Metro Hospital,Chennai,82,456,1.59,0
Dr. Rohit Verma,Dermatology,9,22-10-2046,Metro Hospital,Kolkata,78,426,1.19,0
Dr. Swati Desai,Pediatrics,17,23-10-2046,Metro Hospital,New Delhi,53,281,1.9,1
Dr. Ravi Kumar,Cardiology,16,24-10-2046,City Hospital,New Delhi,50,287,1.89,1
Dr. Rohit Verma,Dermatology,12,25-10-2046,City Hospital,Chennai,92,67,1.57,1
Dr. Rohit Verma,Orthopedics,15,26-10-2046,City Hospital,Chennai,29,393,1.84,0
Dr. Anil Mehra,Pediatrics,17,27-10-2046,Govt Health Center,Kolkata,46,373,1.58,0
Dr. Ravi Kumar,Orthopedics,11,28-10-2046,Metro Hospital,Kolkata,48,295,1.44,1
Dr. Anil Mehra,Orthopedics,9,29-10-2046,Govt Health Center,Mumbai,86,109,1.13,1
Dr. Rohit Verma,Orthopedics,11,30-10-2046,Govt Health Center,Chennai,79,179,0.91,0
Dr. Ravi Kumar,Dermatology,11,31-10-2046,Metro Hospital,Mumbai,17,399,0.59,0
Dr. Rohit Verma,Cardiology,16,01-11-2046,City Hospital,Mumbai,52,98,1.7,1
Dr. Ravi Kumar,Cardiology,17,02-11-2046,Govt Health Center,New Delhi,19,215,0.68,0
Dr. Rohit Verma,Pediatrics,13,03-11-2046,City Hospital,New Delhi,50,464,1.12,0
Dr. Swati Desai,Orthopedics,17,04-11-2046,City Hospital,Kolkata,13,217,0.85,0
Dr. Swati Desai,Cardiology,13,05-11-2046,Metro Hospital,Chennai,87,302,1.18,0
Dr. Anil Mehra,Orthopedics,12,06-11-2046,Govt Health Center,Chennai,13,385,0.97,0
Dr. Swati Desai,Pediatrics,13,07-11-2046,Govt Health Center,Mumbai,33,432,1.74,0
Dr. Rohit Verma,Orthopedics,8,08-11-2046,City Hospital,Mumbai,30,358,1.97,0
Dr. Rohit Verma,Cardiology,12,09-11-2046,Metro Hospital,Kolkata,19,113,1.91,1
Dr. Swati Desai,Orthopedics,13,10-11-2046,Govt Health Center,New Delhi,55,82,1.43,1
Dr. Anil Mehra,Cardiology,15,11-11-2046,City Hospital,Chennai,98,107,1.97,1
Dr. Swati Desai,Pediatrics,11,12-11-2046,City Hospital,Chennai,79,355,1.1,0
Dr. Ravi Kumar,Orthopedics,12,13-11-2046,City Hospital,Chennai,89,113,1.28,1
Dr. Ravi Kumar,Cardiology,11,14-11-2046,Metro Hospital,Chennai,53,436,0.89,0
Dr. Ravi Kumar,Pediatrics,14,15-11-2046,Metro Hospital,New Delhi,42,174,1.85,1
Dr. Swati Desai,Orthopedics,17,16-11-2046,City Hospital,Kolkata,45,110,0.77,0
Dr. Swati Desai,Pediatrics,13,17-11-2046,City Hospital,Kolkata,34,429,1.42,0
Dr. Swati Desai,Cardiology,11,18-11-2046,Metro Hospital,New Delhi,22,298,1.7,1
Dr. Ravi Kumar,Orthopedics,13,19-11-2046,City Hospital,Kolkata,48,187,1.39,1
Dr. Anil Mehra,Orthopedics,11,20-11-2046,City Hospital,Kolkata,88,115,0.62,0
Dr. Rohit Verma,Orthopedics,15,21-11-2046,Metro Hospital,Mumbai,47,228,1.42,1
Dr. Swati Desai,Pediatrics,10,22-11-2046,City Hospital,New Delhi,39,335,1.65,0
Dr. Anil Mehra,Pediatrics,15,23-11-2046,City Hospital,Kolkata,23,330,0.78,0
Dr. Rohit Verma,Cardiology,9,24-11-2046,City Hospital,Mumbai,59,220,1.61,1
Dr. Rohit Verma,Dermatology,13,25-11-2046,Metro Hospital,New Delhi,77,292,1.82,1
Dr. Rohit Verma,Orthopedics,15,26-11-2046,Metro Hospital,New Delhi,10,169,1.98,1
Dr. Anil Mehra,Orthopedics,8,27-11-2046,Metro Hospital,Chennai,70,393,1.12,0
Dr. Anil Mehra,Cardiology,13,28-11-2046,Govt Health Center,Mumbai,12,241,0.54,0
Dr. Ravi Kumar,Orthopedics,16,29-11-2046,Govt Health Center,Mumbai,59,236,1.13,1
Dr. Anil Mehra,Pediatrics,17,30-11-2046,Govt Health Center,Mumbai,70,495,1.49,0
Dr. Anil Mehra,Pediatrics,17,01-12-2046,Govt Health Center,New Delhi,45,276,1.84,1
Dr. Anil Mehra,Orthopedics,9,02-12-2046,Metro Hospital,Chennai,13,315,1.91,0
Dr. Rohit Verma,Orthopedics,8,03-12-2046,City Hospital,New Delhi,52,241,1.86,1
Dr. Swati Desai,Pediatrics,9,04-12-2046,Metro Hospital,Kolkata,23,289,1.49,1
Dr. Ravi Kumar,Orthopedics,12,05-12-2046,Govt Health Center,Kolkata,98,143,1.52,1
Dr. Swati Desai,Pediatrics,13,06-12-2046,Metro Hospital,Kolkata,76,175,0.5,0
Dr. Swati Desai,Dermatology,8,07-12-2046,City Hospital,Chennai,16,493,1.05,0
Dr. Anil Mehra,Dermatology,14,08-12-2046,Govt Health Center,New Delhi,17,148,1.86,1
Dr. Ravi Kumar,Orthopedics,11,09-12-2046,City Hospital,Mumbai,53,393,1.53,0
Dr. Swati Desai,Orthopedics,16,10-12-2046,City Hospital,Kolkata,73,292,1.2,1
Dr. Swati Desai,Orthopedics,13,11-12-2046,City Hospital,Kolkata,16,69,0.66,0
Dr. Ravi Kumar,Pediatrics,16,12-12-2046,Govt Health Center,New Delhi,57,166,0.87,0
Dr. Anil Mehra,Dermatology,8,13-12-2046,Metro Hospital,Mumbai,71,408,1.33,0
Dr. Swati Desai,Dermatology,11,14-12-2046,Govt Health Center,Chennai,34,482,1.85,0
Dr. Rohit Verma,Cardiology,9,15-12-2046,Govt Health Center,Kolkata,90,148,0.64,0
Dr. Swati Desai,Cardiology,13,16-12-2046,Metro Hospital,Kolkata,99,428,0.73,0
Dr. Rohit Verma,Orthopedics,11,17-12-2046,Metro Hospital,Kolkata,77,379,1.48,0
Dr. Anil Mehra,Pediatrics,16,18-12-2046,Metro Hospital,Mumbai,73,204,0.94,0
Dr. Swati Desai,Orthopedics,10,19-12-2046,Metro Hospital,Kolkata,27,356,0.75,0
Dr. Ravi Kumar,Dermatology,8,20-12-2046,City Hospital,Mumbai,13,234,0.77,0
Dr. Ravi Kumar,Orthopedics,8,21-12-2046,Govt Health Center,Kolkata,26,384,1.24,0
Dr. Swati Desai,Orthopedics,16,22-12-2046,Govt Health Center,Kolkata,56,470,1.38,0
Dr. Anil Mehra,Dermatology,16,23-12-2046,Govt Health Center,Mumbai,90,52,1.86,1
Dr. Anil Mehra,Dermatology,12,24-12-2046,Metro Hospital,Mumbai,54,206,1.29,1
Dr. Ravi Kumar,Dermatology,9,25-12-2046,Govt Health Center,Chennai,98,224,1.54,1
Dr. Swati Desai,Dermatology,16,26-12-2046,City Hospital,New Delhi,67,385,0.77,0
Dr. Anil Mehra,Cardiology,15,27-12-2046,Govt Health Center,Kolkata,12,118,1.57,1
Dr. Ravi Kumar,Pediatrics,17,28-12-2046,Govt Health Center,Kolkata,21,70,1.47,1
Dr. Rohit Verma,Pediatrics,17,29-12-2046,City Hospital,New Delhi,26,347,0.82,0
Dr. Swati Desai,Dermatology,13,30-12-2046,City Hospital,New Delhi,31,167,1.5,1
Dr. Rohit Verma,Pediatrics,14,31-12-2046,Govt Health Center,New Delhi,48,326,0.82,0
Dr. Rohit Verma,Pediatrics,13,01-01-2047,Metro Hospital,Kolkata,48,179,1.39,1
Dr. Anil Mehra,Pediatrics,12,02-01-2047,Metro Hospital,Kolkata,25,255,1.5,1
Dr. Anil Mehra,Pediatrics,11,03-01-2047,Govt Health Center,Kolkata,60,246,1.54,1
Dr. Anil Mehra,Dermatology,14,04-01-2047,Govt Health Center,Mumbai,38,184,1.86,1
Dr. Swati Desai,Orthopedics,11,05-01-2047,Govt Health Center,Chennai,87,252,1.92,1
Dr. Rohit Verma,Orthopedics,17,06-01-2047,Govt Health Center,Chennai,80,84,1.72,1
Dr. Swati Desai,Orthopedics,17,07-01-2047,Metro Hospital,New Delhi,50,79,1.82,1
Dr. Anil Mehra,Cardiology,17,08-01-2047,Govt Health Center,New Delhi,66,477,0.53,0
Dr. Rohit Verma,Pediatrics,16,09-01-2047,City Hospital,Kolkata,37,479,1.04,0
Dr. Swati Desai,Dermatology,12,10-01-2047,Metro Hospital,Chennai,86,360,0.56,0
Dr. Swati Desai,Dermatology,15,11-01-2047,Metro Hospital,Chennai,89,306,0.84,0
Dr. Ravi Kumar,Cardiology,13,12-01-2047,City Hospital,Mumbai,30,430,1.07,0
Dr. Swati Desai,Dermatology,11,13-01-2047,Govt Health Center,Kolkata,13,231,1.8,1
Dr. Anil Mehra,Orthopedics,10,14-01-2047,Govt Health Center,Kolkata,24,257,1.27,1
Dr. Swati Desai,Cardiology,13,15-01-2047,Govt Health Center,Chennai,62,416,1.47,0
Dr. Rohit Verma,Dermatology,8,16-01-2047,Govt Health Center,Chennai,99,178,1.04,1
Dr. Swati Desai,Cardiology,9,17-01-2047,Govt Health Center,Mumbai,55,112,1.4,1
Dr. Ravi Kumar,Cardiology,14,18-01-2047,City Hospital,Mumbai,16,488,1.72,0
Dr. Rohit Verma,Dermatology,11,19-01-2047,Govt Health Center,Kolkata,27,391,0.95,0
Dr. Rohit Verma,Orthopedics,12,20-01-2047,City Hospital,Mumbai,98,126,1.9,1
Dr. Ravi Kumar,Dermatology,17,21-01-2047,City Hospital,Chennai,30,427,0.82,0
Dr. Anil Mehra,Pediatrics,8,22-01-2047,City Hospital,Kolkata,17,460,1.88,0
Dr. Rohit Verma,Pediatrics,9,23-01-2047,Govt Health Center,Chennai,68,64,0.54,0
Dr. Anil Mehra,Dermatology,11,24-01-2047,Govt Health Center,Kolkata,29,432,1.31,0
Dr. Rohit Verma,Orthopedics,15,25-01-2047,Metro Hospital,Kolkata,91,442,1.98,0
Dr. Rohit Verma,Pediatrics,17,26-01-2047,Metro Hospital,Chennai,92,374,1.41,0
Dr. Anil Mehra,Pediatrics,11,27-01-2047,City Hospital,Kolkata,76,108,1.33,1
Dr. Rohit Verma,Dermatology,10,28-01-2047,Metro Hospital,Kolkata,64,200,1.52,1
Dr. Anil Mehra,Dermatology,10,29-01-2047,City Hospital,Mumbai,71,157,0.93,0
Dr. Ravi Kumar,Dermatology,12,30-01-2047,Metro Hospital,Chennai,27,418,0.58,0
Dr. Anil Mehra,Cardiology,10,31-01-2047,Govt Health Center,Chennai,88,156,0.88,0
Dr. Ravi Kumar,Cardiology,15,01-02-2047,Govt Health Center,Mumbai,65,188,0.76,0
Dr. Rohit Verma,Cardiology,12,02-02-2047,City Hospital,Kolkata,94,329,1.89,0
Dr. Anil Mehra,Dermatology,14,03-02-2047,City Hospital,New Delhi,31,121,1.78,1
Dr. Rohit Verma,Orthopedics,15,04-02-2047,Govt Health Center,New Delhi,17,160,0.98,0
Dr. Anil Mehra,Pediatrics,12,05-02-2047,Govt Health Center,Chennai,20,275,1.75,1
Dr. Ravi Kumar,Cardiology,15,06-02-2047,Govt Health Center,Mumbai,21,487,0.82,0
Dr. Ravi Kumar,Orthopedics,10,07-02-2047,Metro Hospital,Kolkata,57,155,0.8,0
Dr. Anil Mehra,Dermatology,14,08-02-2047,Metro Hospital,Mumbai,72,208,1.65,1
Dr. Ravi Kumar,Cardiology,15,09-02-2047,Metro Hospital,Kolkata,36,199,0.99,0
Dr. Rohit Verma,Dermatology,14,10-02-2047,Metro Hospital,Chennai,44,63,0.6,0
Dr. Rohit Verma,Orthopedics,9,11-02-2047,City Hospital,Chennai,11,54,1.58,1
Dr. Swati Desai,Cardiology,15,12-02-2047,City Hospital,New Delhi,17,176,1.98,1
Dr. Ravi Kumar,Cardiology,13,13-02-2047,Metro Hospital,Mumbai,29,322,1.35,0
Dr. Rohit Verma,Cardiology,17,14-02-2047,City Hospital,Chennai,17,387,0.9,0
Dr. Anil Mehra,Cardiology,10,15-02-2047,Metro Hospital,Mumbai,72,260,1.06,1
Dr. Ravi Kumar,Orthopedics,11,16-02-2047,Metro Hospital,Chennai,77,376,1.47,0
Dr. Rohit Verma,Cardiology,14,17-02-2047,Govt Health Center,Kolkata,40,395,1.55,0
Dr. Ravi Kumar,Pediatrics,10,18-02-2047,Metro Hospital,Kolkata,41,266,1.83,1
Dr. Anil Mehra,Pediatrics,8,19-02-2047,City Hospital,New Delhi,22,477,1.86,0
Dr. Rohit Verma,Dermatology,13,20-02-2047,Metro Hospital,Chennai,95,128,1.79,1
Dr. Swati Desai,Cardiology,10,21-02-2047,Govt Health Center,New Delhi,35,142,1.47,1
Dr. Swati Desai,Pediatrics,17,22-02-2047,City Hospital,New Delhi,90,287,1.17,1
Dr. Ravi Kumar,Pediatrics,13,23-02-2047,Govt Health Center,Chennai,38,283,1.52,1
Dr. Anil Mehra,Pediatrics,17,24-02-2047,Metro Hospital,Chennai,95,226,1.5,1
Dr. Rohit Verma,Orthopedics,10,25-02-2047,Metro Hospital,Kolkata,27,304,0.83,0
Dr. Anil Mehra,Cardiology,13,26-02-2047,Metro Hospital,New Delhi,78,370,1.26,0
Dr. Rohit Verma,Orthopedics,11,27-02-2047,Metro Hospital,Kolkata,21,181,0.81,0
Dr. Ravi Kumar,Orthopedics,11,28-02-2047,City Hospital,Mumbai,11,314,1.85,0
Dr. Rohit Verma,Pediatrics,17,01-03-2047,Metro Hospital,Mumbai,51,341,0.98,0
Dr. Anil Mehra,Pediatrics,17,02-03-2047,Govt Health Center,New Delhi,16,228,1.71,1
Dr. Anil Mehra,Dermatology,9,03-03-2047,City Hospital,New Delhi,56,427,1.07,0
Dr. Ravi Kumar,Cardiology,11,04-03-2047,City Hospital,Chennai,99,465,1.65,0
Dr. Anil Mehra,Cardiology,11,05-03-2047,City Hospital,Chennai,63,393,0.83,0
Dr. Rohit Verma,Pediatrics,14,06-03-2047,Govt Health Center,New Delhi,24,426,1.65,0
Dr. Ravi Kumar,Pediatrics,12,07-03-2047,Govt Health Center,New Delhi,67,195,0.77,0
Dr. Rohit Verma,Cardiology,15,08-03-2047,Govt Health Center,Mumbai,42,192,1.24,1
Dr. Anil Mehra,Dermatology,14,09-03-2047,Govt Health Center,Kolkata,76,69,0.67,0
Dr. Ravi Kumar,Pediatrics,17,10-03-2047,Metro Hospital,Mumbai,72,107,1.29,1
Dr. Rohit Verma,Dermatology,16,11-03-2047,Metro Hospital,Mumbai,57,345,1.73,0
Dr. Anil Mehra,Orthopedics,15,12-03-2047,Govt Health Center,Kolkata,75,115,1.63,1
Dr. Anil Mehra,Pediatrics,16,13-03-2047,Govt Health Center,New Delhi,90,394,0.58,0
Dr. Swati Desai,Orthopedics,8,14-03-2047,Metro Hospital,New Delhi,74,446,1.24,0
Dr. Anil Mehra,Pediatrics,17,15-03-2047,Metro Hospital,Mumbai,45,62,1.78,1
Dr. Rohit Verma,Orthopedics,10,16-03-2047,Govt Health Center,Mumbai,26,111,1.48,1
Dr. Ravi Kumar,Pediatrics,12,17-03-2047,City Hospital,Kolkata,11,461,0.59,0
Dr. Swati Desai,Dermatology,16,18-03-2047,City Hospital,Chennai,42,95,0.99,0
Dr. Anil Mehra,Dermatology,15,19-03-2047,Govt Health Center,Chennai,15,448,1.33,0
Dr. Anil Mehra,Dermatology,17,20-03-2047,City Hospital,New Delhi,52,142,0.76,0
Dr. Anil Mehra,Orthopedics,14,21-03-2047,Metro Hospital,Chennai,97,477,1.52,0
Dr. Rohit Verma,Dermatology,9,22-03-2047,City Hospital,New Delhi,20,272,1.45,1
Dr. Swati Desai,Orthopedics,13,23-03-2047,Govt Health Center,New Delhi,14,72,0.8,0
Dr. Rohit Verma,Pediatrics,11,24-03-2047,City Hospital,New Delhi,39,406,1.33,0
Dr. Swati Desai,Orthopedics,12,25-03-2047,City Hospital,Kolkata,19,116,1.72,1
Dr. Ravi Kumar,Pediatrics,12,26-03-2047,City Hospital,Mumbai,33,163,1.06,1
Dr. Rohit Verma,Cardiology,11,27-03-2047,Metro Hospital,Chennai,68,255,0.87,0
Dr. Rohit Verma,Cardiology,11,28-03-2047,Metro Hospital,Kolkata,76,115,1.55,1
Dr. Ravi Kumar,Cardiology,11,29-03-2047,Metro Hospital,Chennai,70,99,0.61,0
Dr. Swati Desai,Orthopedics,9,30-03-2047,Govt Health Center,Kolkata,35,190,1.75,1
Dr. Anil Mehra,Cardiology,8,31-03-2047,City Hospital,Chennai,48,307,1.92,0
Dr. Ravi Kumar,Cardiology,9,01-04-2047,Metro Hospital,Chennai,91,83,1.95,1
Dr. Anil Mehra,Cardiology,14,02-04-2047,Metro Hospital,Mumbai,12,345,1.15,0
Dr. Anil Mehra,Pediatrics,8,03-04-2047,City Hospital,Chennai,47,302,1.43,0
Dr. Ravi Kumar,Dermatology,13,04-04-2047,Govt Health Center,Kolkata,51,118,1.79,1
Dr. Swati Desai,Orthopedics,11,05-04-2047,City Hospital,Chennai,57,238,0.84,0
Dr. Anil Mehra,Cardiology,9,06-04-2047,Govt Health Center,Mumbai,98,202,0.54,0
Dr. Ravi Kumar,Pediatrics,10,07-04-2047,City Hospital,Chennai,22,252,1.08,1
Dr. Rohit Verma,Dermatology,14,08-04-2047,Metro Hospital,Kolkata,98,126,1.83,1
Dr. Rohit Verma,Dermatology,13,09-04-2047,Metro Hospital,Chennai,97,240,1.26,1
Dr. Rohit Verma,Dermatology,13,10-04-2047,Metro Hospital,Mumbai,65,77,1.3,1
Dr. Ravi Kumar,Pediatrics,15,11-04-2047,Govt Health Center,Mumbai,68,262,1.54,1
Dr. Rohit Verma,Cardiology,15,12-04-2047,City Hospital,Mumbai,72,418,1.36,0
Dr. Anil Mehra,Dermatology,13,13-04-2047,Govt Health Center,Mumbai,89,105,0.58,0
Dr. Rohit Verma,Pediatrics,8,14-04-2047,Metro Hospital,New Delhi,52,161,1.34,1
Dr. Rohit Verma,Pediatrics,17,15-04-2047,Govt Health Center,Mumbai,84,292,1.47,1
Dr. Anil Mehra,Orthopedics,14,16-04-2047,Govt Health Center,Chennai,66,203,1.46,1
Dr. Rohit Verma,Pediatrics,15,17-04-2047,Govt Health Center,Chennai,30,204,1.59,1
Dr. Anil Mehra,Dermatology,12,18-04-2047,City Hospital,Chennai,63,331,1.28,0
Dr. Rohit Verma,Dermatology,11,19-04-2047,Govt Health Center,Chennai,88,320,1.85,0
Dr. Anil Mehra,Pediatrics,14,20-04-2047,Govt Health Center,New Delhi,62,99,1.2,1
Dr. Rohit Verma,Dermatology,13,21-04-2047,Govt Health Center,New Delhi,54,439,1.28,0
Dr. Anil Mehra,Pediatrics,13,22-04-2047,Metro Hospital,New Delhi,45,117,1.67,1
Dr. Ravi Kumar,Dermatology,10,23-04-2047,Metro Hospital,Chennai,72,181,1.75,1
Dr. Anil Mehra,Orthopedics,17,24-04-2047,City Hospital,Kolkata,10,207,1.47,1
Dr. Rohit Verma,Cardiology,11,25-04-2047,Metro Hospital,Kolkata,76,382,0.69,0
Dr. Rohit Verma,Orthopedics,12,26-04-2047,City Hospital,Chennai,88,314,1,0
Dr. Swati Desai,Orthopedics,16,27-04-2047,Metro Hospital,Mumbai,42,219,0.53,0
Dr. Anil Mehra,Cardiology,15,28-04-2047,City Hospital,Mumbai,41,319,0.94,0
Dr. Ravi Kumar,Dermatology,10,29-04-2047,City Hospital,Chennai,96,269,1.36,1
Dr. Anil Mehra,Cardiology,13,30-04-2047,City Hospital,Mumbai,67,89,1.71,1
Dr. Anil Mehra,Pediatrics,17,01-05-2047,Metro Hospital,Mumbai,35,436,1.38,0
Dr. Ravi Kumar,Cardiology,8,02-05-2047,Govt Health Center,Kolkata,70,474,0.56,0
Dr. Anil Mehra,Orthopedics,10,03-05-2047,Metro Hospital,Chennai,26,338,0.89,0
Dr. Ravi Kumar,Cardiology,17,04-05-2047,Govt Health Center,New Delhi,82,128,1.37,1
Dr. Ravi Kumar,Dermatology,14,05-05-2047,Metro Hospital,Kolkata,78,288,1.56,1
Dr. Anil Mehra,Orthopedics,14,06-05-2047,Govt Health Center,Chennai,38,109,1.8,1
Dr. Anil Mehra,Pediatrics,9,07-05-2047,Metro Hospital,Chennai,72,369,1.95,0
Dr. Rohit Verma,Dermatology,10,08-05-2047,City Hospital,Kolkata,15,367,1.84,0
Dr. Rohit Verma,Orthopedics,14,09-05-2047,City Hospital,Mumbai,68,384,1.2,0
Dr. Swati Desai,Pediatrics,13,10-05-2047,City Hospital,Mumbai,30,440,1.62,0
Dr. Swati Desai,Dermatology,14,11-05-2047,Govt Health Center,Kolkata,54,286,0.86,0
Dr. Anil Mehra,Pediatrics,17,12-05-2047,Govt Health Center,Chennai,54,125,0.6,0
Dr. Ravi Kumar,Cardiology,16,13-05-2047,City Hospital,New Delhi,96,355,0.58,0
Dr. Swati Desai,Cardiology,15,14-05-2047,Govt Health Center,Chennai,44,88,0.86,0
Dr. Anil Mehra,Pediatrics,13,15-05-2047,City Hospital,New Delhi,61,248,0.56,0
Dr. Swati Desai,Cardiology,11,16-05-2047,Metro Hospital,New Delhi,55,480,1.78,0
Dr. Ravi Kumar,Pediatrics,17,17-05-2047,Govt Health Center,Chennai,75,154,1.23,1
Dr. Anil Mehra,Dermatology,16,18-05-2047,Govt Health Center,Chennai,66,119,1.72,1
Dr. Ravi Kumar,Orthopedics,14,19-05-2047,Metro Hospital,Chennai,51,331,1.91,0
Dr. Anil Mehra,Pediatrics,12,20-05-2047,Govt Health Center,New Delhi,82,107,1.99,1
Dr. Swati Desai,Orthopedics,9,21-05-2047,Govt Health Center,Mumbai,86,378,1.91,0
Dr. Rohit Verma,Orthopedics,16,22-05-2047,Govt Health Center,New Delhi,25,228,1.57,1
Dr. Swati Desai,Pediatrics,14,23-05-2047,Metro Hospital,New Delhi,14,357,1.16,0
Dr. Swati Desai,Cardiology,16,24-05-2047,City Hospital,New Delhi,10,271,1.4,1
Dr. Rohit Verma,Dermatology,16,25-05-2047,City Hospital,Kolkata,31,193,1.72,1
Dr. Rohit Verma,Orthopedics,17,26-05-2047,Metro Hospital,Mumbai,57,353,1.85,0
Dr. Anil Mehra,Dermatology,12,27-05-2047,Metro Hospital,New Delhi,35,76,1.93,1
Dr. Anil Mehra,Orthopedics,14,28-05-2047,Metro Hospital,New Delhi,43,210,1.6,1
Dr. Ravi Kumar,Pediatrics,12,29-05-2047,City Hospital,Kolkata,67,200,1.31,1
Dr. Ravi Kumar,Cardiology,10,30-05-2047,Metro Hospital,New Delhi,94,222,1.95,1
Dr. Swati Desai,Dermatology,17,31-05-2047,City Hospital,Mumbai,16,260,1.94,1
Dr. Rohit Verma,Orthopedics,15,01-06-2047,Metro Hospital,New Delhi,34,405,1.22,0
Dr. Ravi Kumar,Pediatrics,15,02-06-2047,Govt Health Center,Mumbai,66,71,1.47,1
Dr. Swati Desai,Pediatrics,16,03-06-2047,City Hospital,Mumbai,21,347,1.71,0
Dr. Rohit Verma,Orthopedics,13,04-06-2047,City Hospital,Chennai,40,414,1.15,0
Dr. Anil Mehra,Orthopedics,9,05-06-2047,Metro Hospital,Kolkata,36,82,1.74,1
Dr. Swati Desai,Orthopedics,10,06-06-2047,Govt Health Center,Kolkata,95,158,0.67,0
Dr. Anil Mehra,Cardiology,17,07-06-2047,City Hospital,Kolkata,43,443,1.22,0
Dr. Ravi Kumar,Orthopedics,13,08-06-2047,Metro Hospital,Chennai,90,96,1.22,1
Dr. Ravi Kumar,Orthopedics,8,09-06-2047,Govt Health Center,Chennai,84,145,1.53,1
Dr. Rohit Verma,Cardiology,9,10-06-2047,City Hospital,Mumbai,43,174,0.67,0
Dr. Swati Desai,Pediatrics,15,11-06-2047,Metro Hospital,Kolkata,46,384,0.65,0
Dr. Anil Mehra,Orthopedics,15,12-06-2047,Govt Health Center,Chennai,67,344,1.85,0
Dr. Rohit Verma,Dermatology,13,13-06-2047,City Hospital,Chennai,69,427,0.96,0
Dr. Ravi Kumar,Pediatrics,10,14-06-2047,City Hospital,Chennai,35,351,0.99,0
Dr. Ravi Kumar,Dermatology,9,15-06-2047,Govt Health Center,Mumbai,54,377,1.67,0
Dr. Swati Desai,Orthopedics,13,16-06-2047,Metro Hospital,New Delhi,54,356,1.12,0
Dr. Anil Mehra,Cardiology,8,17-06-2047,Metro Hospital,Chennai,41,74,1.75,1
Dr. Swati Desai,Cardiology,17,18-06-2047,Govt Health Center,Chennai,78,131,1.1,1
Dr. Anil Mehra,Cardiology,13,19-06-2047,City Hospital,Chennai,93,448,1.64,0
Dr. Anil Mehra,Orthopedics,16,20-06-2047,Govt Health Center,Kolkata,80,107,1.29,1
Dr. Swati Desai,Orthopedics,14,21-06-2047,Govt Health Center,Kolkata,32,492,1.9,0
Dr. Rohit Verma,Dermatology,16,22-06-2047,Govt Health Center,Chennai,74,75,0.99,0
Dr. Swati Desai,Cardiology,9,23-06-2047,City Hospital,Mumbai,48,346,1.04,0
Dr. Swati Desai,Orthopedics,12,24-06-2047,Govt Health Center,New Delhi,76,93,1.95,1
Dr. Ravi Kumar,Pediatrics,16,25-06-2047,Govt Health Center,Kolkata,54,134,1.61,1
Dr. Ravi Kumar,Orthopedics,14,26-06-2047,City Hospital,New Delhi,76,71,1.66,1
Dr. Swati Desai,Orthopedics,16,27-06-2047,City Hospital,Chennai,72,415,0.94,0
Dr. Swati Desai,Pediatrics,13,28-06-2047,Govt Health Center,Kolkata,79,275,1.3,1
Dr. Ravi Kumar,Cardiology,14,29-06-2047,Metro Hospital,New Delhi,63,86,0.97,0
Dr. Anil Mehra,Pediatrics,17,30-06-2047,Govt Health Center,Chennai,36,423,0.89,0
Dr. Swati Desai,Cardiology,12,01-07-2047,City Hospital,Kolkata,88,150,1.3,1
Dr. Rohit Verma,Pediatrics,13,02-07-2047,City Hospital,Chennai,45,191,1.98,1
Dr. Rohit Verma,Dermatology,8,03-07-2047,City Hospital,Kolkata,14,53,0.82,0
Dr. Rohit Verma,Cardiology,8,04-07-2047,Metro Hospital,New Delhi,76,73,0.86,0
Dr. Swati Desai,Orthopedics,9,05-07-2047,City Hospital,New Delhi,60,499,0.86,0
Dr. Anil Mehra,Dermatology,11,06-07-2047,Metro Hospital,Kolkata,98,240,1.69,1
Dr. Anil Mehra,Cardiology,16,07-07-2047,City Hospital,Mumbai,41,370,1.27,0
Dr. Ravi Kumar,Cardiology,14,08-07-2047,City Hospital,Chennai,30,371,1.08,0
Dr. Swati Desai,Cardiology,13,09-07-2047,Govt Health Center,New Delhi,26,318,1.77,0
Dr. Anil Mehra,Pediatrics,8,10-07-2047,Metro Hospital,Mumbai,82,76,0.95,0
Dr. Swati Desai,Cardiology,12,11-07-2047,Govt Health Center,Kolkata,35,421,1.09,0
Dr. Ravi Kumar,Orthopedics,11,12-07-2047,Metro Hospital,New Delhi,31,130,0.61,0
Dr. Ravi Kumar,Cardiology,12,13-07-2047,City Hospital,New Delhi,50,170,0.68,0
Dr. Ravi Kumar,Orthopedics,16,14-07-2047,City Hospital,Chennai,68,414,0.71,0
Dr. Rohit Verma,Orthopedics,10,15-07-2047,Metro Hospital,Mumbai,96,450,1.02,0
Dr. Swati Desai,Orthopedics,11,16-07-2047,Govt Health Center,Chennai,84,118,1.29,1
Dr. Ravi Kumar,Dermatology,15,17-07-2047,Metro Hospital,Kolkata,19,362,0.5,0
Dr. Swati Desai,Orthopedics,10,18-07-2047,Metro Hospital,New Delhi,96,121,0.78,0
Dr. Rohit Verma,Pediatrics,10,19-07-2047,Metro Hospital,Mumbai,14,295,0.76,0
Dr. Rohit Verma,Cardiology,16,20-07-2047,City Hospital,Chennai,64,295,0.88,0
Dr. Ravi Kumar,Pediatrics,12,21-07-2047,Metro Hospital,Mumbai,35,302,0.75,0
Dr. Ravi Kumar,Dermatology,17,22-07-2047,City Hospital,Kolkata,13,413,0.79,0
Dr. Anil Mehra,Cardiology,8,23-07-2047,Govt Health Center,New Delhi,36,122,1.98,1
Dr. Swati Desai,Orthopedics,14,24-07-2047,City Hospital,Mumbai,67,323,1.39,0
Dr. Ravi Kumar,Cardiology,14,25-07-2047,Govt Health Center,Kolkata,12,65,1.64,1
Dr. Anil Mehra,Dermatology,13,26-07-2047,Govt Health Center,Kolkata,59,228,1.73,1
Dr. Swati Desai,Dermatology,13,27-07-2047,Govt Health Center,New Delhi,35,401,1.5,0
Dr. Ravi Kumar,Pediatrics,10,28-07-2047,City Hospital,Chennai,27,89,1.56,1
Dr. Anil Mehra,Cardiology,10,29-07-2047,Metro Hospital,New Delhi,16,88,1.45,1
Dr. Anil Mehra,Cardiology,17,30-07-2047,City Hospital,New Delhi,54,105,1.47,1
Dr. Swati Desai,Cardiology,16,31-07-2047,Govt Health Center,Mumbai,22,422,1.89,0
Dr. Anil Mehra,Pediatrics,8,01-08-2047,Metro Hospital,Mumbai,15,282,0.78,0
Dr. Swati Desai,Dermatology,14,02-08-2047,City Hospital,Chennai,44,103,0.91,0
Dr. Swati Desai,Orthopedics,17,03-08-2047,Govt Health Center,Kolkata,62,221,0.64,0
Dr. Swati Desai,Cardiology,14,04-08-2047,Govt Health Center,Mumbai,77,351,1.76,0
Dr. Rohit Verma,Pediatrics,15,05-08-2047,Metro Hospital,Chennai,51,465,1.17,0
Dr. Anil Mehra,Pediatrics,13,06-08-2047,City Hospital,New Delhi,13,481,1.86,0
Dr. Swati Desai,Orthopedics,15,07-08-2047,Metro Hospital,Kolkata,69,238,1.12,1
Dr. Ravi Kumar,Dermatology,8,08-08-2047,Metro Hospital,New Delhi,54,499,1.16,0
Dr. Rohit Verma,Cardiology,8,09-08-2047,Metro Hospital,Kolkata,81,471,1.17,0
Dr. Rohit Verma,Cardiology,16,10-08-2047,Metro Hospital,Mumbai,84,92,1.42,1
Dr. Anil Mehra,Pediatrics,11,11-08-2047,City Hospital,New Delhi,75,53,1.65,1
Dr. Swati Desai,Dermatology,10,12-08-2047,Metro Hospital,New Delhi,91,310,1.03,0
Dr. Anil Mehra,Cardiology,13,13-08-2047,Govt Health Center,Kolkata,91,418,1.45,0
Dr. Rohit Verma,Orthopedics,17,14-08-2047,Govt Health Center,Chennai,31,107,0.81,0
Dr. Swati Desai,Dermatology,16,15-08-2047,Govt Health Center,Kolkata,21,86,1.33,1
Dr. Ravi Kumar,Dermatology,17,16-08-2047,Metro Hospital,Mumbai,90,459,1.32,0
Dr. Swati Desai,Pediatrics,11,17-08-2047,Govt Health Center,Chennai,60,284,1.83,1
Dr. Rohit Verma,Pediatrics,16,18-08-2047,City Hospital,New Delhi,26,314,1.84,0
Dr. Ravi Kumar,Cardiology,12,19-08-2047,Metro Hospital,New Delhi,45,64,1.23,1
Dr. Swati Desai,Pediatrics,14,20-08-2047,Metro Hospital,New Delhi,58,137,0.54,0
Dr. Ravi Kumar,Dermatology,10,21-08-2047,Metro Hospital,Mumbai,25,148,1.77,1
Dr. Ravi Kumar,Cardiology,10,22-08-2047,City Hospital,New Delhi,84,154,0.5,0
Dr. Rohit Verma,Cardiology,10,23-08-2047,Metro Hospital,New Delhi,53,266,1.22,1
Dr. Ravi Kumar,Dermatology,15,24-08-2047,Metro Hospital,Chennai,31,459,0.53,0
Dr. Anil Mehra,Cardiology,13,25-08-2047,Govt Health Center,Mumbai,17,240,1.03,1
Dr. Rohit Verma,Orthopedics,16,26-08-2047,Govt Health Center,New Delhi,27,264,1.46,1
Dr. Anil Mehra,Orthopedics,16,27-08-2047,Metro Hospital,Chennai,89,247,1.06,1
Dr. Ravi Kumar,Cardiology,15,28-08-2047,City Hospital,New Delhi,93,154,1.89,1
Dr. Anil Mehra,Pediatrics,8,29-08-2047,Govt Health Center,Chennai,81,76,1.46,1
Dr. Swati Desai,Orthopedics,13,30-08-2047,Metro Hospital,New Delhi,47,231,1.47,1
Dr. Ravi Kumar,Cardiology,11,31-08-2047,Govt Health Center,Mumbai,38,132,1.06,1
Dr. Swati Desai,Orthopedics,11,01-09-2047,Govt Health Center,Kolkata,86,208,0.56,0
Dr. Anil Mehra,Pediatrics,10,02-09-2047,City Hospital,Mumbai,90,279,1.61,1
Dr. Swati Desai,Dermatology,16,03-09-2047,Metro Hospital,Chennai,90,284,1.57,1
Dr. Ravi Kumar,Cardiology,9,04-09-2047,Govt Health Center,New Delhi,82,337,1.3,0
Dr. Swati Desai,Cardiology,8,05-09-2047,Metro Hospital,Mumbai,11,435,1.12,0
Dr. Anil Mehra,Cardiology,17,06-09-2047,City Hospital,New Delhi,68,67,1.31,1
Dr. Anil Mehra,Cardiology,10,07-09-2047,City Hospital,Mumbai,51,333,1.62,0
Dr. Anil Mehra,Cardiology,11,08-09-2047,Govt Health Center,Chennai,97,120,1.57,1
Dr. Ravi Kumar,Cardiology,11,09-09-2047,City Hospital,Kolkata,30,264,1.49,1
Dr. Anil Mehra,Pediatrics,13,10-09-2047,Govt Health Center,Mumbai,11,166,1.86,1
Dr. Ravi Kumar,Dermatology,8,11-09-2047,Metro Hospital,New Delhi,14,149,1.41,1
Dr. Swati Desai,Pediatrics,8,12-09-2047,Govt Health Center,New Delhi,26,137,0.52,0
Dr. Anil Mehra,Pediatrics,9,13-09-2047,Govt Health Center,New Delhi,33,397,1.43,0
Dr. Swati Desai,Dermatology,11,14-09-2047,City Hospital,Chennai,17,202,1.42,1
Dr. Rohit Verma,Pediatrics,14,15-09-2047,Metro Hospital,Chennai,39,344,0.6,0
Dr. Swati Desai,Orthopedics,13,16-09-2047,Metro Hospital,Kolkata,59,226,1.14,1
Dr. Rohit Verma,Pediatrics,16,17-09-2047,Govt Health Center,New Delhi,31,181,1.48,1
Dr. Swati Desai,Cardiology,14,18-09-2047,Metro Hospital,Kolkata,68,357,1.56,0
Dr. Ravi Kumar,Orthopedics,12,19-09-2047,Metro Hospital,New Delhi,33,171,1.84,1
Dr. Swati Desai,Orthopedics,13,20-09-2047,Govt Health Center,Mumbai,35,260,1.76,1
Dr. Ravi Kumar,Dermatology,17,21-09-2047,Govt Health Center,Mumbai,70,117,0.67,0
Dr. Ravi Kumar,Pediatrics,16,22-09-2047,Metro Hospital,Mumbai,17,106,1.41,1
Dr. Anil Mehra,Pediatrics,8,23-09-2047,Govt Health Center,New Delhi,21,62,1.39,1
Dr. Ravi Kumar,Orthopedics,16,24-09-2047,City Hospital,Mumbai,23,242,0.96,0
Dr. Rohit Verma,Pediatrics,13,25-09-2047,Metro Hospital,New Delhi,39,112,0.78,0
Dr. Anil Mehra,Pediatrics,11,26-09-2047,Govt Health Center,Kolkata,64,376,0.8,0
Dr. Anil Mehra,Dermatology,12,27-09-2047,Metro Hospital,Chennai,70,202,0.77,0
Dr. Swati Desai,Orthopedics,8,28-09-2047,Metro Hospital,Mumbai,71,72,1.71,1
Dr. Ravi Kumar,Cardiology,14,29-09-2047,City Hospital,New Delhi,40,79,0.72,0
Dr. Ravi Kumar,Orthopedics,15,30-09-2047,City Hospital,New Delhi,36,418,0.9,0
Dr. Rohit Verma,Dermatology,12,01-10-2047,Metro Hospital,Kolkata,10,238,0.83,0
Dr. Swati Desai,Dermatology,9,02-10-2047,City Hospital,Kolkata,50,440,1.57,0
Dr. Swati Desai,Dermatology,15,03-10-2047,Govt Health Center,Chennai,23,359,0.74,0
Dr. Anil Mehra,Pediatrics,17,04-10-2047,Metro Hospital,Kolkata,83,158,0.54,0
Dr. Anil Mehra,Orthopedics,14,05-10-2047,City Hospital,Chennai,59,450,1.06,0
Dr. Anil Mehra,Pediatrics,17,06-10-2047,Metro Hospital,Chennai,51,402,0.96,0
Dr. Rohit Verma,Pediatrics,16,07-10-2047,Metro Hospital,Kolkata,80,109,1.1,1
Dr. Rohit Verma,Orthopedics,11,08-10-2047,Govt Health Center,Chennai,49,115,1.63,1
Dr. Anil Mehra,Dermatology,16,09-10-2047,Govt Health Center,Mumbai,23,215,0.52,0
Dr. Swati Desai,Cardiology,11,10-10-2047,Govt Health Center,Chennai,20,190,0.56,0
Dr. Rohit Verma,Cardiology,10,11-10-2047,City Hospital,New Delhi,72,101,0.88,0
Dr. Swati Desai,Orthopedics,10,12-10-2047,City Hospital,New Delhi,58,229,1.83,1
Dr. Swati Desai,Orthopedics,17,13-10-2047,City Hospital,New Delhi,46,81,0.75,0
Dr. Ravi Kumar,Dermatology,9,14-10-2047,Govt Health Center,Kolkata,19,263,2,1
Dr. Anil Mehra,Orthopedics,17,15-10-2047,Metro Hospital,New Delhi,63,314,1.71,0
Dr. Ravi Kumar,Orthopedics,10,16-10-2047,Govt Health Center,Kolkata,16,66,1.18,1
Dr. Anil Mehra,Dermatology,15,17-10-2047,City Hospital,New Delhi,90,175,1.62,1
Dr. Anil Mehra,Dermatology,15,18-10-2047,City Hospital,Chennai,21,131,1.28,1
Dr. Swati Desai,Pediatrics,9,19-10-2047,City Hospital,Kolkata,64,89,1.35,1
Dr. Anil Mehra,Orthopedics,9,20-10-2047,Govt Health Center,New Delhi,45,153,1.37,1
Dr. Swati Desai,Cardiology,9,21-10-2047,City Hospital,Chennai,16,268,1.47,1
Dr. Swati Desai,Orthopedics,17,22-10-2047,Govt Health Center,Kolkata,33,231,0.59,0
Dr. Anil Mehra,Cardiology,14,23-10-2047,Metro Hospital,Chennai,43,433,1.42,0
Dr. Swati Desai,Cardiology,13,24-10-2047,Govt Health Center,Chennai,74,487,1.58,0
Dr. Swati Desai,Cardiology,8,25-10-2047,City Hospital,Chennai,38,205,0.97,0
Dr. Swati Desai,Pediatrics,9,26-10-2047,Metro Hospital,Kolkata,35,227,1.97,1
Dr. Rohit Verma,Dermatology,8,27-10-2047,City Hospital,Kolkata,83,67,0.72,0
Dr. Swati Desai,Dermatology,14,28-10-2047,Metro Hospital,Mumbai,74,190,1.87,1
Dr. Rohit Verma,Pediatrics,13,29-10-2047,City Hospital,Mumbai,54,210,1.51,1
Dr. Rohit Verma,Dermatology,9,30-10-2047,Govt Health Center,Mumbai,26,448,1.5,0
Dr. Swati Desai,Pediatrics,9,31-10-2047,City Hospital,Mumbai,45,263,1.81,1
Dr. Swati Desai,Orthopedics,9,01-11-2047,Govt Health Center,Kolkata,82,471,1.75,0
Dr. Rohit Verma,Pediatrics,15,02-11-2047,Govt Health Center,Mumbai,72,271,1.02,1
Dr. Rohit Verma,Dermatology,14,03-11-2047,Metro Hospital,New Delhi,32,311,1.56,0
Dr. Swati Desai,Dermatology,8,04-11-2047,Govt Health Center,Mumbai,75,94,0.58,0
Dr. Swati Desai,Orthopedics,11,05-11-2047,Govt Health Center,New Delhi,91,236,1.2,1
Dr. Anil Mehra,Pediatrics,11,06-11-2047,Govt Health Center,New Delhi,51,403,1.91,0
Dr. Rohit Verma,Orthopedics,14,07-11-2047,Metro Hospital,Chennai,80,424,0.91,0
Dr. Rohit Verma,Cardiology,9,08-11-2047,City Hospital,Chennai,84,290,0.57,0
Dr. Anil Mehra,Pediatrics,11,09-11-2047,City Hospital,Chennai,80,274,1.37,1
Dr. Rohit Verma,Orthopedics,8,10-11-2047,Govt Health Center,Mumbai,52,383,1.03,0
Dr. Ravi Kumar,Orthopedics,11,11-11-2047,Govt Health Center,Kolkata,97,97,1.07,1
Dr. Rohit Verma,Dermatology,8,12-11-2047,City Hospital,New Delhi,64,160,1.37,1
Dr. Anil Mehra,Pediatrics,9,13-11-2047,Govt Health Center,Kolkata,65,474,1.43,0
Dr. Ravi Kumar,Cardiology,9,14-11-2047,City Hospital,Kolkata,88,132,1.16,1
Dr. Swati Desai,Cardiology,17,15-11-2047,Metro Hospital,Mumbai,40,153,1.26,1
Dr. Anil Mehra,Pediatrics,10,16-11-2047,Govt Health Center,Kolkata,92,123,1.99,1
Dr. Anil Mehra,Pediatrics,15,17-11-2047,Govt Health Center,Kolkata,65,104,1.94,1
Dr. Swati Desai,Orthopedics,13,18-11-2047,City Hospital,Chennai,83,366,1.56,0
Dr. Anil Mehra,Dermatology,13,19-11-2047,City Hospital,Chennai,57,51,0.74,0
Dr. Rohit Verma,Dermatology,16,20-11-2047,Metro Hospital,New Delhi,61,291,1.04,1
Dr. Swati Desai,Dermatology,15,21-11-2047,Govt Health Center,New Delhi,81,421,1.82,0
Dr. Anil Mehra,Pediatrics,9,22-11-2047,City Hospital,Chennai,10,307,1.14,0
Dr. Swati Desai,Dermatology,13,23-11-2047,Metro Hospital,Mumbai,11,381,1.93,0
Dr. Swati Desai,Orthopedics,8,24-11-2047,City Hospital,Mumbai,51,59,1.23,1
Dr. Swati Desai,Pediatrics,16,25-11-2047,City Hospital,New Delhi,83,125,1.79,1
Dr. Ravi Kumar,Pediatrics,11,26-11-2047,Metro Hospital,Chennai,18,472,0.55,0
Dr. Anil Mehra,Dermatology,11,27-11-2047,Metro Hospital,Mumbai,40,307,1.15,0
Dr. Ravi Kumar,Cardiology,16,28-11-2047,Metro Hospital,Kolkata,11,170,1.55,1
Dr. Anil Mehra,Cardiology,10,29-11-2047,Metro Hospital,New Delhi,33,370,1.8,0
Dr. Rohit Verma,Orthopedics,12,30-11-2047,Metro Hospital,New Delhi,52,499,1.41,0
Dr. Rohit Verma,Dermatology,8,01-12-2047,Metro Hospital,Kolkata,79,264,0.76,0
Dr. Rohit Verma,Dermatology,13,02-12-2047,Govt Health Center,Kolkata,81,294,1.83,1
Dr. Anil Mehra,Pediatrics,10,03-12-2047,Metro Hospital,New Delhi,98,386,1.36,0
Dr. Swati Desai,Pediatrics,8,04-12-2047,Govt Health Center,Kolkata,52,229,0.66,0
Dr. Swati Desai,Dermatology,17,05-12-2047,City Hospital,Mumbai,60,390,1.2,0
Dr. Ravi Kumar,Pediatrics,13,06-12-2047,City Hospital,New Delhi,98,349,1.55,0
Dr. Ravi Kumar,Dermatology,17,07-12-2047,Metro Hospital,Mumbai,55,339,1.18,0
Dr. Rohit Verma,Orthopedics,9,08-12-2047,City Hospital,New Delhi,84,122,1.81,1
Dr. Ravi Kumar,Pediatrics,15,09-12-2047,Metro Hospital,Mumbai,10,258,1.14,1
Dr. Anil Mehra,Dermatology,9,10-12-2047,Metro Hospital,Chennai,96,290,1.38,1
Dr. Anil Mehra,Pediatrics,11,11-12-2047,Govt Health Center,Mumbai,76,411,0.82,0
Dr. Ravi Kumar,Orthopedics,10,12-12-2047,City Hospital,Kolkata,10,222,1.27,1
Dr. Ravi Kumar,Pediatrics,16,13-12-2047,Metro Hospital,Chennai,72,465,0.83,0
Dr. Ravi Kumar,Dermatology,9,14-12-2047,City Hospital,New Delhi,85,54,0.84,0
Dr. Ravi Kumar,Pediatrics,10,15-12-2047,Govt Health Center,Mumbai,71,415,0.92,0
Dr. Rohit Verma,Pediatrics,14,16-12-2047,City Hospital,New Delhi,70,266,0.57,0
Dr. Rohit Verma,Dermatology,11,17-12-2047,Govt Health Center,Chennai,49,263,0.74,0
Dr. Ravi Kumar,Cardiology,13,18-12-2047,Govt Health Center,Kolkata,38,496,1.14,0
Dr. Anil Mehra,Pediatrics,10,19-12-2047,Govt Health Center,Kolkata,44,374,0.7,0
Dr. Rohit Verma,Pediatrics,8,20-12-2047,Metro Hospital,Kolkata,94,359,0.7,0
Dr. Anil Mehra,Orthopedics,13,21-12-2047,Metro Hospital,New Delhi,20,87,1.95,1
Dr. Swati Desai,Cardiology,11,22-12-2047,City Hospital,Kolkata,99,442,1.14,0
Dr. Anil Mehra,Orthopedics,9,23-12-2047,Metro Hospital,Kolkata,20,110,1.11,1
Dr. Ravi Kumar,Dermatology,14,24-12-2047,Metro Hospital,New Delhi,72,144,0.9,0
Dr. Swati Desai,Dermatology,17,25-12-2047,City Hospital,New Delhi,78,282,1.27,1
Dr. Rohit Verma,Orthopedics,12,26-12-2047,Govt Health Center,Chennai,65,326,1.39,0
Dr. Rohit Verma,Pediatrics,13,27-12-2047,Govt Health Center,Kolkata,16,85,1.13,1
Dr. Swati Desai,Cardiology,13,28-12-2047,City Hospital,Chennai,60,50,1.09,1
Dr. Anil Mehra,Orthopedics,16,29-12-2047,Metro Hospital,Mumbai,48,199,1.55,1
Dr. Rohit Verma,Orthopedics,9,30-12-2047,City Hospital,Mumbai,51,264,1.92,1
Dr. Ravi Kumar,Dermatology,13,31-12-2047,City Hospital,Mumbai,81,448,1.82,0
Dr. Swati Desai,Pediatrics,16,01-01-2048,Metro Hospital,Mumbai,62,95,0.68,0
Dr. Ravi Kumar,Cardiology,11,02-01-2048,City Hospital,New Delhi,30,114,1.48,1
Dr. Swati Desai,Orthopedics,13,03-01-2048,Metro Hospital,Chennai,39,55,0.51,0
Dr. Rohit Verma,Cardiology,14,04-01-2048,Metro Hospital,Chennai,87,473,1.45,0
Dr. Anil Mehra,Cardiology,8,05-01-2048,City Hospital,New Delhi,10,468,1.2,0
Dr. Swati Desai,Orthopedics,12,06-01-2048,Govt Health Center,Mumbai,33,130,1.24,1
Dr. Swati Desai,Cardiology,11,07-01-2048,Metro Hospital,Chennai,15,238,1.38,1
Dr. Ravi Kumar,Dermatology,17,08-01-2048,Govt Health Center,Kolkata,15,200,1.61,1
Dr. Rohit Verma,Pediatrics,9,09-01-2048,Metro Hospital,New Delhi,78,197,1.59,1
Dr. Ravi Kumar,Pediatrics,9,10-01-2048,Govt Health Center,New Delhi,71,77,0.57,0
Dr. Rohit Verma,Pediatrics,9,11-01-2048,City Hospital,Kolkata,44,214,1.6,1
Dr. Ravi Kumar,Dermatology,14,12-01-2048,Metro Hospital,Mumbai,88,184,1.74,1
Dr. Swati Desai,Dermatology,11,13-01-2048,City Hospital,Mumbai,44,303,0.6,0
Dr. Ravi Kumar,Dermatology,13,14-01-2048,City Hospital,Chennai,57,354,0.98,0
Dr. Anil Mehra,Pediatrics,14,15-01-2048,City Hospital,Kolkata,81,261,1.69,1
Dr. Rohit Verma,Cardiology,16,16-01-2048,Metro Hospital,Chennai,52,329,1.24,0
Dr. Rohit Verma,Dermatology,9,17-01-2048,City Hospital,Mumbai,44,129,1.54,1
Dr. Swati Desai,Orthopedics,17,18-01-2048,City Hospital,Chennai,14,318,1.25,0
Dr. Rohit Verma,Dermatology,16,19-01-2048,Metro Hospital,Kolkata,40,397,1.97,0
Dr. Anil Mehra,Orthopedics,12,20-01-2048,City Hospital,Kolkata,40,440,1.9,0
Dr. Ravi Kumar,Pediatrics,13,21-01-2048,Metro Hospital,Kolkata,17,64,0.92,0
Dr. Swati Desai,Orthopedics,13,22-01-2048,City Hospital,Mumbai,15,136,1.08,1
Dr. Anil Mehra,Dermatology,10,23-01-2048,Govt Health Center,New Delhi,96,456,1.15,0
Dr. Rohit Verma,Dermatology,17,24-01-2048,City Hospital,New Delhi,62,429,0.66,0
Dr. Rohit Verma,Cardiology,14,25-01-2048,Govt Health Center,New Delhi,89,272,1.11,1
Dr. Anil Mehra,Pediatrics,14,26-01-2048,Metro Hospital,Chennai,53,374,1.66,0
Dr. Ravi Kumar,Orthopedics,15,27-01-2048,Govt Health Center,Kolkata,58,140,1.77,1
Dr. Ravi Kumar,Pediatrics,12,28-01-2048,Metro Hospital,Mumbai,17,365,1.83,0
Dr. Swati Desai,Dermatology,9,29-01-2048,City Hospital,New Delhi,73,315,0.52,0
Dr. Rohit Verma,Cardiology,10,30-01-2048,Govt Health Center,New Delhi,13,356,1.68,0
Dr. Anil Mehra,Dermatology,16,31-01-2048,City Hospital,Chennai,41,369,1.25,0
Dr. Ravi Kumar,Dermatology,13,01-02-2048,Govt Health Center,Chennai,62,155,0.81,0
Dr. Swati Desai,Dermatology,15,02-02-2048,Metro Hospital,New Delhi,76,302,1.25,0
Dr. Rohit Verma,Orthopedics,15,03-02-2048,Metro Hospital,Kolkata,72,248,1.77,1
Dr. Rohit Verma,Dermatology,12,04-02-2048,Metro Hospital,Kolkata,89,105,1.15,1
Dr. Swati Desai,Pediatrics,8,05-02-2048,Metro Hospital,Chennai,69,465,1.99,0
Dr. Swati Desai,Pediatrics,13,06-02-2048,City Hospital,Chennai,86,456,1.43,0
Dr. Ravi Kumar,Cardiology,14,07-02-2048,City Hospital,Kolkata,42,487,1.23,0
Dr. Anil Mehra,Pediatrics,16,08-02-2048,City Hospital,Chennai,31,288,0.94,0
Dr. Rohit Verma,Dermatology,9,09-02-2048,City Hospital,Chennai,40,396,0.52,0
Dr. Anil Mehra,Dermatology,9,10-02-2048,City Hospital,Kolkata,33,390,1.42,0
Dr. Rohit Verma,Pediatrics,17,11-02-2048,Metro Hospital,Kolkata,12,412,1.37,0
Dr. Rohit Verma,Cardiology,8,12-02-2048,City Hospital,Mumbai,42,267,1.28,1
Dr. Anil Mehra,Cardiology,12,13-02-2048,City Hospital,Chennai,35,261,1.31,1
Dr. Swati Desai,Pediatrics,9,14-02-2048,City Hospital,Chennai,60,238,1.77,1
Dr. Ravi Kumar,Orthopedics,10,15-02-2048,Metro Hospital,Mumbai,95,384,0.98,0
Dr. Rohit Verma,Orthopedics,9,16-02-2048,Metro Hospital,Chennai,39,414,1.33,0
Dr. Swati Desai,Orthopedics,11,17-02-2048,Metro Hospital,Chennai,44,151,1.52,1
Dr. Rohit Verma,Orthopedics,10,18-02-2048,Metro Hospital,New Delhi,34,453,0.81,0
Dr. Ravi Kumar,Pediatrics,16,19-02-2048,City Hospital,New Delhi,37,486,1.89,0
Dr. Rohit Verma,Cardiology,17,20-02-2048,City Hospital,New Delhi,96,192,1.61,1
Dr. Ravi Kumar,Dermatology,9,21-02-2048,Govt Health Center,Mumbai,35,334,0.58,0
Dr. Ravi Kumar,Dermatology,14,22-02-2048,City Hospital,Chennai,82,119,1.8,1
Dr. Rohit Verma,Pediatrics,10,23-02-2048,Metro Hospital,Mumbai,17,385,1.89,0
Dr. Rohit Verma,Dermatology,17,24-02-2048,Metro Hospital,Mumbai,24,114,1.69,1
Dr. Ravi Kumar,Orthopedics,15,25-02-2048,City Hospital,Chennai,58,495,1.14,0
Dr. Swati Desai,Cardiology,11,26-02-2048,Govt Health Center,Kolkata,17,247,1.99,1
Dr. Anil Mehra,Pediatrics,11,27-02-2048,Metro Hospital,Kolkata,64,65,0.69,0
Dr. Ravi Kumar,Cardiology,16,28-02-2048,Govt Health Center,Chennai,94,359,1.3,0
Dr. Rohit Verma,Pediatrics,10,29-02-2048,Metro Hospital,Kolkata,67,402,0.76,0
Dr. Rohit Verma,Pediatrics,14,01-03-2048,Metro Hospital,New Delhi,12,312,1.16,0
Dr. Swati Desai,Pediatrics,8,02-03-2048,City Hospital,Chennai,18,109,1.89,1
Dr. Anil Mehra,Pediatrics,14,03-03-2048,Metro Hospital,Mumbai,23,59,1.69,1
Dr. Ravi Kumar,Cardiology,17,04-03-2048,Govt Health Center,New Delhi,29,358,1.67,0
Dr. Ravi Kumar,Dermatology,9,05-03-2048,Govt Health Center,Mumbai,13,57,1.03,1
Dr. Anil Mehra,Pediatrics,13,06-03-2048,City Hospital,Kolkata,33,431,1.9,0
Dr. Ravi Kumar,Orthopedics,16,07-03-2048,Metro Hospital,Chennai,85,390,1.05,0
Dr. Anil Mehra,Pediatrics,13,08-03-2048,Govt Health Center,New Delhi,37,139,0.56,0
Dr. Rohit Verma,Cardiology,10,09-03-2048,City Hospital,Chennai,97,86,1.46,1
Dr. Anil Mehra,Pediatrics,8,10-03-2048,Govt Health Center,New Delhi,40,437,1.04,0
Dr. Ravi Kumar,Orthopedics,11,11-03-2048,City Hospital,New Delhi,76,133,0.73,0
Dr. Anil Mehra,Cardiology,11,12-03-2048,Govt Health Center,New Delhi,73,283,1.9,1
Dr. Swati Desai,Pediatrics,15,13-03-2048,Metro Hospital,Chennai,26,299,1.46,1
Dr. Rohit Verma,Orthopedics,17,14-03-2048,Govt Health Center,New Delhi,15,289,1.91,1
Dr. Rohit Verma,Cardiology,17,15-03-2048,Govt Health Center,New Delhi,91,153,1.37,1
Dr. Anil Mehra,Pediatrics,14,16-03-2048,City Hospital,Chennai,69,260,0.6,0
Dr. Ravi Kumar,Orthopedics,17,17-03-2048,City Hospital,Mumbai,90,274,0.54,0
Dr. Swati Desai,Cardiology,14,18-03-2048,City Hospital,Kolkata,20,328,1.85,0
Dr. Rohit Verma,Pediatrics,14,19-03-2048,Govt Health Center,Chennai,47,442,0.56,0
Dr. Rohit Verma,Cardiology,9,20-03-2048,City Hospital,Chennai,43,215,1.42,1
Dr. Ravi Kumar,Orthopedics,16,21-03-2048,Metro Hospital,New Delhi,56,350,0.95,0
Dr. Ravi Kumar,Pediatrics,13,22-03-2048,City Hospital,Chennai,41,478,1.53,0
Dr. Swati Desai,Pediatrics,9,23-03-2048,City Hospital,Chennai,66,451,0.93,0
Dr. Anil Mehra,Pediatrics,8,24-03-2048,Metro Hospital,Kolkata,55,95,0.56,0
Dr. Ravi Kumar,Orthopedics,8,25-03-2048,City Hospital,Chennai,44,51,1.6,1
Dr. Anil Mehra,Dermatology,8,26-03-2048,City Hospital,New Delhi,31,225,0.97,0
Dr. Swati Desai,Pediatrics,11,27-03-2048,Govt Health Center,Kolkata,25,322,1.33,0
Dr. Anil Mehra,Orthopedics,11,28-03-2048,Govt Health Center,Chennai,85,167,1.66,1
Dr. Rohit Verma,Cardiology,16,29-03-2048,City Hospital,New Delhi,14,321,1.55,0
Dr. Anil Mehra,Cardiology,8,30-03-2048,Metro Hospital,Kolkata,99,415,1.02,0
Dr. Swati Desai,Orthopedics,10,31-03-2048,City Hospital,Chennai,35,222,1.62,1
Dr. Swati Desai,Dermatology,10,01-04-2048,City Hospital,New Delhi,86,353,1.89,0
Dr. Swati Desai,Orthopedics,15,02-04-2048,City Hospital,Kolkata,33,201,1.41,1
Dr. Anil Mehra,Cardiology,9,03-04-2048,Govt Health Center,New Delhi,76,400,1.56,0
Dr. Rohit Verma,Cardiology,13,04-04-2048,Metro Hospital,Kolkata,41,242,1.8,1
Dr. Ravi Kumar,Pediatrics,11,05-04-2048,Metro Hospital,Chennai,32,141,1.77,1
Dr. Rohit Verma,Dermatology,17,06-04-2048,Metro Hospital,Mumbai,58,210,1.03,1
Dr. Anil Mehra,Orthopedics,13,07-04-2048,Govt Health Center,Kolkata,71,155,1.99,1
Dr. Anil Mehra,Cardiology,12,08-04-2048,Govt Health Center,Chennai,86,278,0.54,0
Dr. Ravi Kumar,Cardiology,16,09-04-2048,City Hospital,Kolkata,88,152,1.98,1
Dr. Anil Mehra,Cardiology,16,10-04-2048,Govt Health Center,Mumbai,75,181,0.87,0
Dr. Swati Desai,Orthopedics,8,11-04-2048,City Hospital,New Delhi,20,306,1.16,0
Dr. Swati Desai,Orthopedics,10,12-04-2048,Govt Health Center,Mumbai,89,338,1.83,0
Dr. Swati Desai,Dermatology,8,13-04-2048,City Hospital,Mumbai,27,495,0.87,0
Dr. Swati Desai,Pediatrics,13,14-04-2048,Govt Health Center,New Delhi,19,436,0.84,0
Dr. Swati Desai,Pediatrics,10,15-04-2048,Metro Hospital,Mumbai,86,150,1.46,1
Dr. Anil Mehra,Pediatrics,8,16-04-2048,City Hospital,Chennai,69,350,1.56,0
Dr. Ravi Kumar,Cardiology,13,17-04-2048,Govt Health Center,Kolkata,17,70,0.51,0
Dr. Ravi Kumar,Pediatrics,12,18-04-2048,Govt Health Center,Mumbai,80,298,1.18,1
Dr. Swati Desai,Cardiology,15,19-04-2048,City Hospital,Kolkata,57,241,1.23,1
Dr. Anil Mehra,Dermatology,9,20-04-2048,Govt Health Center,Kolkata,90,122,0.91,0
Dr. Rohit Verma,Cardiology,15,21-04-2048,Metro Hospital,New Delhi,50,362,1.32,0
Dr. Rohit Verma,Dermatology,12,22-04-2048,City Hospital,Mumbai,17,217,0.73,0
Dr. Anil Mehra,Dermatology,15,23-04-2048,City Hospital,New Delhi,46,111,0.99,0
Dr. Swati Desai,Pediatrics,17,24-04-2048,City Hospital,New Delhi,46,220,1.57,1
Dr. Ravi Kumar,Pediatrics,11,25-04-2048,City Hospital,Kolkata,73,170,1.81,1
Dr. Anil Mehra,Cardiology,11,26-04-2048,City Hospital,Chennai,68,265,1.38,1
Dr. Rohit Verma,Orthopedics,17,27-04-2048,Metro Hospital,Kolkata,97,223,0.61,0
Dr. Rohit Verma,Pediatrics,11,28-04-2048,City Hospital,New Delhi,54,73,1.52,1
Dr. Rohit Verma,Pediatrics,13,29-04-2048,Metro Hospital,Mumbai,25,457,1.85,0
Dr. Swati Desai,Orthopedics,11,30-04-2048,Metro Hospital,Chennai,35,187,1.26,1
Dr. Rohit Verma,Orthopedics,16,01-05-2048,Metro Hospital,Chennai,40,148,1.24,1
Dr. Anil Mehra,Pediatrics,16,02-05-2048,City Hospital,Mumbai,36,373,1.99,0
Dr. Anil Mehra,Orthopedics,10,03-05-2048,Metro Hospital,Mumbai,99,106,1.45,1
Dr. Rohit Verma,Cardiology,14,04-05-2048,City Hospital,Chennai,52,296,1.71,1
Dr. Anil Mehra,Dermatology,12,05-05-2048,Metro Hospital,New Delhi,24,221,1.47,1
Dr. Rohit Verma,Dermatology,16,06-05-2048,City Hospital,Chennai,67,250,0.83,0
Dr. Rohit Verma,Pediatrics,9,07-05-2048,Govt Health Center,Chennai,58,380,0.93,0
Dr. Ravi Kumar,Pediatrics,10,08-05-2048,Govt Health Center,Chennai,88,156,1.5,1
Dr. Swati Desai,Cardiology,17,09-05-2048,Metro Hospital,New Delhi,96,97,1.18,1
Dr. Swati Desai,Orthopedics,12,10-05-2048,Govt Health Center,Mumbai,34,382,1.11,0
Dr. Ravi Kumar,Pediatrics,12,11-05-2048,Metro Hospital,Mumbai,77,460,0.53,0
Dr. Ravi Kumar,Dermatology,17,12-05-2048,Metro Hospital,Mumbai,45,335,1.83,0
Dr. Swati Desai,Cardiology,14,13-05-2048,Metro Hospital,New Delhi,89,95,1.83,1
Dr. Rohit Verma,Cardiology,15,14-05-2048,Govt Health Center,New Delhi,56,445,1.19,0
Dr. Rohit Verma,Orthopedics,15,15-05-2048,Metro Hospital,Mumbai,68,169,1.55,1
Dr. Swati Desai,Pediatrics,8,16-05-2048,Govt Health Center,Kolkata,94,109,0.77,0
Dr. Rohit Verma,Pediatrics,8,17-05-2048,Govt Health Center,Kolkata,61,196,1.26,1
Dr. Ravi Kumar,Cardiology,10,18-05-2048,City Hospital,Mumbai,49,153,1.16,1
Dr. Rohit Verma,Dermatology,8,19-05-2048,Govt Health Center,Kolkata,52,117,1.48,1
Dr. Rohit Verma,Pediatrics,8,20-05-2048,City Hospital,Kolkata,65,487,1.2,0
Dr. Anil Mehra,Dermatology,17,21-05-2048,Metro Hospital,Mumbai,90,211,1.25,1
Dr. Anil Mehra,Cardiology,15,22-05-2048,Metro Hospital,Mumbai,12,264,0.94,0
Dr. Anil Mehra,Pediatrics,8,23-05-2048,City Hospital,New Delhi,80,167,0.57,0
Dr. Rohit Verma,Dermatology,16,24-05-2048,Metro Hospital,Kolkata,21,286,1.88,1
Dr. Swati Desai,Cardiology,9,25-05-2048,City Hospital,Kolkata,74,267,0.52,0
Dr. Ravi Kumar,Dermatology,16,26-05-2048,City Hospital,Mumbai,52,173,0.92,0
Dr. Rohit Verma,Pediatrics,14,27-05-2048,Metro Hospital,Chennai,79,166,1.17,1
Dr. Swati Desai,Orthopedics,16,28-05-2048,City Hospital,Mumbai,55,312,0.98,0
Dr. Rohit Verma,Dermatology,10,29-05-2048,City Hospital,New Delhi,69,387,1.33,0
Dr. Ravi Kumar,Orthopedics,8,30-05-2048,City Hospital,Chennai,70,219,1.19,1
Dr. Rohit Verma,Pediatrics,8,31-05-2048,Metro Hospital,Chennai,58,245,0.88,0
Dr. Ravi Kumar,Orthopedics,17,01-06-2048,Metro Hospital,Chennai,96,358,0.63,0
Dr. Rohit Verma,Cardiology,13,02-06-2048,Metro Hospital,New Delhi,34,441,0.71,0
Dr. Ravi Kumar,Orthopedics,14,03-06-2048,Metro Hospital,Kolkata,98,199,1.23,1
Dr. Rohit Verma,Dermatology,16,04-06-2048,Metro Hospital,Mumbai,12,295,1.77,1
Dr. Ravi Kumar,Dermatology,13,05-06-2048,Govt Health Center,New Delhi,77,331,0.65,0
Dr. Anil Mehra,Orthopedics,12,06-06-2048,Govt Health Center,New Delhi,72,240,1.52,1
Dr. Rohit Verma,Cardiology,9,07-06-2048,City Hospital,Chennai,39,223,1.69,1
Dr. Rohit Verma,Pediatrics,9,08-06-2048,Govt Health Center,Chennai,13,422,0.92,0
Dr. Swati Desai,Orthopedics,15,09-06-2048,Metro Hospital,New Delhi,87,130,1.5,1
Dr. Swati Desai,Dermatology,8,10-06-2048,Metro Hospital,Kolkata,94,221,1.53,1
Dr. Ravi Kumar,Dermatology,15,11-06-2048,Metro Hospital,Chennai,80,495,1.56,0
Dr. Rohit Verma,Orthopedics,17,12-06-2048,City Hospital,New Delhi,30,213,1.84,1
Dr. Ravi Kumar,Orthopedics,14,13-06-2048,City Hospital,Chennai,80,346,1.1,0
Dr. Anil Mehra,Orthopedics,14,14-06-2048,City Hospital,Mumbai,10,160,0.87,0
Dr. Swati Desai,Pediatrics,12,15-06-2048,City Hospital,Mumbai,69,256,1.32,1
Dr. Ravi Kumar,Dermatology,10,16-06-2048,City Hospital,Mumbai,43,387,0.59,0
Dr. Ravi Kumar,Dermatology,14,17-06-2048,City Hospital,Chennai,96,460,1,0
Dr. Swati Desai,Dermatology,14,18-06-2048,Govt Health Center,Chennai,12,119,1.82,1
Dr. Rohit Verma,Pediatrics,14,19-06-2048,Metro Hospital,Kolkata,27,147,1.3,1
Dr. Ravi Kumar,Cardiology,9,20-06-2048,Govt Health Center,Mumbai,52,474,1.16,0
Dr. Swati Desai,Dermatology,10,21-06-2048,City Hospital,Kolkata,85,54,0.9,0
Dr. Rohit Verma,Dermatology,10,22-06-2048,Metro Hospital,New Delhi,87,234,0.88,0
Dr. Anil Mehra,Cardiology,11,23-06-2048,Metro Hospital,New Delhi,50,253,0.85,0
Dr. Swati Desai,Pediatrics,16,24-06-2048,Metro Hospital,Mumbai,33,462,1.74,0
Dr. Ravi Kumar,Cardiology,17,25-06-2048,Govt Health Center,Kolkata,33,427,1.98,0
Dr. Anil Mehra,Cardiology,8,26-06-2048,Metro Hospital,Chennai,12,61,1.3,1
Dr. Rohit Verma,Cardiology,14,27-06-2048,City Hospital,Kolkata,68,458,0.62,0
Dr. Rohit Verma,Cardiology,14,28-06-2048,City Hospital,New Delhi,67,288,1.63,1
Dr. Swati Desai,Pediatrics,11,29-06-2048,Govt Health Center,Kolkata,82,467,1.82,0
Dr. Swati Desai,Pediatrics,8,30-06-2048,Govt Health Center,New Delhi,33,380,1.9,0
Dr. Swati Desai,Cardiology,10,01-07-2048,City Hospital,New Delhi,75,329,1.44,0
Dr. Rohit Verma,Orthopedics,12,02-07-2048,Govt Health Center,Kolkata,49,164,1.26,1
Dr. Anil Mehra,Orthopedics,9,03-07-2048,Metro Hospital,Chennai,80,418,1.43,0
Dr. Rohit Verma,Orthopedics,14,04-07-2048,Govt Health Center,New Delhi,18,259,0.52,0
Dr. Ravi Kumar,Orthopedics,17,05-07-2048,Metro Hospital,Kolkata,69,496,1.48,0
Dr. Rohit Verma,Dermatology,17,06-07-2048,Metro Hospital,New Delhi,48,368,1.56,0
Dr. Ravi Kumar,Pediatrics,14,07-07-2048,Metro Hospital,Mumbai,42,443,1.58,0
Dr. Anil Mehra,Pediatrics,17,08-07-2048,Metro Hospital,Chennai,43,182,1.34,1
Dr. Swati Desai,Cardiology,12,09-07-2048,Metro Hospital,Mumbai,71,272,1.55,1
Dr. Swati Desai,Dermatology,17,10-07-2048,City Hospital,New Delhi,94,394,1.46,0
Dr. Rohit Verma,Cardiology,13,11-07-2048,City Hospital,Chennai,70,230,0.67,0
Dr. Swati Desai,Cardiology,8,12-07-2048,City Hospital,Kolkata,36,77,1.85,1
Dr. Anil Mehra,Pediatrics,11,13-07-2048,Metro Hospital,Kolkata,26,242,1.43,1
Dr. Swati Desai,Dermatology,11,14-07-2048,Govt Health Center,Chennai,69,350,1.59,0
Dr. Rohit Verma,Orthopedics,15,15-07-2048,Govt Health Center,Mumbai,51,499,1.01,0
Dr. Anil Mehra,Pediatrics,9,16-07-2048,Metro Hospital,Mumbai,56,305,1.88,0
Dr. Ravi Kumar,Dermatology,8,17-07-2048,Govt Health Center,Chennai,96,482,1.25,0
Dr. Rohit Verma,Dermatology,14,18-07-2048,Metro Hospital,Kolkata,62,160,1.52,1
Dr. Ravi Kumar,Pediatrics,13,19-07-2048,Govt Health Center,Chennai,30,473,1.93,0
Dr. Anil Mehra,Pediatrics,12,20-07-2048,Metro Hospital,Mumbai,17,243,1.87,1
Dr. Rohit Verma,Cardiology,15,21-07-2048,Govt Health Center,New Delhi,82,173,1.47,1
Dr. Rohit Verma,Cardiology,9,22-07-2048,Govt Health Center,Kolkata,67,140,0.75,0
Dr. Anil Mehra,Cardiology,9,23-07-2048,City Hospital,Chennai,77,185,1.93,1
Dr. Swati Desai,Orthopedics,16,24-07-2048,Govt Health Center,New Delhi,72,332,1.98,0
Dr. Rohit Verma,Pediatrics,8,25-07-2048,Govt Health Center,Mumbai,68,278,0.66,0
Dr. Rohit Verma,Dermatology,13,26-07-2048,Metro Hospital,Kolkata,91,194,1.18,1
Dr. Ravi Kumar,Pediatrics,10,27-07-2048,Govt Health Center,Chennai,39,477,1.32,0
Dr. Swati Desai,Dermatology,12,28-07-2048,Govt Health Center,Mumbai,34,291,0.64,0
Dr. Ravi Kumar,Orthopedics,15,29-07-2048,Govt Health Center,Chennai,65,80,0.78,0
Dr. Ravi Kumar,Pediatrics,14,30-07-2048,Govt Health Center,Chennai,43,310,1.31,0
Dr. Swati Desai,Dermatology,11,31-07-2048,Govt Health Center,Kolkata,59,109,1.94,1
Dr. Swati Desai,Dermatology,15,01-08-2048,City Hospital,Mumbai,11,138,0.54,0
Dr. Anil Mehra,Cardiology,17,02-08-2048,Govt Health Center,Mumbai,86,452,1.87,0
Dr. Swati Desai,Orthopedics,9,03-08-2048,Metro Hospital,New Delhi,62,150,1.85,1
Dr. Rohit Verma,Pediatrics,14,04-08-2048,Metro Hospital,Mumbai,50,347,1.79,0
Dr. Swati Desai,Cardiology,12,05-08-2048,Govt Health Center,Mumbai,32,328,1.07,0
Dr. Anil Mehra,Orthopedics,13,06-08-2048,Govt Health Center,Kolkata,70,170,1.24,1
Dr. Anil Mehra,Cardiology,10,07-08-2048,Govt Health Center,New Delhi,96,292,1.11,1
Dr. Anil Mehra,Pediatrics,17,08-08-2048,City Hospital,Kolkata,40,414,1.92,0
Dr. Swati Desai,Dermatology,14,09-08-2048,Metro Hospital,Mumbai,75,126,1.28,1
Dr. Swati Desai,Pediatrics,14,10-08-2048,City Hospital,New Delhi,11,322,0.62,0
Dr. Ravi Kumar,Orthopedics,9,11-08-2048,City Hospital,Kolkata,78,419,0.91,0
Dr. Ravi Kumar,Pediatrics,8,12-08-2048,Govt Health Center,New Delhi,69,107,1.19,1
Dr. Rohit Verma,Orthopedics,17,13-08-2048,Govt Health Center,Mumbai,87,296,1.93,1
Dr. Ravi Kumar,Cardiology,9,14-08-2048,Metro Hospital,New Delhi,32,482,1.35,0
Dr. Rohit Verma,Orthopedics,15,15-08-2048,Govt Health Center,New Delhi,66,436,1.54,0
Dr. Anil Mehra,Dermatology,17,16-08-2048,Metro Hospital,New Delhi,44,145,0.63,0
Dr. Ravi Kumar,Dermatology,10,17-08-2048,City Hospital,Mumbai,10,94,1.82,1
Dr. Swati Desai,Dermatology,11,18-08-2048,Metro Hospital,Mumbai,57,340,1.31,0
Dr. Ravi Kumar,Cardiology,15,19-08-2048,Metro Hospital,New Delhi,58,307,1.88,0
Dr. Rohit Verma,Orthopedics,10,20-08-2048,Metro Hospital,Kolkata,49,352,1.17,0
Dr. Ravi Kumar,Cardiology,13,21-08-2048,City Hospital,Kolkata,71,308,1.52,0
Dr. Anil Mehra,Pediatrics,9,22-08-2048,City Hospital,Mumbai,24,295,1.21,1
Dr. Swati Desai,Pediatrics,10,23-08-2048,Govt Health Center,Chennai,39,289,0.71,0
Dr. Rohit Verma,Pediatrics,8,24-08-2048,Govt Health Center,Kolkata,30,462,0.91,0
Dr. Swati Desai,Pediatrics,16,25-08-2048,Metro Hospital,New Delhi,17,177,0.6,0
Dr. Swati Desai,Dermatology,11,26-08-2048,Metro Hospital,Chennai,16,251,1.16,1
Dr. Rohit Verma,Orthopedics,13,27-08-2048,City Hospital,Mumbai,43,325,1.47,0
Dr. Swati Desai,Dermatology,14,28-08-2048,City Hospital,Kolkata,73,467,0.87,0
Dr. Swati Desai,Orthopedics,9,29-08-2048,City Hospital,Chennai,51,256,1.24,1
Dr. Ravi Kumar,Orthopedics,15,30-08-2048,Metro Hospital,Mumbai,62,89,1.19,1
Dr. Swati Desai,Cardiology,16,31-08-2048,Metro Hospital,Mumbai,79,414,1.3,0
Dr. Swati Desai,Pediatrics,17,01-09-2048,City Hospital,New Delhi,19,370,0.78,0
Dr. Swati Desai,Orthopedics,9,02-09-2048,Metro Hospital,Kolkata,99,395,1.3,0
Dr. Swati Desai,Pediatrics,12,03-09-2048,City Hospital,Chennai,67,368,1.05,0
Dr. Rohit Verma,Pediatrics,9,04-09-2048,Govt Health Center,New Delhi,99,105,0.93,0
Dr. Anil Mehra,Pediatrics,12,05-09-2048,City Hospital,Kolkata,92,209,1.38,1
Dr. Ravi Kumar,Dermatology,14,06-09-2048,Metro Hospital,Chennai,13,371,0.72,0
Dr. Swati Desai,Pediatrics,13,07-09-2048,Metro Hospital,Mumbai,98,145,1.85,1
Dr. Swati Desai,Orthopedics,11,08-09-2048,Metro Hospital,Mumbai,17,474,1.9,0
Dr. Rohit Verma,Dermatology,9,09-09-2048,Metro Hospital,Kolkata,21,462,1.49,0
Dr. Anil Mehra,Pediatrics,14,10-09-2048,City Hospital,New Delhi,97,165,0.95,0
Dr. Swati Desai,Cardiology,17,11-09-2048,City Hospital,Chennai,97,261,1.44,1
Dr. Rohit Verma,Pediatrics,16,12-09-2048,Govt Health Center,Chennai,90,136,1.4,1
Dr. Ravi Kumar,Pediatrics,8,13-09-2048,City Hospital,Mumbai,34,356,1.09,0
Dr. Ravi Kumar,Dermatology,10,14-09-2048,Govt Health Center,Kolkata,36,317,0.93,0
Dr. Swati Desai,Orthopedics,14,15-09-2048,City Hospital,New Delhi,11,93,0.75,0
Dr. Swati Desai,Pediatrics,16,16-09-2048,City Hospital,Mumbai,82,443,0.83,0
Dr. Anil Mehra,Dermatology,12,17-09-2048,Metro Hospital,Mumbai,64,132,1.48,1
Dr. Anil Mehra,Dermatology,14,18-09-2048,Govt Health Center,New Delhi,67,260,1.83,1
Dr. Swati Desai,Orthopedics,17,19-09-2048,Metro Hospital,Chennai,42,395,1.08,0
Dr. Rohit Verma,Dermatology,14,20-09-2048,Metro Hospital,Chennai,92,58,0.68,0
Dr. Anil Mehra,Orthopedics,11,21-09-2048,City Hospital,Kolkata,58,462,0.52,0
Dr. Swati Desai,Cardiology,12,22-09-2048,City Hospital,Mumbai,14,206,1.11,1
Dr. Anil Mehra,Pediatrics,9,23-09-2048,Govt Health Center,Kolkata,56,397,0.85,0
Dr. Swati Desai,Dermatology,15,24-09-2048,Govt Health Center,Chennai,93,238,0.98,0
Dr. Ravi Kumar,Cardiology,8,25-09-2048,City Hospital,New Delhi,33,430,0.86,0
Dr. Swati Desai,Dermatology,9,26-09-2048,Govt Health Center,Chennai,53,369,1.5,0
Dr. Ravi Kumar,Dermatology,10,27-09-2048,City Hospital,Chennai,77,180,1.46,1
Dr. Anil Mehra,Cardiology,14,28-09-2048,City Hospital,Mumbai,23,264,1.87,1
Dr. Swati Desai,Dermatology,13,29-09-2048,City Hospital,Chennai,45,164,1.55,1
Dr. Anil Mehra,Dermatology,14,30-09-2048,Govt Health Center,Kolkata,60,172,0.75,0
Dr. Ravi Kumar,Cardiology,12,01-10-2048,Metro Hospital,New Delhi,15,437,1.63,0
Dr. Swati Desai,Dermatology,11,02-10-2048,Govt Health Center,Mumbai,26,488,0.77,0
Dr. Anil Mehra,Orthopedics,14,03-10-2048,Metro Hospital,New Delhi,91,447,1.34,0
Dr. Ravi Kumar,Dermatology,10,04-10-2048,Govt Health Center,Kolkata,81,407,0.62,0
Dr. Anil Mehra,Pediatrics,17,05-10-2048,Metro Hospital,Kolkata,60,382,0.57,0
Dr. Rohit Verma,Dermatology,14,06-10-2048,Metro Hospital,Chennai,61,461,1.2,0
Dr. Ravi Kumar,Pediatrics,9,07-10-2048,Govt Health Center,Kolkata,21,368,0.66,0
Dr. Ravi Kumar,Pediatrics,15,08-10-2048,Govt Health Center,Chennai,90,472,0.96,0
Dr. Ravi Kumar,Dermatology,13,09-10-2048,Metro Hospital,Mumbai,10,413,1.01,0
Dr. Swati Desai,Cardiology,10,10-10-2048,City Hospital,New Delhi,20,241,1.65,1
Dr. Swati Desai,Orthopedics,10,11-10-2048,Metro Hospital,Chennai,25,493,1,0
Dr. Swati Desai,Orthopedics,12,12-10-2048,Metro Hospital,Chennai,18,197,1.24,1
Dr. Rohit Verma,Dermatology,10,13-10-2048,City Hospital,Mumbai,17,77,1.66,1
Dr. Rohit Verma,Cardiology,13,14-10-2048,Metro Hospital,Kolkata,34,173,0.81,0
Dr. Ravi Kumar,Cardiology,9,15-10-2048,City Hospital,Chennai,83,447,1.71,0
Dr. Rohit Verma,Orthopedics,15,16-10-2048,City Hospital,Kolkata,49,126,1.75,1
Dr. Anil Mehra,Cardiology,16,17-10-2048,Govt Health Center,Chennai,76,124,1.98,1
Dr. Ravi Kumar,Dermatology,14,18-10-2048,Metro Hospital,Kolkata,32,407,1.17,0
Dr. Ravi Kumar,Dermatology,10,19-10-2048,Metro Hospital,Chennai,71,235,1.06,1
Dr. Anil Mehra,Cardiology,17,20-10-2048,City Hospital,New Delhi,32,88,1.55,1
Dr. Ravi Kumar,Dermatology,11,21-10-2048,Metro Hospital,New Delhi,53,283,0.59,0
Dr. Rohit Verma,Pediatrics,17,22-10-2048,City Hospital,New Delhi,65,297,0.56,0
Dr. Swati Desai,Orthopedics,9,23-10-2048,Metro Hospital,Chennai,77,491,1,0
Dr. Anil Mehra,Dermatology,16,24-10-2048,Metro Hospital,Kolkata,32,448,1.59,0
Dr. Rohit Verma,Cardiology,12,25-10-2048,City Hospital,Mumbai,18,378,0.67,0
Dr. Anil Mehra,Orthopedics,9,26-10-2048,City Hospital,Mumbai,13,180,1.45,1
Dr. Anil Mehra,Dermatology,17,27-10-2048,Metro Hospital,Mumbai,43,54,0.9,0
Dr. Ravi Kumar,Orthopedics,13,28-10-2048,Metro Hospital,New Delhi,91,397,1.48,0
Dr. Ravi Kumar,Cardiology,14,29-10-2048,City Hospital,New Delhi,43,475,1.19,0
Dr. Rohit Verma,Pediatrics,9,30-10-2048,Govt Health Center,New Delhi,51,448,0.67,0
Dr. Anil Mehra,Pediatrics,8,31-10-2048,Govt Health Center,Kolkata,12,308,0.87,0
Dr. Ravi Kumar,Dermatology,14,01-11-2048,Metro Hospital,New Delhi,92,294,0.83,0
Dr. Ravi Kumar,Pediatrics,8,02-11-2048,Metro Hospital,Kolkata,43,468,0.75,0
Dr. Anil Mehra,Dermatology,10,03-11-2048,Metro Hospital,Kolkata,99,440,1.2,0
Dr. Rohit Verma,Orthopedics,11,04-11-2048,City Hospital,Kolkata,52,399,1.93,0
Dr. Rohit Verma,Dermatology,9,05-11-2048,Metro Hospital,Chennai,76,457,1.49,0
Dr. Anil Mehra,Dermatology,14,06-11-2048,Metro Hospital,Mumbai,46,464,1.75,0
Dr. Rohit Verma,Dermatology,12,07-11-2048,Metro Hospital,Kolkata,21,127,1.97,1
Dr. Ravi Kumar,Pediatrics,8,08-11-2048,Govt Health Center,Mumbai,96,385,1.31,0
Dr. Anil Mehra,Dermatology,15,09-11-2048,Metro Hospital,Kolkata,90,164,0.86,0
Dr. Ravi Kumar,Cardiology,17,10-11-2048,Metro Hospital,Kolkata,25,53,1.89,1
Dr. Swati Desai,Dermatology,14,11-11-2048,City Hospital,New Delhi,71,180,1.55,1
Dr. Swati Desai,Orthopedics,11,12-11-2048,Govt Health Center,Mumbai,26,276,1.94,1
Dr. Rohit Verma,Cardiology,9,13-11-2048,City Hospital,Kolkata,24,177,1.48,1
Dr. Swati Desai,Orthopedics,14,14-11-2048,Metro Hospital,Mumbai,35,58,1.66,1
Dr. Ravi Kumar,Orthopedics,9,15-11-2048,Metro Hospital,New Delhi,54,373,1.84,0
Dr. Swati Desai,Orthopedics,13,16-11-2048,Metro Hospital,Kolkata,11,167,1.64,1
Dr. Ravi Kumar,Cardiology,8,17-11-2048,Metro Hospital,New Delhi,26,393,1.34,0
Dr. Rohit Verma,Cardiology,14,18-11-2048,Metro Hospital,Kolkata,74,237,1.21,1
Dr. Rohit Verma,Pediatrics,14,19-11-2048,City Hospital,New Delhi,39,188,1.74,1
Dr. Ravi Kumar,Cardiology,11,20-11-2048,Metro Hospital,New Delhi,77,469,1.66,0
Dr. Swati Desai,Dermatology,11,21-11-2048,Metro Hospital,Chennai,53,174,1.05,1
Dr. Rohit Verma,Orthopedics,17,22-11-2048,Govt Health Center,Kolkata,69,272,1.25,1
Dr. Anil Mehra,Pediatrics,12,23-11-2048,Govt Health Center,Kolkata,10,377,1.45,0
Dr. Rohit Verma,Cardiology,9,24-11-2048,Metro Hospital,Kolkata,28,435,0.54,0
Dr. Swati Desai,Orthopedics,16,25-11-2048,Metro Hospital,Mumbai,42,355,0.87,0
Dr. Anil Mehra,Cardiology,17,26-11-2048,Metro Hospital,Chennai,92,308,0.88,0
Dr. Swati Desai,Pediatrics,11,27-11-2048,Metro Hospital,Mumbai,45,116,1.82,1
Dr. Ravi Kumar,Cardiology,16,28-11-2048,Metro Hospital,Kolkata,86,134,1,0
Dr. Anil Mehra,Cardiology,10,29-11-2048,Metro Hospital,Chennai,87,420,1.32,0
Dr. Swati Desai,Orthopedics,16,30-11-2048,City Hospital,New Delhi,33,111,1.75,1
Dr. Anil Mehra,Dermatology,8,01-12-2048,City Hospital,Chennai,92,63,0.89,0
Dr. Swati Desai,Cardiology,14,02-12-2048,City Hospital,New Delhi,34,171,0.69,0
Dr. Anil Mehra,Pediatrics,11,03-12-2048,Govt Health Center,Kolkata,20,328,1.92,0
Dr. Swati Desai,Cardiology,14,04-12-2048,Metro Hospital,Kolkata,18,172,1.56,1
Dr. Ravi Kumar,Cardiology,17,05-12-2048,Govt Health Center,New Delhi,15,126,0.77,0
Dr. Anil Mehra,Dermatology,13,06-12-2048,Govt Health Center,Chennai,67,321,1.73,0
Dr. Anil Mehra,Orthopedics,11,07-12-2048,Govt Health Center,Mumbai,38,195,1.68,1
Dr. Anil Mehra,Pediatrics,11,08-12-2048,City Hospital,Chennai,82,318,1.76,0
Dr. Anil Mehra,Orthopedics,15,09-12-2048,Metro Hospital,New Delhi,96,430,0.91,0
Dr. Ravi Kumar,Orthopedics,14,10-12-2048,Metro Hospital,New Delhi,88,105,1.17,1
Dr. Anil Mehra,Orthopedics,11,11-12-2048,Govt Health Center,Mumbai,20,267,1.54,1
Dr. Rohit Verma,Cardiology,13,12-12-2048,City Hospital,Mumbai,32,222,1.09,1
Dr. Ravi Kumar,Dermatology,13,13-12-2048,Govt Health Center,Mumbai,35,89,0.6,0
Dr. Rohit Verma,Cardiology,8,14-12-2048,Govt Health Center,New Delhi,10,408,0.7,0
Dr. Anil Mehra,Pediatrics,9,15-12-2048,Metro Hospital,Kolkata,90,208,1.4,1
Dr. Swati Desai,Dermatology,11,16-12-2048,City Hospital,Chennai,56,409,1.06,0
Dr. Rohit Verma,Orthopedics,13,17-12-2048,Metro Hospital,Mumbai,50,81,0.51,0
Dr. Anil Mehra,Dermatology,13,18-12-2048,Govt Health Center,New Delhi,32,297,1.65,1
Dr. Rohit Verma,Pediatrics,8,19-12-2048,Metro Hospital,Chennai,14,178,1.13,1
Dr. Anil Mehra,Cardiology,15,20-12-2048,Govt Health Center,Mumbai,59,340,0.97,0
Dr. Anil Mehra,Cardiology,9,21-12-2048,City Hospital,Kolkata,18,85,1.57,1
Dr. Anil Mehra,Orthopedics,12,22-12-2048,Metro Hospital,Chennai,13,397,1.18,0
Dr. Swati Desai,Cardiology,11,23-12-2048,Metro Hospital,Chennai,80,115,1.54,1
Dr. Rohit Verma,Cardiology,12,24-12-2048,Metro Hospital,New Delhi,74,334,0.52,0
Dr. Ravi Kumar,Pediatrics,12,25-12-2048,Metro Hospital,New Delhi,89,476,0.51,0
Dr. Ravi Kumar,Dermatology,17,26-12-2048,Metro Hospital,New Delhi,66,206,1.34,1
Dr. Ravi Kumar,Cardiology,15,27-12-2048,City Hospital,Kolkata,34,92,1.97,1
Dr. Ravi Kumar,Pediatrics,17,28-12-2048,City Hospital,Chennai,67,324,0.91,0
Dr. Anil Mehra,Pediatrics,14,29-12-2048,Metro Hospital,Mumbai,15,170,1.52,1
Dr. Rohit Verma,Orthopedics,16,30-12-2048,Govt Health Center,Kolkata,23,241,0.76,0
Dr. Rohit Verma,Pediatrics,8,31-12-2048,Govt Health Center,Mumbai,72,403,0.97,0
Dr. Swati Desai,Orthopedics,13,01-01-2049,Metro Hospital,Mumbai,84,80,0.62,0
Dr. Rohit Verma,Cardiology,13,02-01-2049,Metro Hospital,New Delhi,74,406,1.82,0
Dr. Rohit Verma,Orthopedics,9,03-01-2049,City Hospital,Mumbai,61,68,0.97,0
Dr. Rohit Verma,Pediatrics,15,04-01-2049,City Hospital,Mumbai,74,334,0.85,0
Dr. Swati Desai,Dermatology,13,05-01-2049,Metro Hospital,Kolkata,17,122,1.6,1
Dr. Ravi Kumar,Dermatology,17,06-01-2049,Metro Hospital,New Delhi,17,440,0.8,0
Dr. Rohit Verma,Cardiology,16,07-01-2049,Govt Health Center,Mumbai,23,491,0.86,0
Dr. Swati Desai,Cardiology,17,08-01-2049,City Hospital,Mumbai,33,125,0.66,0
Dr. Swati Desai,Dermatology,12,09-01-2049,Metro Hospital,Mumbai,73,237,1.94,1
Dr. Anil Mehra,Orthopedics,14,10-01-2049,City Hospital,Chennai,34,228,0.87,0
Dr. Swati Desai,Cardiology,13,11-01-2049,Metro Hospital,Chennai,15,387,1.99,0
Dr. Ravi Kumar,Pediatrics,12,12-01-2049,Metro Hospital,New Delhi,10,355,0.76,0
Dr. Rohit Verma,Cardiology,13,13-01-2049,Metro Hospital,Kolkata,96,454,0.53,0
Dr. Swati Desai,Orthopedics,11,14-01-2049,Metro Hospital,New Delhi,42,186,1.84,1
Dr. Ravi Kumar,Cardiology,10,15-01-2049,Govt Health Center,Chennai,23,211,1.37,1
Dr. Swati Desai,Pediatrics,8,16-01-2049,Metro Hospital,New Delhi,72,339,1.03,0
Dr. Swati Desai,Pediatrics,8,17-01-2049,Govt Health Center,Kolkata,65,96,1.27,1
Dr. Swati Desai,Pediatrics,13,18-01-2049,Govt Health Center,New Delhi,71,73,0.89,0
Dr. Swati Desai,Orthopedics,16,19-01-2049,Metro Hospital,Mumbai,37,385,1.45,0
Dr. Swati Desai,Orthopedics,15,20-01-2049,City Hospital,Kolkata,38,333,1.42,0
Dr. Ravi Kumar,Pediatrics,9,21-01-2049,City Hospital,Kolkata,32,223,0.62,0
Dr. Rohit Verma,Pediatrics,16,22-01-2049,Metro Hospital,Kolkata,53,356,1.87,0
Dr. Rohit Verma,Orthopedics,15,23-01-2049,Metro Hospital,New Delhi,47,416,1.19,0
Dr. Rohit Verma,Orthopedics,16,24-01-2049,Metro Hospital,New Delhi,58,311,0.79,0
Dr. Rohit Verma,Orthopedics,11,25-01-2049,City Hospital,Mumbai,52,279,0.96,0
Dr. Ravi Kumar,Dermatology,16,26-01-2049,City Hospital,Kolkata,19,240,1.8,1
Dr. Anil Mehra,Orthopedics,9,27-01-2049,Metro Hospital,Mumbai,36,167,1.07,1
Dr. Anil Mehra,Pediatrics,8,28-01-2049,City Hospital,Kolkata,17,102,1.34,1
Dr. Ravi Kumar,Dermatology,16,29-01-2049,Govt Health Center,Chennai,77,241,1.92,1
Dr. Ravi Kumar,Orthopedics,17,30-01-2049,City Hospital,New Delhi,94,485,1.48,0
Dr. Swati Desai,Pediatrics,15,31-01-2049,City Hospital,Mumbai,94,109,1.51,1
Dr. Swati Desai,Cardiology,14,01-02-2049,Metro Hospital,New Delhi,39,474,0.87,0
Dr. Swati Desai,Dermatology,15,02-02-2049,Govt Health Center,New Delhi,22,60,1.5,1
Dr. Rohit Verma,Pediatrics,8,03-02-2049,Metro Hospital,Chennai,67,309,1.09,0
Dr. Swati Desai,Cardiology,16,04-02-2049,City Hospital,Chennai,12,319,1.87,0
Dr. Anil Mehra,Pediatrics,17,05-02-2049,Govt Health Center,Kolkata,93,190,0.69,0
Dr. Rohit Verma,Orthopedics,16,06-02-2049,Metro Hospital,Chennai,14,192,0.93,0
Dr. Swati Desai,Orthopedics,16,07-02-2049,City Hospital,Kolkata,31,162,0.6,0
Dr. Rohit Verma,Cardiology,13,08-02-2049,Govt Health Center,Chennai,67,313,1.07,0
Dr. Anil Mehra,Orthopedics,11,09-02-2049,Metro Hospital,Chennai,75,393,0.72,0
Dr. Swati Desai,Pediatrics,9,10-02-2049,Govt Health Center,Mumbai,98,60,1.77,1
Dr. Anil Mehra,Cardiology,11,11-02-2049,City Hospital,Chennai,49,417,1.89,0
Dr. Anil Mehra,Pediatrics,14,12-02-2049,Metro Hospital,Mumbai,97,148,1.5,1
Dr. Anil Mehra,Pediatrics,8,13-02-2049,City Hospital,Chennai,14,72,0.66,0
Dr. Swati Desai,Pediatrics,16,14-02-2049,Govt Health Center,Mumbai,25,288,1.01,1
Dr. Ravi Kumar,Orthopedics,10,15-02-2049,City Hospital,New Delhi,24,158,1.95,1
Dr. Swati Desai,Orthopedics,11,16-02-2049,Govt Health Center,Kolkata,86,312,0.7,0
Dr. Anil Mehra,Pediatrics,12,17-02-2049,Metro Hospital,Chennai,84,374,1.33,0
Dr. Swati Desai,Dermatology,10,18-02-2049,City Hospital,Mumbai,89,209,1.03,1
Dr. Anil Mehra,Pediatrics,11,19-02-2049,Metro Hospital,Chennai,27,269,2,1
Dr. Ravi Kumar,Pediatrics,12,20-02-2049,Metro Hospital,Mumbai,98,221,0.93,0
Dr. Rohit Verma,Cardiology,8,21-02-2049,Metro Hospital,Mumbai,56,436,0.57,0
Dr. Ravi Kumar,Pediatrics,16,22-02-2049,Metro Hospital,Chennai,13,143,1.55,1
Dr. Ravi Kumar,Orthopedics,17,23-02-2049,City Hospital,Kolkata,62,171,0.99,0
Dr. Rohit Verma,Cardiology,17,24-02-2049,City Hospital,Mumbai,67,349,1.49,0
Dr. Swati Desai,Dermatology,11,25-02-2049,Metro Hospital,New Delhi,94,246,0.66,0
Dr. Rohit Verma,Cardiology,16,26-02-2049,Metro Hospital,Chennai,84,100,1.28,1
Dr. Swati Desai,Dermatology,11,27-02-2049,Govt Health Center,New Delhi,67,366,1.06,0
Dr. Swati Desai,Cardiology,8,28-02-2049,Metro Hospital,Mumbai,68,356,1.31,0
Dr. Anil Mehra,Cardiology,12,01-03-2049,Govt Health Center,Mumbai,43,466,1.78,0
Dr. Anil Mehra,Dermatology,16,02-03-2049,Govt Health Center,Chennai,39,69,1.96,1
Dr. Rohit Verma,Orthopedics,10,03-03-2049,Metro Hospital,Kolkata,63,79,1.63,1
Dr. Ravi Kumar,Orthopedics,12,04-03-2049,City Hospital,New Delhi,77,426,1.65,0
Dr. Rohit Verma,Orthopedics,10,05-03-2049,Govt Health Center,Kolkata,87,349,1.29,0
Dr. Swati Desai,Cardiology,10,06-03-2049,City Hospital,New Delhi,84,135,0.65,0
Dr. Anil Mehra,Pediatrics,8,07-03-2049,Metro Hospital,Kolkata,77,279,1.5,1
Dr. Rohit Verma,Cardiology,9,08-03-2049,Metro Hospital,Chennai,35,206,0.72,0
Dr. Rohit Verma,Pediatrics,9,09-03-2049,Metro Hospital,New Delhi,12,454,0.87,0
Dr. Anil Mehra,Pediatrics,16,10-03-2049,Metro Hospital,Chennai,66,230,1.56,1
Dr. Anil Mehra,Orthopedics,14,11-03-2049,Govt Health Center,Kolkata,46,161,1.49,1
Dr. Anil Mehra,Pediatrics,15,12-03-2049,Govt Health Center,Kolkata,47,188,0.97,0
Dr. Swati Desai,Cardiology,9,13-03-2049,City Hospital,Kolkata,50,59,1.66,1
Dr. Anil Mehra,Cardiology,16,14-03-2049,City Hospital,Chennai,13,340,1.91,0
Dr. Ravi Kumar,Orthopedics,10,15-03-2049,Govt Health Center,Mumbai,35,459,1.32,0
Dr. Rohit Verma,Dermatology,17,16-03-2049,Metro Hospital,Mumbai,48,428,1.52,0
Dr. Anil Mehra,Cardiology,9,17-03-2049,City Hospital,New Delhi,51,419,0.91,0
Dr. Anil Mehra,Pediatrics,8,18-03-2049,Govt Health Center,Chennai,20,477,1.96,0
Dr. Swati Desai,Cardiology,16,19-03-2049,City Hospital,Chennai,20,287,0.91,0
Dr. Swati Desai,Cardiology,15,20-03-2049,Govt Health Center,Chennai,63,181,1.83,1
Dr. Rohit Verma,Cardiology,11,21-03-2049,Metro Hospital,Kolkata,47,379,1.89,0
Dr. Ravi Kumar,Dermatology,14,22-03-2049,Govt Health Center,Chennai,29,234,1.58,1
Dr. Rohit Verma,Pediatrics,10,23-03-2049,City Hospital,Mumbai,35,344,1.72,0
Dr. Anil Mehra,Orthopedics,10,24-03-2049,Govt Health Center,New Delhi,85,257,1.19,1
Dr. Ravi Kumar,Cardiology,11,25-03-2049,City Hospital,Mumbai,23,299,1.88,1
Dr. Ravi Kumar,Pediatrics,9,26-03-2049,City Hospital,Chennai,59,474,1.61,0
Dr. Ravi Kumar,Pediatrics,17,27-03-2049,City Hospital,New Delhi,34,399,0.99,0
Dr. Ravi Kumar,Orthopedics,11,28-03-2049,Metro Hospital,New Delhi,64,372,0.55,0
Dr. Rohit Verma,Cardiology,17,29-03-2049,Metro Hospital,Chennai,60,138,1.31,1
Dr. Swati Desai,Dermatology,10,30-03-2049,Govt Health Center,Chennai,99,407,1.76,0
Dr. Swati Desai,Pediatrics,15,31-03-2049,Govt Health Center,Mumbai,19,411,1.79,0
Dr. Anil Mehra,Orthopedics,9,01-04-2049,City Hospital,Mumbai,23,85,1.75,1
Dr. Swati Desai,Dermatology,16,02-04-2049,Metro Hospital,Kolkata,14,53,0.82,0
Dr. Swati Desai,Pediatrics,10,03-04-2049,Govt Health Center,Kolkata,66,283,1.14,1
Dr. Swati Desai,Cardiology,11,04-04-2049,Govt Health Center,Kolkata,31,379,1.42,0
Dr. Swati Desai,Pediatrics,17,05-04-2049,Metro Hospital,Chennai,84,318,1.5,0
Dr. Anil Mehra,Dermatology,17,06-04-2049,City Hospital,Chennai,38,119,1,0
Dr. Rohit Verma,Dermatology,10,07-04-2049,Govt Health Center,Kolkata,16,56,1.54,1
Dr. Ravi Kumar,Cardiology,10,08-04-2049,City Hospital,Kolkata,27,205,1.39,1
Dr. Swati Desai,Cardiology,15,09-04-2049,Metro Hospital,Mumbai,40,492,1.35,0
Dr. Rohit Verma,Orthopedics,15,10-04-2049,Metro Hospital,Kolkata,52,427,1.49,0
Dr. Swati Desai,Cardiology,13,11-04-2049,Govt Health Center,Kolkata,93,342,1.41,0
Dr. Swati Desai,Orthopedics,11,12-04-2049,Govt Health Center,New Delhi,44,448,0.75,0
Dr. Ravi Kumar,Dermatology,8,13-04-2049,Metro Hospital,Kolkata,80,335,1.81,0
Dr. Ravi Kumar,Dermatology,11,14-04-2049,City Hospital,New Delhi,13,409,0.86,0
Dr. Ravi Kumar,Pediatrics,15,15-04-2049,City Hospital,Kolkata,60,123,1.62,1
Dr. Swati Desai,Pediatrics,13,16-04-2049,Metro Hospital,New Delhi,39,61,0.76,0
Dr. Swati Desai,Orthopedics,9,17-04-2049,Govt Health Center,Kolkata,62,386,1.49,0
Dr. Swati Desai,Cardiology,10,18-04-2049,Metro Hospital,Mumbai,91,161,1.84,1
Dr. Ravi Kumar,Cardiology,14,19-04-2049,Govt Health Center,Chennai,83,79,0.51,0
Dr. Anil Mehra,Pediatrics,11,20-04-2049,City Hospital,New Delhi,23,434,1.97,0
Dr. Rohit Verma,Dermatology,11,21-04-2049,Govt Health Center,Chennai,45,85,0.54,0
Dr. Anil Mehra,Orthopedics,12,22-04-2049,City Hospital,Mumbai,96,428,0.52,0
Dr. Swati Desai,Dermatology,15,23-04-2049,Metro Hospital,Kolkata,21,393,1.79,0
Dr. Swati Desai,Dermatology,14,24-04-2049,Govt Health Center,Kolkata,85,279,1.56,1
Dr. Anil Mehra,Cardiology,16,25-04-2049,City Hospital,Mumbai,43,326,0.66,0
Dr. Swati Desai,Orthopedics,12,26-04-2049,Govt Health Center,Chennai,35,155,1.91,1
Dr. Rohit Verma,Dermatology,8,27-04-2049,City Hospital,Chennai,15,337,1.51,0
Dr. Swati Desai,Pediatrics,11,28-04-2049,City Hospital,Chennai,62,299,0.67,0
Dr. Rohit Verma,Pediatrics,13,29-04-2049,Metro Hospital,Chennai,24,112,1.79,1
Dr. Anil Mehra,Cardiology,13,30-04-2049,Metro Hospital,New Delhi,28,446,1.22,0
Dr. Anil Mehra,Pediatrics,16,01-05-2049,Govt Health Center,Chennai,56,470,0.92,0
Dr. Swati Desai,Pediatrics,17,02-05-2049,City Hospital,New Delhi,96,93,1.74,1
Dr. Rohit Verma,Dermatology,12,03-05-2049,Metro Hospital,Mumbai,86,198,1.61,1
Dr. Swati Desai,Pediatrics,12,04-05-2049,Govt Health Center,Kolkata,70,451,1.43,0
Dr. Ravi Kumar,Pediatrics,13,05-05-2049,Metro Hospital,New Delhi,99,95,1.85,1
Dr. Ravi Kumar,Dermatology,13,06-05-2049,Govt Health Center,Chennai,61,224,1.79,1
Dr. Ravi Kumar,Cardiology,10,07-05-2049,Metro Hospital,Kolkata,27,203,0.84,0
Dr. Ravi Kumar,Cardiology,13,08-05-2049,Metro Hospital,New Delhi,69,310,1.82,0
Dr. Swati Desai,Orthopedics,15,09-05-2049,City Hospital,Kolkata,56,182,1.06,1
Dr. Ravi Kumar,Pediatrics,13,10-05-2049,City Hospital,Mumbai,66,336,1.15,0
Dr. Rohit Verma,Dermatology,12,11-05-2049,Metro Hospital,Chennai,42,205,1.96,1
Dr. Anil Mehra,Orthopedics,10,12-05-2049,City Hospital,Mumbai,41,382,1.64,0
Dr. Anil Mehra,Cardiology,8,13-05-2049,Metro Hospital,Kolkata,13,290,0.98,0
Dr. Ravi Kumar,Cardiology,12,14-05-2049,Govt Health Center,Mumbai,50,380,1.47,0
Dr. Ravi Kumar,Dermatology,13,15-05-2049,Metro Hospital,Chennai,28,176,1.31,1
Dr. Ravi Kumar,Orthopedics,13,16-05-2049,Metro Hospital,New Delhi,16,242,0.67,0
Dr. Swati Desai,Orthopedics,13,17-05-2049,Govt Health Center,Mumbai,35,318,1.83,0
Dr. Anil Mehra,Dermatology,10,18-05-2049,Govt Health Center,Chennai,96,171,1.73,1
Dr. Ravi Kumar,Dermatology,11,19-05-2049,City Hospital,Kolkata,60,195,1.67,1
Dr. Rohit Verma,Orthopedics,10,20-05-2049,Govt Health Center,Mumbai,65,201,1.34,1
Dr. Ravi Kumar,Cardiology,9,21-05-2049,City Hospital,New Delhi,80,206,0.83,0
Dr. Anil Mehra,Pediatrics,15,22-05-2049,Metro Hospital,Mumbai,84,205,1.83,1
Dr. Ravi Kumar,Cardiology,14,23-05-2049,Govt Health Center,Kolkata,60,151,1.03,1
Dr. Anil Mehra,Dermatology,15,24-05-2049,Metro Hospital,Kolkata,17,478,0.53,0
Dr. Ravi Kumar,Orthopedics,13,25-05-2049,City Hospital,Kolkata,22,422,1.97,0
Dr. Rohit Verma,Orthopedics,14,26-05-2049,Govt Health Center,Mumbai,41,389,1.79,0
Dr. Ravi Kumar,Pediatrics,8,27-05-2049,City Hospital,Mumbai,43,301,1.43,0
Dr. Rohit Verma,Orthopedics,17,28-05-2049,City Hospital,Mumbai,27,316,0.52,0
Dr. Rohit Verma,Pediatrics,12,29-05-2049,Govt Health Center,New Delhi,88,356,0.84,0
Dr. Ravi Kumar,Cardiology,11,30-05-2049,Govt Health Center,Chennai,64,108,1.18,1
Dr. Rohit Verma,Cardiology,17,31-05-2049,City Hospital,Mumbai,52,389,1.44,0
Dr. Swati Desai,Orthopedics,10,01-06-2049,Govt Health Center,New Delhi,33,154,1.56,1
Dr. Ravi Kumar,Orthopedics,9,02-06-2049,City Hospital,Kolkata,30,318,1.68,0
Dr. Ravi Kumar,Dermatology,16,03-06-2049,Metro Hospital,Mumbai,27,96,1.33,1
Dr. Rohit Verma,Dermatology,15,04-06-2049,Metro Hospital,Mumbai,23,137,1.48,1
Dr. Rohit Verma,Orthopedics,17,05-06-2049,Govt Health Center,Mumbai,62,220,1.72,1
Dr. Ravi Kumar,Orthopedics,9,06-06-2049,Govt Health Center,New Delhi,28,201,1.58,1
Dr. Swati Desai,Cardiology,13,07-06-2049,Metro Hospital,Mumbai,86,225,1.93,1
Dr. Rohit Verma,Orthopedics,10,08-06-2049,City Hospital,Mumbai,66,368,1.81,0
Dr. Rohit Verma,Dermatology,10,09-06-2049,City Hospital,Chennai,73,194,0.75,0
Dr. Anil Mehra,Cardiology,12,10-06-2049,City Hospital,New Delhi,89,374,1.92,0
Dr. Swati Desai,Pediatrics,14,11-06-2049,Govt Health Center,Chennai,11,359,0.81,0
Dr. Swati Desai,Dermatology,14,12-06-2049,City Hospital,Chennai,66,271,1.99,1
Dr. Ravi Kumar,Dermatology,17,13-06-2049,Govt Health Center,Chennai,43,447,1.55,0
Dr. Swati Desai,Cardiology,8,14-06-2049,Govt Health Center,Chennai,58,64,1.44,1
Dr. Ravi Kumar,Pediatrics,14,15-06-2049,Govt Health Center,Kolkata,99,187,0.99,0
Dr. Anil Mehra,Dermatology,14,16-06-2049,Metro Hospital,Mumbai,63,299,0.7,0
Dr. Swati Desai,Orthopedics,13,17-06-2049,City Hospital,Chennai,31,199,0.69,0
Dr. Rohit Verma,Dermatology,13,18-06-2049,Govt Health Center,New Delhi,93,400,1.8,0
Dr. Anil Mehra,Cardiology,9,19-06-2049,City Hospital,Mumbai,91,318,1.15,0
Dr. Ravi Kumar,Cardiology,10,20-06-2049,Metro Hospital,Chennai,53,130,1.34,1
Dr. Anil Mehra,Cardiology,10,21-06-2049,City Hospital,Chennai,44,114,1.9,1
Dr. Ravi Kumar,Dermatology,10,22-06-2049,Metro Hospital,New Delhi,38,191,0.88,0
Dr. Anil Mehra,Pediatrics,9,23-06-2049,Govt Health Center,Kolkata,15,349,1.65,0
Dr. Ravi Kumar,Orthopedics,16,24-06-2049,Govt Health Center,New Delhi,46,472,1.21,0
Dr. Swati Desai,Cardiology,13,25-06-2049,Metro Hospital,Kolkata,98,468,0.82,0
Dr. Rohit Verma,Pediatrics,9,26-06-2049,Govt Health Center,Kolkata,94,296,1.78,1
Dr. Ravi Kumar,Orthopedics,10,27-06-2049,City Hospital,Kolkata,67,422,1.52,0
Dr. Anil Mehra,Cardiology,17,28-06-2049,City Hospital,Chennai,73,242,0.64,0
Dr. Ravi Kumar,Orthopedics,13,29-06-2049,Metro Hospital,Chennai,40,332,1.31,0
Dr. Ravi Kumar,Orthopedics,11,30-06-2049,City Hospital,Kolkata,59,303,1.78,0
Dr. Ravi Kumar,Pediatrics,14,01-07-2049,Govt Health Center,Kolkata,89,222,0.6,0
Dr. Anil Mehra,Orthopedics,13,02-07-2049,Govt Health Center,Chennai,69,362,1.12,0
Dr. Rohit Verma,Cardiology,13,03-07-2049,Govt Health Center,Kolkata,23,327,1.71,0
Dr. Swati Desai,Pediatrics,10,04-07-2049,City Hospital,Chennai,79,339,1.79,0
Dr. Rohit Verma,Dermatology,15,05-07-2049,Govt Health Center,Kolkata,20,442,1.66,0
Dr. Ravi Kumar,Dermatology,16,06-07-2049,City Hospital,Chennai,36,355,0.96,0
Dr. Anil Mehra,Pediatrics,13,07-07-2049,Metro Hospital,New Delhi,78,359,1.26,0
Dr. Rohit Verma,Dermatology,9,08-07-2049,Govt Health Center,Kolkata,88,235,1.61,1
Dr. Ravi Kumar,Orthopedics,8,09-07-2049,Metro Hospital,Kolkata,47,405,0.73,0
Dr. Swati Desai,Cardiology,10,10-07-2049,City Hospital,New Delhi,71,273,1.39,1
Dr. Swati Desai,Orthopedics,10,11-07-2049,City Hospital,Mumbai,62,111,1.58,1
Dr. Swati Desai,Pediatrics,15,12-07-2049,Metro Hospital,Kolkata,89,471,1.77,0
Dr. Ravi Kumar,Cardiology,12,13-07-2049,Govt Health Center,Mumbai,27,133,0.67,0
Dr. Anil Mehra,Pediatrics,8,14-07-2049,Govt Health Center,New Delhi,61,76,0.99,0
Dr. Rohit Verma,Pediatrics,11,15-07-2049,Govt Health Center,Kolkata,33,430,1.31,0
Dr. Swati Desai,Pediatrics,14,16-07-2049,Metro Hospital,Mumbai,16,369,1.55,0
Dr. Ravi Kumar,Orthopedics,12,17-07-2049,City Hospital,Kolkata,23,180,1.6,1
Dr. Ravi Kumar,Cardiology,17,18-07-2049,Metro Hospital,Kolkata,59,176,0.88,0
Dr. Rohit Verma,Cardiology,13,19-07-2049,City Hospital,Chennai,33,60,0.52,0
Dr. Swati Desai,Cardiology,17,20-07-2049,Govt Health Center,Mumbai,88,329,1.54,0
Dr. Ravi Kumar,Orthopedics,11,21-07-2049,Govt Health Center,Chennai,22,334,1.86,0
Dr. Rohit Verma,Dermatology,9,22-07-2049,City Hospital,Chennai,28,246,1.7,1
Dr. Anil Mehra,Orthopedics,16,23-07-2049,Govt Health Center,Mumbai,38,274,1.43,1
Dr. Anil Mehra,Orthopedics,9,24-07-2049,Metro Hospital,Mumbai,31,313,1.97,0
Dr. Anil Mehra,Pediatrics,9,25-07-2049,City Hospital,Chennai,11,324,1.15,0
Dr. Swati Desai,Cardiology,9,26-07-2049,Govt Health Center,Kolkata,86,117,1.29,1
Dr. Rohit Verma,Cardiology,8,27-07-2049,Govt Health Center,Kolkata,45,282,0.52,0
Dr. Rohit Verma,Dermatology,10,28-07-2049,Govt Health Center,New Delhi,47,148,1.92,1
Dr. Ravi Kumar,Dermatology,13,29-07-2049,Govt Health Center,Kolkata,27,271,1.38,1
Dr. Ravi Kumar,Pediatrics,14,30-07-2049,City Hospital,Mumbai,60,173,1.09,1
Dr. Ravi Kumar,Cardiology,8,31-07-2049,City Hospital,Mumbai,24,353,0.57,0
Dr. Rohit Verma,Dermatology,12,01-08-2049,Govt Health Center,New Delhi,61,473,1.04,0
Dr. Ravi Kumar,Dermatology,12,02-08-2049,Metro Hospital,Mumbai,26,151,0.51,0
Dr. Rohit Verma,Cardiology,8,03-08-2049,Metro Hospital,Chennai,86,449,0.99,0
Dr. Rohit Verma,Orthopedics,11,04-08-2049,Metro Hospital,New Delhi,31,369,1.93,0
Dr. Anil Mehra,Dermatology,17,05-08-2049,Metro Hospital,New Delhi,63,313,0.73,0
Dr. Ravi Kumar,Cardiology,8,06-08-2049,City Hospital,Kolkata,61,414,1.32,0
Dr. Anil Mehra,Dermatology,8,07-08-2049,City Hospital,Kolkata,94,438,0.78,0
Dr. Swati Desai,Pediatrics,14,08-08-2049,Metro Hospital,Chennai,99,279,1.68,1
Dr. Swati Desai,Dermatology,14,09-08-2049,City Hospital,Chennai,55,172,1.34,1
Dr. Swati Desai,Cardiology,10,10-08-2049,Metro Hospital,Kolkata,13,276,0.8,0
Dr. Rohit Verma,Dermatology,14,11-08-2049,Govt Health Center,Kolkata,16,277,1.8,1
Dr. Rohit Verma,Pediatrics,10,12-08-2049,Govt Health Center,Chennai,19,202,1.68,1
Dr. Rohit Verma,Pediatrics,9,13-08-2049,Metro Hospital,Kolkata,24,358,1.93,0
Dr. Ravi Kumar,Dermatology,17,14-08-2049,City Hospital,New Delhi,35,354,0.5,0
Dr. Anil Mehra,Dermatology,11,15-08-2049,Metro Hospital,Chennai,89,377,1.19,0
Dr. Rohit Verma,Pediatrics,17,16-08-2049,City Hospital,Kolkata,49,198,2,1
Dr. Anil Mehra,Pediatrics,10,17-08-2049,Govt Health Center,Mumbai,70,356,1.72,0
Dr. Anil Mehra,Orthopedics,14,18-08-2049,City Hospital,Mumbai,90,479,1.75,0
Dr. Anil Mehra,Orthopedics,8,19-08-2049,Metro Hospital,Chennai,25,58,1.43,1
Dr. Ravi Kumar,Pediatrics,13,20-08-2049,Govt Health Center,Mumbai,27,369,1.57,0
Dr. Ravi Kumar,Dermatology,9,21-08-2049,Govt Health Center,Mumbai,84,273,1.71,1
Dr. Swati Desai,Cardiology,15,22-08-2049,City Hospital,New Delhi,85,72,0.64,0
Dr. Swati Desai,Dermatology,12,23-08-2049,Govt Health Center,Chennai,11,493,1.54,0
Dr. Anil Mehra,Dermatology,10,24-08-2049,Govt Health Center,Mumbai,63,492,1.72,0
Dr. Swati Desai,Orthopedics,17,25-08-2049,City Hospital,Kolkata,27,441,0.56,0
Dr. Anil Mehra,Orthopedics,14,26-08-2049,Govt Health Center,Chennai,63,241,0.95,0
Dr. Ravi Kumar,Orthopedics,9,27-08-2049,Metro Hospital,Chennai,47,276,0.99,0
Dr. Ravi Kumar,Pediatrics,12,28-08-2049,City Hospital,Mumbai,82,103,1.78,1
Dr. Ravi Kumar,Pediatrics,15,29-08-2049,City Hospital,Mumbai,24,141,1.67,1
Dr. Rohit Verma,Dermatology,8,30-08-2049,City Hospital,New Delhi,73,64,1.48,1
Dr. Anil Mehra,Dermatology,8,31-08-2049,City Hospital,Kolkata,17,357,1.71,0
Dr. Ravi Kumar,Cardiology,10,01-09-2049,Metro Hospital,New Delhi,55,228,1.18,1
Dr. Anil Mehra,Dermatology,10,02-09-2049,City Hospital,New Delhi,48,53,1.81,1
Dr. Swati Desai,Dermatology,14,03-09-2049,Metro Hospital,Kolkata,61,467,0.85,0
Dr. Swati Desai,Orthopedics,13,04-09-2049,City Hospital,Mumbai,17,150,1.56,1
Dr. Ravi Kumar,Orthopedics,14,05-09-2049,City Hospital,New Delhi,59,457,0.86,0
Dr. Anil Mehra,Orthopedics,11,06-09-2049,Govt Health Center,Chennai,59,454,0.56,0
Dr. Ravi Kumar,Orthopedics,9,07-09-2049,Govt Health Center,New Delhi,92,179,0.93,0
Dr. Swati Desai,Orthopedics,9,08-09-2049,Metro Hospital,Kolkata,77,56,1.24,1
Dr. Ravi Kumar,Cardiology,17,09-09-2049,Govt Health Center,New Delhi,36,233,1.77,1
Dr. Anil Mehra,Cardiology,8,10-09-2049,City Hospital,New Delhi,86,380,1.26,0
Dr. Swati Desai,Cardiology,16,11-09-2049,Metro Hospital,Chennai,47,381,0.77,0
Dr. Rohit Verma,Orthopedics,14,12-09-2049,Govt Health Center,Kolkata,30,84,1.99,1
Dr. Swati Desai,Pediatrics,17,13-09-2049,City Hospital,Chennai,99,281,0.91,0
Dr. Rohit Verma,Orthopedics,10,14-09-2049,Govt Health Center,Mumbai,54,203,1.98,1
Dr. Ravi Kumar,Orthopedics,9,15-09-2049,Govt Health Center,Kolkata,67,451,1.9,0
Dr. Ravi Kumar,Cardiology,10,16-09-2049,Govt Health Center,New Delhi,32,113,1.31,1
Dr. Anil Mehra,Orthopedics,14,17-09-2049,Govt Health Center,Chennai,63,296,0.64,0
Dr. Rohit Verma,Cardiology,12,18-09-2049,City Hospital,Chennai,39,427,1.54,0
Dr. Ravi Kumar,Orthopedics,10,19-09-2049,Govt Health Center,Kolkata,25,105,1.77,1
Dr. Rohit Verma,Dermatology,16,20-09-2049,Metro Hospital,Chennai,61,278,1.17,1
Dr. Ravi Kumar,Pediatrics,9,21-09-2049,Metro Hospital,Kolkata,50,360,0.86,0
Dr. Swati Desai,Pediatrics,14,22-09-2049,Govt Health Center,Mumbai,80,445,1.7,0
Dr. Ravi Kumar,Cardiology,17,23-09-2049,Metro Hospital,Kolkata,90,302,1.32,0
Dr. Anil Mehra,Dermatology,13,24-09-2049,Govt Health Center,Kolkata,33,342,0.8,0
Dr. Swati Desai,Pediatrics,13,25-09-2049,City Hospital,Mumbai,29,101,1.92,1
Dr. Anil Mehra,Cardiology,14,26-09-2049,City Hospital,Mumbai,36,452,1.92,0
Dr. Swati Desai,Orthopedics,13,27-09-2049,Metro Hospital,New Delhi,11,64,1.05,1
Dr. Rohit Verma,Orthopedics,9,28-09-2049,Metro Hospital,Chennai,69,432,0.6,0
Dr. Anil Mehra,Dermatology,12,29-09-2049,Govt Health Center,Mumbai,60,391,1.45,0
Dr. Ravi Kumar,Pediatrics,10,30-09-2049,Govt Health Center,Mumbai,10,389,0.98,0
Dr. Rohit Verma,Orthopedics,16,01-10-2049,Govt Health Center,Chennai,15,412,0.6,0
Dr. Ravi Kumar,Cardiology,15,02-10-2049,City Hospital,Chennai,47,229,1.84,1
Dr. Swati Desai,Orthopedics,17,03-10-2049,Govt Health Center,New Delhi,63,126,2,1
Dr. Swati Desai,Orthopedics,9,04-10-2049,City Hospital,New Delhi,69,264,1.03,1
Dr. Ravi Kumar,Pediatrics,8,05-10-2049,Metro Hospital,Kolkata,36,272,1.62,1
Dr. Ravi Kumar,Pediatrics,11,06-10-2049,City Hospital,New Delhi,89,203,0.6,0
Dr. Rohit Verma,Cardiology,11,07-10-2049,Metro Hospital,Mumbai,71,94,1.05,1
Dr. Ravi Kumar,Dermatology,17,08-10-2049,City Hospital,Mumbai,72,401,0.66,0
Dr. Anil Mehra,Dermatology,9,09-10-2049,City Hospital,Chennai,44,70,0.58,0
Dr. Anil Mehra,Orthopedics,14,10-10-2049,Govt Health Center,New Delhi,67,130,1.38,1
Dr. Ravi Kumar,Cardiology,10,11-10-2049,Metro Hospital,Kolkata,70,102,1.7,1
Dr. Anil Mehra,Dermatology,14,12-10-2049,City Hospital,Kolkata,45,206,1.18,1
Dr. Ravi Kumar,Dermatology,14,13-10-2049,City Hospital,Kolkata,65,481,1.29,0
Dr. Rohit Verma,Orthopedics,8,14-10-2049,Metro Hospital,Kolkata,76,418,0.91,0
Dr. Anil Mehra,Cardiology,13,15-10-2049,City Hospital,Chennai,66,196,1.6,1
Dr. Anil Mehra,Dermatology,11,16-10-2049,Metro Hospital,New Delhi,50,231,1.04,1
Dr. Ravi Kumar,Pediatrics,15,17-10-2049,Metro Hospital,New Delhi,40,127,0.6,0
Dr. Anil Mehra,Pediatrics,15,18-10-2049,Metro Hospital,New Delhi,12,432,0.75,0
Dr. Swati Desai,Orthopedics,10,19-10-2049,City Hospital,New Delhi,47,168,0.69,0
Dr. Rohit Verma,Orthopedics,11,20-10-2049,City Hospital,Kolkata,62,408,1.15,0
Dr. Rohit Verma,Orthopedics,8,21-10-2049,Govt Health Center,Kolkata,61,392,0.6,0
Dr. Anil Mehra,Orthopedics,17,22-10-2049,Metro Hospital,Chennai,33,154,1.71,1
Dr. Anil Mehra,Dermatology,9,23-10-2049,City Hospital,Chennai,35,51,1.86,1
Dr. Swati Desai,Cardiology,14,24-10-2049,City Hospital,Kolkata,82,164,0.87,0
Dr. Swati Desai,Orthopedics,14,25-10-2049,Metro Hospital,Mumbai,46,81,1.23,1
Dr. Anil Mehra,Orthopedics,16,26-10-2049,Metro Hospital,New Delhi,57,407,1.28,0
Dr. Anil Mehra,Dermatology,17,27-10-2049,Metro Hospital,Chennai,76,111,1.98,1
Dr. Swati Desai,Orthopedics,16,28-10-2049,Govt Health Center,Kolkata,50,146,0.6,0
Dr. Ravi Kumar,Orthopedics,16,29-10-2049,Govt Health Center,New Delhi,58,427,1.5,0
Dr. Swati Desai,Cardiology,13,30-10-2049,Govt Health Center,New Delhi,37,184,1.02,1
Dr. Ravi Kumar,Pediatrics,15,31-10-2049,Metro Hospital,Kolkata,41,147,1.25,1
Dr. Rohit Verma,Orthopedics,16,01-11-2049,City Hospital,Mumbai,80,264,0.83,0
Dr. Rohit Verma,Dermatology,14,02-11-2049,Metro Hospital,Mumbai,80,133,0.74,0
Dr. Swati Desai,Cardiology,11,03-11-2049,City Hospital,Chennai,94,455,0.87,0
Dr. Ravi Kumar,Dermatology,11,04-11-2049,Govt Health Center,Kolkata,41,206,0.61,0
Dr. Swati Desai,Cardiology,13,05-11-2049,Govt Health Center,Chennai,47,156,0.92,0
Dr. Swati Desai,Cardiology,11,06-11-2049,Govt Health Center,Mumbai,29,406,1.54,0
Dr. Ravi Kumar,Orthopedics,14,07-11-2049,City Hospital,Chennai,17,180,1.48,1
Dr. Swati Desai,Orthopedics,15,08-11-2049,City Hospital,Chennai,77,71,1.33,1
Dr. Rohit Verma,Orthopedics,15,09-11-2049,Metro Hospital,Mumbai,35,133,0.5,0
Dr. Anil Mehra,Pediatrics,15,10-11-2049,Metro Hospital,New Delhi,88,138,0.69,0
Dr. Anil Mehra,Pediatrics,9,11-11-2049,Metro Hospital,New Delhi,79,275,1.76,1
Dr. Swati Desai,Dermatology,17,12-11-2049,Govt Health Center,Mumbai,57,155,0.91,0
Dr. Ravi Kumar,Orthopedics,9,13-11-2049,Metro Hospital,New Delhi,78,486,1.87,0
Dr. Ravi Kumar,Pediatrics,9,14-11-2049,Govt Health Center,Kolkata,55,398,1.81,0
Dr. Rohit Verma,Orthopedics,9,15-11-2049,City Hospital,New Delhi,67,490,0.73,0
Dr. Ravi Kumar,Pediatrics,11,16-11-2049,Govt Health Center,Mumbai,79,443,1.85,0
Dr. Ravi Kumar,Pediatrics,12,17-11-2049,Govt Health Center,Kolkata,76,408,1.44,0
Dr. Rohit Verma,Cardiology,11,18-11-2049,Govt Health Center,Chennai,38,150,1.45,1
Dr. Swati Desai,Orthopedics,12,19-11-2049,City Hospital,Mumbai,92,345,1.78,0
Dr. Anil Mehra,Orthopedics,11,20-11-2049,City Hospital,Mumbai,19,419,1.11,0
Dr. Rohit Verma,Pediatrics,14,21-11-2049,Metro Hospital,New Delhi,80,197,1.6,1
Dr. Swati Desai,Orthopedics,17,22-11-2049,Metro Hospital,Kolkata,74,430,1.5,0
Dr. Rohit Verma,Pediatrics,8,23-11-2049,Metro Hospital,Mumbai,74,279,1.66,1
Dr. Swati Desai,Orthopedics,8,24-11-2049,City Hospital,Kolkata,26,136,1.49,1
Dr. Rohit Verma,Cardiology,9,25-11-2049,City Hospital,Kolkata,31,60,0.62,0
Dr. Swati Desai,Orthopedics,8,26-11-2049,City Hospital,New Delhi,23,185,0.94,0
Dr. Rohit Verma,Cardiology,17,27-11-2049,City Hospital,Mumbai,15,142,1.91,1
Dr. Swati Desai,Dermatology,17,28-11-2049,City Hospital,Kolkata,39,341,0.84,0
Dr. Rohit Verma,Orthopedics,10,29-11-2049,Govt Health Center,Kolkata,56,202,1.21,1
Dr. Anil Mehra,Orthopedics,13,30-11-2049,Metro Hospital,Chennai,29,472,1.04,0
Dr. Anil Mehra,Orthopedics,17,01-12-2049,Govt Health Center,New Delhi,25,403,0.63,0
Dr. Ravi Kumar,Cardiology,13,02-12-2049,Metro Hospital,Mumbai,77,416,0.77,0
Dr. Swati Desai,Orthopedics,8,03-12-2049,Govt Health Center,Kolkata,43,145,0.93,0
Dr. Rohit Verma,Orthopedics,13,04-12-2049,City Hospital,New Delhi,10,111,1.19,1
Dr. Swati Desai,Pediatrics,12,05-12-2049,Metro Hospital,Mumbai,86,410,1.81,0
Dr. Anil Mehra,Dermatology,14,06-12-2049,Govt Health Center,Kolkata,57,454,1.27,0
Dr. Swati Desai,Cardiology,13,07-12-2049,Metro Hospital,Mumbai,17,452,1.48,0
Dr. Rohit Verma,Pediatrics,14,08-12-2049,City Hospital,Mumbai,31,458,1.14,0
Dr. Swati Desai,Cardiology,9,09-12-2049,City Hospital,New Delhi,77,136,1.81,1
Dr. Rohit Verma,Pediatrics,8,10-12-2049,Metro Hospital,New Delhi,43,260,1.49,1
Dr. Anil Mehra,Dermatology,14,11-12-2049,Metro Hospital,Chennai,69,438,0.64,0
Dr. Anil Mehra,Pediatrics,16,12-12-2049,City Hospital,Chennai,54,432,1.22,0
Dr. Anil Mehra,Cardiology,9,13-12-2049,City Hospital,Chennai,46,132,1.74,1
Dr. Ravi Kumar,Orthopedics,14,14-12-2049,City Hospital,Kolkata,32,276,1.6,1
Dr. Anil Mehra,Orthopedics,10,15-12-2049,Govt Health Center,Chennai,93,61,1.86,1
Dr. Swati Desai,Dermatology,13,16-12-2049,Metro Hospital,Mumbai,33,408,0.84,0
Dr. Ravi Kumar,Cardiology,10,17-12-2049,City Hospital,New Delhi,22,202,1.97,1
Dr. Anil Mehra,Cardiology,17,18-12-2049,Metro Hospital,Mumbai,78,54,0.93,0
Dr. Swati Desai,Cardiology,12,19-12-2049,Govt Health Center,New Delhi,89,125,0.58,0
Dr. Swati Desai,Dermatology,9,20-12-2049,Govt Health Center,New Delhi,69,460,1.24,0
Dr. Swati Desai,Orthopedics,15,21-12-2049,City Hospital,Mumbai,47,53,0.67,0
Dr. Rohit Verma,Pediatrics,15,22-12-2049,Metro Hospital,Mumbai,57,421,1.52,0
Dr. Ravi Kumar,Dermatology,14,23-12-2049,Govt Health Center,Kolkata,35,132,1.85,1
Dr. Swati Desai,Pediatrics,13,24-12-2049,Metro Hospital,New Delhi,95,478,1.88,0
Dr. Rohit Verma,Orthopedics,8,25-12-2049,Metro Hospital,Chennai,97,480,1.41,0
Dr. Anil Mehra,Dermatology,15,26-12-2049,City Hospital,Kolkata,86,411,1.3,0
Dr. Swati Desai,Orthopedics,8,27-12-2049,Govt Health Center,Chennai,94,461,1.99,0
Dr. Rohit Verma,Pediatrics,15,28-12-2049,Govt Health Center,Kolkata,10,84,1.37,1
Dr. Swati Desai,Cardiology,9,29-12-2049,Govt Health Center,New Delhi,13,291,1.89,1
Dr. Ravi Kumar,Cardiology,15,30-12-2049,Metro Hospital,Mumbai,76,193,1.87,1
Dr. Ravi Kumar,Pediatrics,17,31-12-2049,Govt Health Center,Mumbai,96,445,0.93,0
Dr. Anil Mehra,Cardiology,11,01-01-2050,Govt Health Center,New Delhi,89,129,0.52,0
Dr. Swati Desai,Pediatrics,14,02-01-2050,Metro Hospital,Mumbai,22,124,1.16,1
Dr. Rohit Verma,Dermatology,12,03-01-2050,Govt Health Center,New Delhi,48,348,1.79,0
Dr. Anil Mehra,Dermatology,15,04-01-2050,Govt Health Center,New Delhi,40,333,1.75,0
Dr. Swati Desai,Dermatology,13,05-01-2050,Metro Hospital,New Delhi,33,264,1.41,1
Dr. Anil Mehra,Cardiology,12,06-01-2050,Govt Health Center,Kolkata,88,295,0.73,0
Dr. Rohit Verma,Orthopedics,8,07-01-2050,City Hospital,Mumbai,14,287,0.66,0
Dr. Anil Mehra,Cardiology,10,08-01-2050,Metro Hospital,Kolkata,58,386,1.93,0
Dr. Anil Mehra,Cardiology,17,09-01-2050,Govt Health Center,Chennai,95,68,1.13,1
Dr. Anil Mehra,Orthopedics,16,10-01-2050,City Hospital,New Delhi,95,123,1.47,1
Dr. Swati Desai,Orthopedics,16,11-01-2050,Metro Hospital,Mumbai,20,428,1.86,0
Dr. Rohit Verma,Orthopedics,12,12-01-2050,Govt Health Center,Chennai,33,104,1.8,1
Dr. Ravi Kumar,Orthopedics,10,13-01-2050,Metro Hospital,New Delhi,54,132,1.35,1
Dr. Swati Desai,Cardiology,13,14-01-2050,City Hospital,Chennai,83,213,1.23,1
Dr. Ravi Kumar,Pediatrics,12,15-01-2050,Metro Hospital,Kolkata,43,367,1.6,0
Dr. Ravi Kumar,Dermatology,8,16-01-2050,Govt Health Center,Kolkata,20,412,1.02,0
Dr. Swati Desai,Pediatrics,9,17-01-2050,City Hospital,Mumbai,66,216,1.44,1
Dr. Swati Desai,Cardiology,12,18-01-2050,Metro Hospital,Chennai,38,165,0.53,0
Dr. Rohit Verma,Orthopedics,16,19-01-2050,Govt Health Center,Chennai,31,346,1.74,0
Dr. Rohit Verma,Dermatology,11,20-01-2050,Govt Health Center,Kolkata,42,237,2,1
Dr. Anil Mehra,Dermatology,16,21-01-2050,City Hospital,Kolkata,81,304,1.93,0
Dr. Ravi Kumar,Pediatrics,10,22-01-2050,City Hospital,Mumbai,58,391,1.04,0
Dr. Rohit Verma,Cardiology,8,23-01-2050,Metro Hospital,New Delhi,32,371,1.3,0
Dr. Anil Mehra,Cardiology,13,24-01-2050,Govt Health Center,Mumbai,78,492,0.85,0
Dr. Rohit Verma,Cardiology,17,25-01-2050,City Hospital,Kolkata,38,402,0.95,0
Dr. Swati Desai,Dermatology,14,26-01-2050,Govt Health Center,Mumbai,15,473,1.19,0
Dr. Rohit Verma,Pediatrics,11,27-01-2050,Metro Hospital,New Delhi,61,68,1.62,1
Dr. Ravi Kumar,Dermatology,17,28-01-2050,City Hospital,Kolkata,98,360,0.53,0
Dr. Rohit Verma,Dermatology,12,29-01-2050,Metro Hospital,New Delhi,98,417,1.09,0
Dr. Ravi Kumar,Orthopedics,11,30-01-2050,Metro Hospital,Mumbai,23,351,1.33,0
Dr. Swati Desai,Pediatrics,10,31-01-2050,City Hospital,New Delhi,26,53,0.82,0
Dr. Ravi Kumar,Orthopedics,8,01-02-2050,Metro Hospital,Kolkata,89,239,0.62,0
Dr. Rohit Verma,Cardiology,13,02-02-2050,Govt Health Center,Kolkata,37,330,1.31,0
Dr. Anil Mehra,Dermatology,17,03-02-2050,City Hospital,New Delhi,18,112,1.46,1
Dr. Swati Desai,Pediatrics,12,04-02-2050,Govt Health Center,Mumbai,75,416,1.46,0
Dr. Rohit Verma,Cardiology,8,05-02-2050,Metro Hospital,Mumbai,13,318,1.03,0
Dr. Swati Desai,Pediatrics,12,06-02-2050,City Hospital,Mumbai,29,303,0.86,0
Dr. Swati Desai,Dermatology,13,07-02-2050,Govt Health Center,Mumbai,50,164,0.83,0
Dr. Rohit Verma,Pediatrics,17,08-02-2050,Govt Health Center,Chennai,45,391,0.56,0
Dr. Rohit Verma,Cardiology,12,09-02-2050,Govt Health Center,Chennai,15,309,0.78,0
Dr. Anil Mehra,Orthopedics,8,10-02-2050,Govt Health Center,New Delhi,74,51,1.73,1
Dr. Swati Desai,Dermatology,12,11-02-2050,Govt Health Center,Chennai,59,116,0.5,0
Dr. Swati Desai,Orthopedics,17,12-02-2050,Metro Hospital,Chennai,73,415,0.57,0
Dr. Rohit Verma,Dermatology,8,13-02-2050,Metro Hospital,Chennai,12,335,0.69,0
Dr. Ravi Kumar,Cardiology,10,14-02-2050,Metro Hospital,New Delhi,46,181,1.13,1
Dr. Rohit Verma,Dermatology,9,15-02-2050,Metro Hospital,Chennai,12,97,1,0
Dr. Swati Desai,Orthopedics,8,16-02-2050,Metro Hospital,Mumbai,42,92,0.77,0
Dr. Rohit Verma,Dermatology,11,17-02-2050,Metro Hospital,Mumbai,68,142,0.67,0
Dr. Anil Mehra,Cardiology,9,18-02-2050,Metro Hospital,New Delhi,24,478,1.91,0
Dr. Ravi Kumar,Dermatology,12,19-02-2050,Govt Health Center,New Delhi,65,190,1.87,1
Dr. Rohit Verma,Orthopedics,17,20-02-2050,Metro Hospital,New Delhi,70,96,1.66,1
Dr. Anil Mehra,Cardiology,8,21-02-2050,Govt Health Center,Kolkata,77,280,0.88,0
Dr. Swati Desai,Orthopedics,17,22-02-2050,City Hospital,Chennai,88,273,0.99,0
Dr. Rohit Verma,Dermatology,8,23-02-2050,Metro Hospital,New Delhi,80,333,1.5,0
Dr. Swati Desai,Pediatrics,17,24-02-2050,Govt Health Center,New Delhi,77,86,0.94,0
Dr. Anil Mehra,Orthopedics,11,25-02-2050,City Hospital,New Delhi,71,77,1.3,1
Dr. Swati Desai,Dermatology,14,26-02-2050,City Hospital,Mumbai,76,460,1.48,0
Dr. Anil Mehra,Pediatrics,9,27-02-2050,Govt Health Center,New Delhi,32,207,1.28,1
Dr. Anil Mehra,Pediatrics,9,28-02-2050,Govt Health Center,Mumbai,23,439,1.12,0
Dr. Anil Mehra,Cardiology,8,01-03-2050,Govt Health Center,Mumbai,15,271,1.02,1
Dr. Rohit Verma,Pediatrics,12,02-03-2050,Metro Hospital,Kolkata,42,425,1.67,0
Dr. Swati Desai,Orthopedics,13,03-03-2050,City Hospital,New Delhi,18,58,1.61,1
Dr. Swati Desai,Orthopedics,13,04-03-2050,Metro Hospital,Kolkata,21,439,1.54,0
Dr. Ravi Kumar,Pediatrics,9,05-03-2050,Metro Hospital,New Delhi,60,462,1.06,0
Dr. Ravi Kumar,Dermatology,14,06-03-2050,Metro Hospital,Chennai,12,119,1.66,1
Dr. Ravi Kumar,Orthopedics,13,07-03-2050,City Hospital,New Delhi,65,391,1.94,0
Dr. Ravi Kumar,Orthopedics,15,08-03-2050,City Hospital,New Delhi,55,115,1.53,1
Dr. Swati Desai,Cardiology,13,09-03-2050,City Hospital,New Delhi,45,144,1.11,1
Dr. Anil Mehra,Dermatology,16,10-03-2050,Govt Health Center,New Delhi,22,230,1.69,1
Dr. Anil Mehra,Pediatrics,17,11-03-2050,Metro Hospital,New Delhi,22,119,1.41,1
Dr. Rohit Verma,Dermatology,9,12-03-2050,Govt Health Center,New Delhi,67,283,1.82,1
Dr. Anil Mehra,Cardiology,14,13-03-2050,Govt Health Center,Kolkata,94,310,1.57,0
Dr. Swati Desai,Cardiology,12,14-03-2050,Metro Hospital,Chennai,43,69,1.65,1
Dr. Swati Desai,Dermatology,8,15-03-2050,City Hospital,Kolkata,52,445,1.5,0
Dr. Swati Desai,Cardiology,10,16-03-2050,Metro Hospital,Chennai,37,407,0.64,0
Dr. Rohit Verma,Cardiology,11,17-03-2050,Govt Health Center,Kolkata,65,407,1.23,0
Dr. Ravi Kumar,Cardiology,9,18-03-2050,City Hospital,Kolkata,56,441,0.58,0
Dr. Anil Mehra,Dermatology,14,19-03-2050,City Hospital,New Delhi,44,425,1.17,0
Dr. Swati Desai,Cardiology,8,20-03-2050,Govt Health Center,Kolkata,87,235,1.57,1
Dr. Swati Desai,Pediatrics,10,21-03-2050,City Hospital,Chennai,91,354,1.13,0
Dr. Ravi Kumar,Pediatrics,16,22-03-2050,City Hospital,Mumbai,28,113,0.5,0
Dr. Swati Desai,Orthopedics,9,23-03-2050,Metro Hospital,Chennai,92,227,1.05,1
Dr. Anil Mehra,Pediatrics,12,24-03-2050,Metro Hospital,Kolkata,60,284,0.6,0
Dr. Rohit Verma,Orthopedics,11,25-03-2050,Govt Health Center,Mumbai,29,402,1.67,0
Dr. Swati Desai,Dermatology,10,26-03-2050,Govt Health Center,New Delhi,38,299,1.68,1
Dr. Anil Mehra,Cardiology,12,27-03-2050,Govt Health Center,Mumbai,81,344,1.71,0
Dr. Swati Desai,Pediatrics,13,28-03-2050,City Hospital,New Delhi,98,89,0.55,0
Dr. Ravi Kumar,Orthopedics,8,29-03-2050,Govt Health Center,Chennai,90,336,0.55,0
Dr. Swati Desai,Dermatology,9,30-03-2050,Metro Hospital,Mumbai,74,308,1.86,0
Dr. Swati Desai,Orthopedics,8,31-03-2050,City Hospital,Mumbai,47,289,0.69,0
Dr. Rohit Verma,Cardiology,10,01-04-2050,Govt Health Center,Mumbai,58,121,1.51,1
Dr. Ravi Kumar,Pediatrics,15,02-04-2050,City Hospital,New Delhi,37,79,1.69,1
Dr. Ravi Kumar,Dermatology,15,03-04-2050,City Hospital,New Delhi,42,400,1.17,0
Dr. Rohit Verma,Orthopedics,11,04-04-2050,City Hospital,Chennai,22,78,1.32,1
Dr. Swati Desai,Dermatology,13,05-04-2050,Govt Health Center,Chennai,97,361,0.84,0
Dr. Anil Mehra,Orthopedics,16,06-04-2050,City Hospital,Kolkata,53,499,1.89,0
Dr. Ravi Kumar,Orthopedics,14,07-04-2050,City Hospital,New Delhi,95,136,0.95,0
Dr. Ravi Kumar,Cardiology,9,08-04-2050,City Hospital,Chennai,61,157,0.83,0
Dr. Swati Desai,Cardiology,9,09-04-2050,Metro Hospital,Mumbai,86,368,1.29,0
Dr. Swati Desai,Orthopedics,10,10-04-2050,Govt Health Center,Mumbai,85,79,0.79,0
Dr. Ravi Kumar,Pediatrics,15,11-04-2050,Metro Hospital,Mumbai,50,358,1.53,0
Dr. Swati Desai,Dermatology,17,12-04-2050,City Hospital,Chennai,58,95,1.27,1
Dr. Anil Mehra,Dermatology,16,13-04-2050,City Hospital,Mumbai,16,408,0.72,0
Dr. Ravi Kumar,Cardiology,10,14-04-2050,Metro Hospital,Mumbai,45,186,0.6,0
Dr. Anil Mehra,Pediatrics,16,15-04-2050,City Hospital,New Delhi,35,312,0.71,0
Dr. Anil Mehra,Orthopedics,17,16-04-2050,Metro Hospital,New Delhi,36,112,0.7,0
Dr. Swati Desai,Cardiology,15,17-04-2050,City Hospital,Chennai,33,480,0.97,0
Dr. Anil Mehra,Orthopedics,12,18-04-2050,City Hospital,New Delhi,80,93,1.75,1
Dr. Swati Desai,Orthopedics,17,19-04-2050,City Hospital,Kolkata,90,300,0.59,0
Dr. Rohit Verma,Cardiology,10,20-04-2050,City Hospital,Chennai,42,482,0.69,0
Dr. Swati Desai,Pediatrics,14,21-04-2050,Govt Health Center,Kolkata,27,384,0.95,0
Dr. Anil Mehra,Dermatology,16,22-04-2050,Govt Health Center,Kolkata,14,256,1.33,1
Dr. Rohit Verma,Cardiology,13,23-04-2050,Govt Health Center,Chennai,10,495,1.64,0
Dr. Swati Desai,Pediatrics,10,24-04-2050,Metro Hospital,New Delhi,80,108,1.88,1
Dr. Anil Mehra,Orthopedics,12,25-04-2050,Metro Hospital,New Delhi,12,255,1.12,1
Dr. Ravi Kumar,Cardiology,14,26-04-2050,Metro Hospital,Chennai,45,380,0.66,0
Dr. Ravi Kumar,Dermatology,15,27-04-2050,Metro Hospital,Kolkata,44,133,0.82,0
Dr. Swati Desai,Dermatology,11,28-04-2050,Govt Health Center,Chennai,60,62,0.93,0
Dr. Swati Desai,Orthopedics,9,29-04-2050,Metro Hospital,Chennai,21,286,1.68,1
Dr. Ravi Kumar,Cardiology,17,30-04-2050,Metro Hospital,Mumbai,24,207,1.53,1
Dr. Anil Mehra,Dermatology,9,01-05-2050,Metro Hospital,Mumbai,13,153,0.81,0
Dr. Anil Mehra,Cardiology,10,02-05-2050,City Hospital,Kolkata,65,408,1.76,0
Dr. Anil Mehra,Dermatology,15,03-05-2050,Metro Hospital,New Delhi,25,389,1.79,0
Dr. Swati Desai,Orthopedics,8,04-05-2050,City Hospital,Mumbai,15,414,1.82,0
Dr. Rohit Verma,Orthopedics,14,05-05-2050,Metro Hospital,Mumbai,72,92,0.91,0
Dr. Rohit Verma,Cardiology,13,06-05-2050,Metro Hospital,Kolkata,32,228,0.7,0
Dr. Rohit Verma,Pediatrics,9,07-05-2050,City Hospital,Chennai,86,407,0.66,0
Dr. Rohit Verma,Pediatrics,16,08-05-2050,Metro Hospital,Mumbai,53,313,1.1,0
Dr. Rohit Verma,Orthopedics,12,09-05-2050,City Hospital,New Delhi,10,292,1.14,1
Dr. Swati Desai,Dermatology,9,10-05-2050,Metro Hospital,Kolkata,66,86,1.8,1
Dr. Swati Desai,Pediatrics,10,11-05-2050,Metro Hospital,Mumbai,85,411,0.9,0
Dr. Rohit Verma,Orthopedics,14,12-05-2050,City Hospital,Kolkata,36,402,1.44,0
Dr. Swati Desai,Dermatology,14,13-05-2050,Govt Health Center,Mumbai,34,395,1.68,0
Dr. Swati Desai,Dermatology,17,14-05-2050,City Hospital,Mumbai,95,413,0.9,0
Dr. Rohit Verma,Pediatrics,8,15-05-2050,Govt Health Center,Kolkata,71,299,0.9,0
Dr. Anil Mehra,Orthopedics,17,16-05-2050,City Hospital,New Delhi,27,169,1.5,1
Dr. Swati Desai,Dermatology,11,17-05-2050,Govt Health Center,New Delhi,89,241,1.59,1
Dr. Anil Mehra,Dermatology,13,18-05-2050,Metro Hospital,Chennai,39,344,1.94,0
Dr. Swati Desai,Cardiology,15,19-05-2050,Govt Health Center,Mumbai,39,441,1.77,0
Dr. Swati Desai,Cardiology,10,20-05-2050,Metro Hospital,Chennai,93,111,1.73,1
Dr. Rohit Verma,Pediatrics,10,21-05-2050,City Hospital,Kolkata,56,259,1.54,1
Dr. Swati Desai,Cardiology,15,22-05-2050,Govt Health Center,Chennai,31,344,0.68,0
Dr. Ravi Kumar,Orthopedics,15,23-05-2050,Metro Hospital,Kolkata,51,447,1.71,0
Dr. Ravi Kumar,Pediatrics,15,24-05-2050,City Hospital,New Delhi,43,101,1.9,1
Dr. Rohit Verma,Pediatrics,8,25-05-2050,Govt Health Center,Kolkata,72,259,1.09,1
Dr. Anil Mehra,Cardiology,15,26-05-2050,Metro Hospital,Kolkata,13,362,0.97,0
Dr. Anil Mehra,Dermatology,15,27-05-2050,Govt Health Center,Chennai,40,454,1.28,0
Dr. Anil Mehra,Orthopedics,9,28-05-2050,Govt Health Center,Mumbai,60,328,1.93,0
Dr. Ravi Kumar,Orthopedics,16,29-05-2050,Metro Hospital,Chennai,59,437,0.58,0
Dr. Anil Mehra,Orthopedics,14,30-05-2050,Metro Hospital,New Delhi,23,251,1.56,1
Dr. Anil Mehra,Pediatrics,15,31-05-2050,City Hospital,New Delhi,17,476,1.72,0
Dr. Rohit Verma,Orthopedics,9,01-06-2050,Metro Hospital,New Delhi,78,188,1.68,1
Dr. Anil Mehra,Dermatology,11,02-06-2050,Metro Hospital,Mumbai,17,389,1.35,0
Dr. Ravi Kumar,Dermatology,14,03-06-2050,Govt Health Center,Chennai,20,68,1.88,1
Dr. Ravi Kumar,Cardiology,13,04-06-2050,Metro Hospital,Kolkata,38,370,0.7,0
Dr. Ravi Kumar,Orthopedics,14,05-06-2050,Govt Health Center,Kolkata,64,144,0.87,0
Dr. Rohit Verma,Pediatrics,8,06-06-2050,Govt Health Center,Mumbai,94,179,0.96,0
Dr. Rohit Verma,Cardiology,15,07-06-2050,Metro Hospital,New Delhi,48,154,0.51,0
Dr. Swati Desai,Dermatology,14,08-06-2050,Metro Hospital,Mumbai,22,482,1.06,0
Dr. Anil Mehra,Orthopedics,11,09-06-2050,Metro Hospital,Kolkata,73,246,0.74,0
Dr. Rohit Verma,Dermatology,8,10-06-2050,Metro Hospital,New Delhi,58,467,1.59,0
Dr. Ravi Kumar,Cardiology,15,11-06-2050,City Hospital,Mumbai,28,309,1.12,0
Dr. Ravi Kumar,Dermatology,17,12-06-2050,Govt Health Center,Kolkata,76,88,1.56,1
Dr. Rohit Verma,Orthopedics,14,13-06-2050,City Hospital,Kolkata,92,354,0.94,0
Dr. Rohit Verma,Orthopedics,15,14-06-2050,City Hospital,Mumbai,61,180,0.7,0
Dr. Rohit Verma,Cardiology,17,15-06-2050,Govt Health Center,Kolkata,87,203,0.7,0
Dr. Swati Desai,Orthopedics,8,16-06-2050,City Hospital,Chennai,80,90,0.8,0
Dr. Ravi Kumar,Dermatology,12,17-06-2050,Metro Hospital,Chennai,29,370,0.67,0
Dr. Swati Desai,Dermatology,16,18-06-2050,Metro Hospital,New Delhi,63,171,0.83,0
Dr. Swati Desai,Pediatrics,12,19-06-2050,Metro Hospital,Chennai,95,293,1.37,1
Dr. Anil Mehra,Pediatrics,17,20-06-2050,Metro Hospital,Chennai,14,294,0.88,0
Dr. Ravi Kumar,Pediatrics,10,21-06-2050,Govt Health Center,Mumbai,88,193,1.01,1
Dr. Ravi Kumar,Dermatology,16,22-06-2050,Metro Hospital,New Delhi,71,235,0.58,0
Dr. Rohit Verma,Dermatology,16,23-06-2050,Govt Health Center,Mumbai,26,84,1.84,1
Dr. Rohit Verma,Cardiology,11,24-06-2050,Govt Health Center,Mumbai,62,260,0.71,0
Dr. Anil Mehra,Pediatrics,11,25-06-2050,Govt Health Center,Chennai,46,449,1.02,0
Dr. Swati Desai,Dermatology,15,26-06-2050,Govt Health Center,Chennai,28,82,1.07,1
Dr. Rohit Verma,Cardiology,14,27-06-2050,City Hospital,Kolkata,19,208,1.66,1
Dr. Rohit Verma,Dermatology,12,28-06-2050,City Hospital,Kolkata,53,455,1.23,0
Dr. Ravi Kumar,Cardiology,13,29-06-2050,Metro Hospital,New Delhi,58,366,1.07,0
Dr. Ravi Kumar,Pediatrics,10,30-06-2050,Govt Health Center,Chennai,98,413,1.54,0
Dr. Rohit Verma,Pediatrics,13,01-07-2050,Metro Hospital,Kolkata,46,241,1.4,1
Dr. Ravi Kumar,Pediatrics,15,02-07-2050,Metro Hospital,Mumbai,67,212,0.62,0
Dr. Anil Mehra,Dermatology,17,03-07-2050,Metro Hospital,Chennai,24,301,0.97,0
Dr. Rohit Verma,Dermatology,16,04-07-2050,Metro Hospital,New Delhi,29,88,1.97,1
Dr. Ravi Kumar,Cardiology,10,05-07-2050,Govt Health Center,New Delhi,64,180,1.23,1
Dr. Anil Mehra,Orthopedics,15,06-07-2050,Govt Health Center,Mumbai,22,145,1.14,1
Dr. Ravi Kumar,Orthopedics,10,07-07-2050,City Hospital,Kolkata,29,190,0.72,0
Dr. Ravi Kumar,Pediatrics,9,08-07-2050,Govt Health Center,Mumbai,52,319,1.76,0
Dr. Ravi Kumar,Orthopedics,12,09-07-2050,Govt Health Center,Kolkata,91,218,0.7,0
Dr. Rohit Verma,Pediatrics,11,10-07-2050,Metro Hospital,Chennai,50,441,0.66,0
Dr. Swati Desai,Cardiology,12,11-07-2050,Govt Health Center,New Delhi,57,416,1.16,0
Dr. Ravi Kumar,Orthopedics,13,12-07-2050,Metro Hospital,Kolkata,65,324,1.15,0
Dr. Anil Mehra,Orthopedics,10,13-07-2050,Govt Health Center,Mumbai,77,414,1.97,0
Dr. Rohit Verma,Pediatrics,8,14-07-2050,City Hospital,Chennai,97,447,0.69,0
Dr. Rohit Verma,Cardiology,11,15-07-2050,Metro Hospital,Kolkata,53,483,1.23,0
Dr. Anil Mehra,Orthopedics,13,16-07-2050,Govt Health Center,Chennai,82,148,0.8,0
Dr. Ravi Kumar,Orthopedics,9,17-07-2050,Govt Health Center,Chennai,56,110,1.55,1
Dr. Swati Desai,Orthopedics,9,18-07-2050,Metro Hospital,Mumbai,59,469,1.09,0
Dr. Ravi Kumar,Cardiology,8,19-07-2050,City Hospital,Mumbai,41,372,1.47,0
Dr. Anil Mehra,Cardiology,16,20-07-2050,City Hospital,Chennai,63,266,1.01,1
Dr. Rohit Verma,Orthopedics,10,21-07-2050,Govt Health Center,Chennai,48,126,1.35,1
Dr. Swati Desai,Pediatrics,9,22-07-2050,Govt Health Center,Kolkata,94,257,1.2,1
Dr. Rohit Verma,Pediatrics,11,23-07-2050,Govt Health Center,Mumbai,67,397,1.06,0
Dr. Anil Mehra,Orthopedics,13,24-07-2050,Metro Hospital,Kolkata,70,94,1.31,1
Dr. Ravi Kumar,Cardiology,8,25-07-2050,Metro Hospital,New Delhi,81,396,1.08,0
Dr. Swati Desai,Orthopedics,16,26-07-2050,Metro Hospital,Kolkata,92,251,1.71,1
Dr. Rohit Verma,Cardiology,16,27-07-2050,Govt Health Center,Chennai,28,259,1.24,1
Dr. Rohit Verma,Orthopedics,15,28-07-2050,City Hospital,New Delhi,78,377,1.85,0
Dr. Rohit Verma,Cardiology,13,29-07-2050,Metro Hospital,Kolkata,31,184,0.83,0
Dr. Ravi Kumar,Dermatology,11,30-07-2050,City Hospital,New Delhi,44,418,0.67,0
Dr. Swati Desai,Pediatrics,9,31-07-2050,Govt Health Center,Mumbai,19,71,1.07,1
Dr. Ravi Kumar,Dermatology,15,01-08-2050,Metro Hospital,Kolkata,24,407,0.78,0
Dr. Ravi Kumar,Pediatrics,14,02-08-2050,Metro Hospital,Kolkata,11,442,1.09,0
Dr. Ravi Kumar,Cardiology,11,03-08-2050,Metro Hospital,Mumbai,31,109,0.81,0
Dr. Anil Mehra,Dermatology,10,04-08-2050,Govt Health Center,Kolkata,92,347,1.8,0
Dr. Anil Mehra,Pediatrics,13,05-08-2050,Govt Health Center,New Delhi,21,108,1.35,1
Dr. Anil Mehra,Orthopedics,8,06-08-2050,Govt Health Center,Mumbai,71,473,1.25,0
Dr. Swati Desai,Cardiology,9,07-08-2050,City Hospital,New Delhi,54,280,1.68,1
Dr. Ravi Kumar,Cardiology,14,08-08-2050,City Hospital,Kolkata,67,334,0.7,0
Dr. Ravi Kumar,Orthopedics,10,09-08-2050,Metro Hospital,Kolkata,29,232,1.79,1
Dr. Anil Mehra,Orthopedics,8,10-08-2050,Metro Hospital,Kolkata,60,497,1.22,0
Dr. Ravi Kumar,Pediatrics,9,11-08-2050,Govt Health Center,Kolkata,16,150,0.7,0
Dr. Ravi Kumar,Cardiology,17,12-08-2050,Govt Health Center,New Delhi,33,163,1.73,1
Dr. Rohit Verma,Pediatrics,17,13-08-2050,Govt Health Center,Kolkata,76,417,1.19,0
Dr. Ravi Kumar,Orthopedics,16,14-08-2050,Metro Hospital,Mumbai,79,91,1.41,1
Dr. Rohit Verma,Cardiology,14,15-08-2050,Govt Health Center,Mumbai,62,78,1.84,1
Dr. Ravi Kumar,Orthopedics,14,16-08-2050,City Hospital,Chennai,43,326,1.84,0
Dr. Swati Desai,Pediatrics,17,17-08-2050,City Hospital,Mumbai,42,146,1.84,1
Dr. Anil Mehra,Pediatrics,15,18-08-2050,Metro Hospital,Chennai,32,240,1.13,1
Dr. Rohit Verma,Pediatrics,15,19-08-2050,Metro Hospital,Mumbai,67,428,1.62,0
Dr. Anil Mehra,Cardiology,16,20-08-2050,City Hospital,Mumbai,77,368,0.85,0
Dr. Rohit Verma,Orthopedics,9,21-08-2050,Govt Health Center,Kolkata,78,87,1.75,1
Dr. Rohit Verma,Orthopedics,15,22-08-2050,Metro Hospital,Mumbai,89,256,1.01,1
Dr. Rohit Verma,Pediatrics,15,23-08-2050,Metro Hospital,Kolkata,49,243,1.2,1
Dr. Swati Desai,Pediatrics,12,24-08-2050,Metro Hospital,Kolkata,56,189,1.84,1
Dr. Ravi Kumar,Pediatrics,12,25-08-2050,City Hospital,Mumbai,52,338,1.71,0
Dr. Rohit Verma,Pediatrics,11,26-08-2050,Metro Hospital,New Delhi,70,306,1.93,0
Dr. Swati Desai,Dermatology,12,27-08-2050,City Hospital,Kolkata,51,274,1.05,1
Dr. Rohit Verma,Dermatology,9,28-08-2050,City Hospital,Mumbai,71,77,0.73,0
Dr. Ravi Kumar,Dermatology,9,29-08-2050,Govt Health Center,New Delhi,76,239,1.87,1
Dr. Rohit Verma,Pediatrics,12,30-08-2050,Govt Health Center,Mumbai,64,294,1.24,1
Dr. Swati Desai,Pediatrics,10,31-08-2050,Govt Health Center,Mumbai,58,383,1.83,0
Dr. Ravi Kumar,Orthopedics,8,01-09-2050,Metro Hospital,New Delhi,58,422,1.6,0
Dr. Swati Desai,Cardiology,16,02-09-2050,City Hospital,Mumbai,87,364,1.81,0
Dr. Ravi Kumar,Orthopedics,9,03-09-2050,Metro Hospital,Kolkata,42,98,1.48,1
Dr. Ravi Kumar,Dermatology,17,04-09-2050,City Hospital,Chennai,37,350,1.72,0
Dr. Anil Mehra,Orthopedics,9,05-09-2050,Metro Hospital,Chennai,66,253,0.68,0
Dr. Anil Mehra,Pediatrics,11,06-09-2050,City Hospital,Mumbai,50,428,1.95,0
Dr. Anil Mehra,Dermatology,9,07-09-2050,Govt Health Center,Chennai,88,439,0.77,0
Dr. Ravi Kumar,Dermatology,14,08-09-2050,Govt Health Center,Chennai,13,164,0.54,0
Dr. Rohit Verma,Cardiology,17,09-09-2050,Metro Hospital,Chennai,29,69,1.3,1
Dr. Swati Desai,Cardiology,8,10-09-2050,City Hospital,Kolkata,98,134,1.57,1
Dr. Swati Desai,Dermatology,9,11-09-2050,Govt Health Center,Kolkata,44,449,1.57,0
Dr. Swati Desai,Dermatology,12,12-09-2050,City Hospital,Chennai,62,445,1.01,0
Dr. Anil Mehra,Orthopedics,9,13-09-2050,Metro Hospital,New Delhi,48,302,1.63,0
Dr. Ravi Kumar,Dermatology,16,14-09-2050,Govt Health Center,New Delhi,62,101,1.76,1
Dr. Anil Mehra,Pediatrics,11,15-09-2050,Metro Hospital,New Delhi,95,197,1.42,1
Dr. Rohit Verma,Orthopedics,16,16-09-2050,Metro Hospital,Kolkata,19,235,1.08,1
Dr. Ravi Kumar,Pediatrics,8,17-09-2050,City Hospital,Kolkata,89,222,1.42,1
Dr. Swati Desai,Pediatrics,8,18-09-2050,Metro Hospital,Kolkata,96,402,1.79,0
Dr. Anil Mehra,Pediatrics,8,19-09-2050,Metro Hospital,Kolkata,92,163,1.85,1
Dr. Anil Mehra,Dermatology,11,20-09-2050,City Hospital,Chennai,74,51,0.55,0
Dr. Rohit Verma,Cardiology,16,21-09-2050,City Hospital,Kolkata,10,83,0.68,0
Dr. Rohit Verma,Cardiology,15,22-09-2050,Metro Hospital,Chennai,62,331,0.51,0
Dr. Anil Mehra,Pediatrics,14,23-09-2050,Govt Health Center,New Delhi,55,210,1.24,1
Dr. Rohit Verma,Dermatology,8,24-09-2050,Govt Health Center,Chennai,35,219,1.15,1
Dr. Swati Desai,Orthopedics,10,25-09-2050,City Hospital,New Delhi,11,143,1.32,1
Dr. Rohit Verma,Pediatrics,16,26-09-2050,Metro Hospital,Kolkata,37,297,1.53,1
Dr. Rohit Verma,Orthopedics,16,27-09-2050,Govt Health Center,New Delhi,93,370,1.05,0
Dr. Anil Mehra,Orthopedics,12,28-09-2050,City Hospital,New Delhi,36,415,0.81,0
Dr. Anil Mehra,Dermatology,13,29-09-2050,City Hospital,Chennai,37,57,1.09,1
Dr. Ravi Kumar,Dermatology,13,30-09-2050,City Hospital,New Delhi,40,370,0.51,0
Dr. Ravi Kumar,Cardiology,17,01-10-2050,Metro Hospital,Mumbai,56,159,1.74,1
Dr. Anil Mehra,Cardiology,11,02-10-2050,City Hospital,New Delhi,16,443,1.08,0
Dr. Rohit Verma,Dermatology,8,03-10-2050,Govt Health Center,Kolkata,81,81,1.43,1
Dr. Rohit Verma,Pediatrics,12,04-10-2050,Metro Hospital,New Delhi,84,100,0.99,0
Dr. Ravi Kumar,Cardiology,8,05-10-2050,Govt Health Center,Mumbai,57,490,1.42,0
Dr. Ravi Kumar,Orthopedics,8,06-10-2050,Govt Health Center,Chennai,35,217,1.31,1
Dr. Ravi Kumar,Pediatrics,12,07-10-2050,Govt Health Center,New Delhi,64,115,0.81,0
Dr. Swati Desai,Orthopedics,12,08-10-2050,Metro Hospital,Mumbai,98,80,1.44,1
Dr. Swati Desai,Dermatology,14,09-10-2050,Govt Health Center,Kolkata,16,496,0.66,0
Dr. Ravi Kumar,Orthopedics,9,10-10-2050,City Hospital,Kolkata,93,373,1.22,0
Dr. Rohit Verma,Pediatrics,13,11-10-2050,City Hospital,Chennai,66,489,1.58,0
Dr. Ravi Kumar,Dermatology,9,12-10-2050,Govt Health Center,Kolkata,67,61,1.32,1
Dr. Swati Desai,Pediatrics,17,13-10-2050,City Hospital,Mumbai,10,336,1.62,0
Dr. Rohit Verma,Orthopedics,12,14-10-2050,Metro Hospital,New Delhi,91,72,0.91,0
Dr. Swati Desai,Pediatrics,11,15-10-2050,Metro Hospital,Mumbai,81,210,0.57,0
Dr. Rohit Verma,Dermatology,17,16-10-2050,City Hospital,Chennai,38,313,0.58,0
Dr. Swati Desai,Orthopedics,12,17-10-2050,City Hospital,New Delhi,31,239,0.9,0
Dr. Rohit Verma,Orthopedics,9,18-10-2050,Metro Hospital,Mumbai,49,429,1.11,0
Dr. Rohit Verma,Cardiology,15,19-10-2050,Govt Health Center,Chennai,71,290,1.31,1
Dr. Rohit Verma,Cardiology,15,20-10-2050,Metro Hospital,Chennai,23,129,1.64,1
Dr. Rohit Verma,Pediatrics,13,21-10-2050,Govt Health Center,New Delhi,11,320,1.76,0
Dr. Anil Mehra,Cardiology,10,22-10-2050,City Hospital,New Delhi,44,474,1.54,0
Dr. Swati Desai,Cardiology,11,23-10-2050,City Hospital,Kolkata,80,153,1.19,1
Dr. Swati Desai,Cardiology,8,24-10-2050,Govt Health Center,Kolkata,76,485,0.9,0
Dr. Anil Mehra,Cardiology,16,25-10-2050,Govt Health Center,New Delhi,88,459,1.14,0
Dr. Rohit Verma,Dermatology,17,26-10-2050,Metro Hospital,Kolkata,31,127,0.91,0
Dr. Rohit Verma,Dermatology,12,27-10-2050,Govt Health Center,New Delhi,27,61,1.44,1
Dr. Swati Desai,Cardiology,15,28-10-2050,City Hospital,Kolkata,55,332,1.73,0
Dr. Anil Mehra,Pediatrics,10,29-10-2050,City Hospital,Mumbai,91,160,1.28,1
Dr. Rohit Verma,Dermatology,11,30-10-2050,City Hospital,Chennai,72,463,0.57,0
Dr. Rohit Verma,Cardiology,11,31-10-2050,Govt Health Center,New Delhi,45,309,1.91,0
Dr. Rohit Verma,Dermatology,15,01-11-2050,Govt Health Center,New Delhi,55,359,0.94,0
Dr. Ravi Kumar,Orthopedics,16,02-11-2050,City Hospital,New Delhi,46,400,1.87,0
Dr. Anil Mehra,Dermatology,10,03-11-2050,Govt Health Center,Mumbai,27,467,1.72,0
Dr. Rohit Verma,Dermatology,14,04-11-2050,Metro Hospital,Chennai,52,245,1.12,1
Dr. Ravi Kumar,Pediatrics,16,05-11-2050,Metro Hospital,Kolkata,38,389,0.59,0
Dr. Anil Mehra,Dermatology,9,06-11-2050,Govt Health Center,Kolkata,85,233,1.92,1
Dr. Rohit Verma,Pediatrics,11,07-11-2050,Govt Health Center,Chennai,27,195,1.49,1
Dr. Swati Desai,Orthopedics,10,08-11-2050,City Hospital,Kolkata,24,224,0.87,0
Dr. Ravi Kumar,Cardiology,15,09-11-2050,Govt Health Center,New Delhi,68,249,1.3,1
Dr. Ravi Kumar,Pediatrics,11,10-11-2050,City Hospital,Chennai,37,237,1.45,1
Dr. Rohit Verma,Dermatology,16,11-11-2050,Metro Hospital,Mumbai,62,155,0.84,0
Dr. Rohit Verma,Dermatology,8,12-11-2050,Govt Health Center,Chennai,24,492,0.64,0
Dr. Ravi Kumar,Pediatrics,8,13-11-2050,Metro Hospital,New Delhi,52,435,0.9,0
Dr. Swati Desai,Orthopedics,11,14-11-2050,Govt Health Center,Chennai,42,426,0.57,0
Dr. Swati Desai,Cardiology,10,15-11-2050,Govt Health Center,Mumbai,11,122,0.6,0
Dr. Anil Mehra,Dermatology,10,16-11-2050,City Hospital,Mumbai,68,321,0.73,0
Dr. Rohit Verma,Orthopedics,17,17-11-2050,City Hospital,Chennai,17,263,0.74,0
Dr. Swati Desai,Cardiology,9,18-11-2050,Govt Health Center,Chennai,42,235,0.87,0
Dr. Anil Mehra,Cardiology,17,19-11-2050,Govt Health Center,Kolkata,44,189,1.91,1
Dr. Swati Desai,Dermatology,17,20-11-2050,City Hospital,Kolkata,27,438,1.36,0
Dr. Rohit Verma,Pediatrics,9,21-11-2050,Metro Hospital,New Delhi,99,216,1.13,1
Dr. Anil Mehra,Dermatology,15,22-11-2050,Govt Health Center,Kolkata,30,192,1.35,1
Dr. Anil Mehra,Dermatology,8,23-11-2050,City Hospital,New Delhi,73,121,0.51,0
Dr. Anil Mehra,Dermatology,15,24-11-2050,Govt Health Center,New Delhi,37,393,1.84,0
Dr. Swati Desai,Orthopedics,17,25-11-2050,City Hospital,Chennai,93,196,1.3,1
Dr. Rohit Verma,Pediatrics,10,26-11-2050,Metro Hospital,Kolkata,54,150,1.18,1
Dr. Anil Mehra,Orthopedics,9,27-11-2050,Govt Health Center,Mumbai,29,387,1.91,0
Dr. Ravi Kumar,Dermatology,16,28-11-2050,Govt Health Center,Mumbai,13,134,1.6,1
Dr. Rohit Verma,Pediatrics,12,29-11-2050,Metro Hospital,Chennai,45,354,1.01,0
Dr. Ravi Kumar,Cardiology,12,30-11-2050,Govt Health Center,Mumbai,86,428,1.9,0
Dr. Ravi Kumar,Pediatrics,13,01-12-2050,Govt Health Center,Mumbai,61,344,1.78,0
Dr. Anil Mehra,Dermatology,11,02-12-2050,Govt Health Center,Chennai,48,383,1.93,0
Dr. Anil Mehra,Pediatrics,14,03-12-2050,City Hospital,Mumbai,80,192,0.64,0
Dr. Swati Desai,Cardiology,14,04-12-2050,City Hospital,Chennai,90,428,1.93,0
Dr. Swati Desai,Cardiology,16,05-12-2050,Govt Health Center,New Delhi,21,360,1.31,0
Dr. Swati Desai,Pediatrics,13,06-12-2050,Metro Hospital,Kolkata,64,418,1.51,0
Dr. Rohit Verma,Cardiology,8,07-12-2050,Metro Hospital,Mumbai,57,244,0.82,0
Dr. Swati Desai,Orthopedics,16,08-12-2050,Govt Health Center,Chennai,95,233,0.71,0
Dr. Ravi Kumar,Pediatrics,17,09-12-2050,City Hospital,Mumbai,94,350,0.62,0
Dr. Swati Desai,Cardiology,16,10-12-2050,City Hospital,Kolkata,18,490,1.13,0
Dr. Anil Mehra,Cardiology,12,11-12-2050,Govt Health Center,Mumbai,21,116,0.83,0
Dr. Swati Desai,Pediatrics,14,12-12-2050,City Hospital,New Delhi,90,271,0.62,0
Dr. Rohit Verma,Orthopedics,8,13-12-2050,City Hospital,Chennai,89,311,1.93,0
Dr. Rohit Verma,Pediatrics,11,14-12-2050,Metro Hospital,Kolkata,78,375,1.6,0
Dr. Ravi Kumar,Cardiology,17,15-12-2050,Govt Health Center,New Delhi,92,464,1.28,0
Dr. Rohit Verma,Pediatrics,11,16-12-2050,City Hospital,Mumbai,66,71,1.62,1
Dr. Swati Desai,Cardiology,12,17-12-2050,City Hospital,Mumbai,37,390,1.42,0
Dr. Anil Mehra,Dermatology,13,18-12-2050,City Hospital,Mumbai,26,215,0.77,0
Dr. Rohit Verma,Pediatrics,11,19-12-2050,Govt Health Center,Kolkata,31,151,1.45,1
Dr. Ravi Kumar,Pediatrics,13,20-12-2050,Govt Health Center,Chennai,44,363,1.52,0
Dr. Swati Desai,Cardiology,17,21-12-2050,City Hospital,Kolkata,68,462,0.86,0
Dr. Ravi Kumar,Cardiology,14,22-12-2050,Metro Hospital,New Delhi,88,489,0.98,0
Dr. Rohit Verma,Cardiology,10,23-12-2050,Metro Hospital,Chennai,28,159,1.07,1
Dr. Rohit Verma,Cardiology,16,24-12-2050,Govt Health Center,Kolkata,59,444,1.4,0
Dr. Ravi Kumar,Pediatrics,15,25-12-2050,Metro Hospital,Mumbai,35,481,0.69,0
Dr. Swati Desai,Cardiology,8,26-12-2050,City Hospital,New Delhi,69,391,1.62,0
Dr. Rohit Verma,Pediatrics,9,27-12-2050,Govt Health Center,Mumbai,53,365,1.02,0
Dr. Anil Mehra,Orthopedics,9,28-12-2050,Govt Health Center,Kolkata,65,228,1.54,1
Dr. Rohit Verma,Pediatrics,17,29-12-2050,Metro Hospital,New Delhi,52,216,1.9,1
Dr. Swati Desai,Cardiology,16,30-12-2050,Govt Health Center,Chennai,32,183,1.8,1
Dr. Rohit Verma,Cardiology,16,31-12-2050,Metro Hospital,Chennai,83,79,1.61,1
Dr. Ravi Kumar,Orthopedics,16,01-01-2051,Metro Hospital,Kolkata,31,412,0.79,0
Dr. Rohit Verma,Pediatrics,8,02-01-2051,City Hospital,Kolkata,56,434,1.6,0
Dr. Rohit Verma,Orthopedics,14,03-01-2051,Metro Hospital,Chennai,64,135,1.45,1
Dr. Swati Desai,Pediatrics,10,04-01-2051,Metro Hospital,Chennai,20,58,1.66,1
Dr. Ravi Kumar,Cardiology,16,05-01-2051,Govt Health Center,Kolkata,64,478,1.8,0
Dr. Swati Desai,Pediatrics,15,06-01-2051,City Hospital,Chennai,35,185,0.97,0
Dr. Rohit Verma,Cardiology,10,07-01-2051,City Hospital,New Delhi,10,339,1.47,0
Dr. Anil Mehra,Cardiology,8,08-01-2051,Metro Hospital,Kolkata,71,185,0.91,0
Dr. Rohit Verma,Dermatology,16,09-01-2051,Govt Health Center,New Delhi,30,189,1.02,1
Dr. Swati Desai,Dermatology,17,10-01-2051,Govt Health Center,Mumbai,17,92,1.28,1
Dr. Anil Mehra,Pediatrics,8,11-01-2051,Govt Health Center,New Delhi,29,154,1.15,1
Dr. Swati Desai,Cardiology,10,12-01-2051,City Hospital,Kolkata,54,361,1.4,0
Dr. Swati Desai,Orthopedics,13,13-01-2051,City Hospital,Mumbai,90,80,1.64,1
Dr. Ravi Kumar,Cardiology,13,14-01-2051,Metro Hospital,Chennai,88,219,1.41,1
Dr. Anil Mehra,Orthopedics,17,15-01-2051,Metro Hospital,New Delhi,94,210,1.95,1
Dr. Rohit Verma,Pediatrics,11,16-01-2051,Govt Health Center,New Delhi,74,324,1.61,0
Dr. Swati Desai,Pediatrics,9,17-01-2051,Metro Hospital,Kolkata,69,302,1.98,0
Dr. Rohit Verma,Orthopedics,17,18-01-2051,Govt Health Center,Chennai,76,268,1.62,1
Dr. Ravi Kumar,Orthopedics,13,19-01-2051,City Hospital,Kolkata,65,162,1.26,1
Dr. Ravi Kumar,Cardiology,17,20-01-2051,Metro Hospital,Chennai,40,269,1.12,1
Dr. Anil Mehra,Pediatrics,12,21-01-2051,Govt Health Center,Kolkata,94,232,1.6,1
Dr. Ravi Kumar,Cardiology,13,22-01-2051,City Hospital,Chennai,96,309,1.53,0
Dr. Ravi Kumar,Orthopedics,14,23-01-2051,Govt Health Center,Mumbai,90,61,1.5,1
Dr. Rohit Verma,Dermatology,16,24-01-2051,Metro Hospital,Kolkata,31,389,1.58,0
Dr. Ravi Kumar,Dermatology,14,25-01-2051,Govt Health Center,Mumbai,71,409,1.81,0
Dr. Ravi Kumar,Dermatology,11,26-01-2051,City Hospital,Kolkata,65,461,0.84,0
Dr. Swati Desai,Orthopedics,17,27-01-2051,Metro Hospital,Kolkata,95,295,1.35,1
Dr. Ravi Kumar,Cardiology,12,28-01-2051,City Hospital,Kolkata,81,299,1.4,1
Dr. Swati Desai,Pediatrics,13,29-01-2051,Metro Hospital,New Delhi,17,107,0.94,0
Dr. Ravi Kumar,Orthopedics,16,30-01-2051,Govt Health Center,Kolkata,71,353,1.98,0
Dr. Ravi Kumar,Dermatology,12,31-01-2051,City Hospital,Chennai,87,425,1.68,0
Dr. Anil Mehra,Cardiology,12,01-02-2051,City Hospital,New Delhi,33,429,0.98,0
Dr. Anil Mehra,Pediatrics,14,02-02-2051,Govt Health Center,Chennai,31,50,1.04,1
Dr. Swati Desai,Pediatrics,9,03-02-2051,City Hospital,Chennai,24,410,1.58,0
Dr. Ravi Kumar,Orthopedics,10,04-02-2051,City Hospital,Chennai,93,252,0.52,0
Dr. Rohit Verma,Orthopedics,9,05-02-2051,City Hospital,Chennai,37,93,1.2,1
Dr. Anil Mehra,Pediatrics,17,06-02-2051,City Hospital,Chennai,31,368,1.01,0
Dr. Rohit Verma,Pediatrics,17,07-02-2051,Govt Health Center,Mumbai,40,144,1.78,1
Dr. Anil Mehra,Dermatology,9,08-02-2051,City Hospital,New Delhi,82,343,1.69,0
Dr. Anil Mehra,Pediatrics,10,09-02-2051,City Hospital,Chennai,71,58,1,0
Dr. Ravi Kumar,Orthopedics,13,10-02-2051,City Hospital,Mumbai,96,311,1.8,0
Dr. Anil Mehra,Cardiology,12,11-02-2051,Metro Hospital,Mumbai,78,375,1.87,0
Dr. Rohit Verma,Dermatology,12,12-02-2051,Metro Hospital,Chennai,48,302,1.33,0
Dr. Anil Mehra,Dermatology,9,13-02-2051,Govt Health Center,Kolkata,90,357,0.74,0
Dr. Swati Desai,Pediatrics,9,14-02-2051,Govt Health Center,Chennai,49,372,1.66,0
Dr. Ravi Kumar,Cardiology,8,15-02-2051,Govt Health Center,Mumbai,78,145,0.98,0
Dr. Ravi Kumar,Dermatology,10,16-02-2051,City Hospital,Chennai,64,404,1.29,0
Dr. Swati Desai,Orthopedics,14,17-02-2051,Metro Hospital,Mumbai,80,449,0.57,0
Dr. Swati Desai,Pediatrics,12,18-02-2051,Metro Hospital,Chennai,73,179,1.25,1
Dr. Swati Desai,Orthopedics,14,19-02-2051,Govt Health Center,Mumbai,17,85,1.07,1
Dr. Anil Mehra,Pediatrics,16,20-02-2051,Metro Hospital,Chennai,80,154,1.53,1
Dr. Ravi Kumar,Dermatology,13,21-02-2051,Govt Health Center,Kolkata,95,248,0.56,0
Dr. Swati Desai,Pediatrics,9,22-02-2051,City Hospital,Kolkata,53,340,1.44,0
Dr. Anil Mehra,Cardiology,8,23-02-2051,Metro Hospital,Mumbai,47,425,1.66,0
Dr. Swati Desai,Orthopedics,8,24-02-2051,City Hospital,Kolkata,30,79,0.52,0
Dr. Rohit Verma,Cardiology,17,25-02-2051,City Hospital,Kolkata,13,478,1.62,0
Dr. Rohit Verma,Orthopedics,16,26-02-2051,Metro Hospital,New Delhi,41,479,0.7,0
Dr. Ravi Kumar,Orthopedics,13,27-02-2051,Govt Health Center,Chennai,64,142,1.55,1
Dr. Anil Mehra,Pediatrics,13,28-02-2051,Metro Hospital,Chennai,69,498,1.18,0
Dr. Rohit Verma,Dermatology,11,01-03-2051,City Hospital,Kolkata,68,285,1.33,1
Dr. Rohit Verma,Dermatology,9,02-03-2051,Govt Health Center,Kolkata,76,434,1.01,0
Dr. Anil Mehra,Cardiology,17,03-03-2051,City Hospital,Mumbai,14,410,0.87,0
Dr. Swati Desai,Pediatrics,10,04-03-2051,Govt Health Center,Chennai,92,490,0.61,0
Dr. Anil Mehra,Dermatology,10,05-03-2051,Metro Hospital,New Delhi,81,244,1.8,1
Dr. Swati Desai,Orthopedics,15,06-03-2051,City Hospital,New Delhi,46,305,1.42,0
Dr. Rohit Verma,Orthopedics,13,07-03-2051,Govt Health Center,Kolkata,36,405,1.97,0
Dr. Rohit Verma,Pediatrics,14,08-03-2051,Govt Health Center,Mumbai,22,408,1.78,0
Dr. Rohit Verma,Cardiology,16,09-03-2051,Metro Hospital,Mumbai,15,80,1.8,1
Dr. Ravi Kumar,Pediatrics,8,10-03-2051,Govt Health Center,Chennai,74,74,1.4,1
Dr. Ravi Kumar,Cardiology,9,11-03-2051,Govt Health Center,Kolkata,39,352,0.62,0
Dr. Ravi Kumar,Pediatrics,16,12-03-2051,City Hospital,Kolkata,84,489,1.87,0
Dr. Anil Mehra,Orthopedics,12,13-03-2051,Metro Hospital,Mumbai,61,50,0.68,0
Dr. Rohit Verma,Pediatrics,11,14-03-2051,Metro Hospital,New Delhi,50,407,1.28,0
Dr. Rohit Verma,Dermatology,8,15-03-2051,City Hospital,New Delhi,89,167,1.79,1
Dr. Anil Mehra,Dermatology,16,16-03-2051,City Hospital,Chennai,24,214,1.21,1
Dr. Ravi Kumar,Pediatrics,16,17-03-2051,City Hospital,Kolkata,14,162,0.75,0
Dr. Anil Mehra,Cardiology,11,18-03-2051,Govt Health Center,Kolkata,24,244,1.06,1
Dr. Ravi Kumar,Cardiology,16,19-03-2051,Metro Hospital,New Delhi,10,189,1.98,1
Dr. Rohit Verma,Orthopedics,17,20-03-2051,Metro Hospital,Kolkata,24,69,2,1
Dr. Swati Desai,Orthopedics,8,21-03-2051,Metro Hospital,Kolkata,69,335,1.57,0
Dr. Ravi Kumar,Cardiology,12,22-03-2051,Govt Health Center,Mumbai,57,280,1.83,1
Dr. Rohit Verma,Pediatrics,8,23-03-2051,Metro Hospital,Chennai,63,497,0.57,0
Dr. Rohit Verma,Orthopedics,11,24-03-2051,Metro Hospital,Chennai,64,128,0.91,0
Dr. Swati Desai,Cardiology,12,25-03-2051,Metro Hospital,Chennai,81,177,1.05,1
Dr. Rohit Verma,Cardiology,10,26-03-2051,Metro Hospital,Mumbai,95,134,0.52,0
Dr. Rohit Verma,Pediatrics,9,27-03-2051,City Hospital,Chennai,36,113,1.07,1
Dr. Ravi Kumar,Dermatology,13,28-03-2051,Govt Health Center,Chennai,39,323,0.64,0
Dr. Ravi Kumar,Cardiology,10,29-03-2051,Metro Hospital,New Delhi,85,337,1.28,0
Dr. Swati Desai,Orthopedics,17,30-03-2051,Metro Hospital,New Delhi,69,452,0.51,0
Dr. Swati Desai,Pediatrics,8,31-03-2051,Metro Hospital,Chennai,75,302,0.91,0
Dr. Rohit Verma,Pediatrics,12,01-04-2051,Metro Hospital,Mumbai,55,143,1.8,1
Dr. Ravi Kumar,Pediatrics,9,02-04-2051,Metro Hospital,Mumbai,61,338,0.82,0
Dr. Swati Desai,Dermatology,9,03-04-2051,City Hospital,Mumbai,95,495,0.6,0
Dr. Swati Desai,Dermatology,11,04-04-2051,City Hospital,Kolkata,90,199,0.87,0
Dr. Anil Mehra,Orthopedics,11,05-04-2051,Govt Health Center,Kolkata,44,414,1.74,0
Dr. Swati Desai,Orthopedics,11,06-04-2051,Govt Health Center,Mumbai,51,206,1.38,1
Dr. Rohit Verma,Pediatrics,14,07-04-2051,Metro Hospital,New Delhi,65,265,1.38,1
Dr. Ravi Kumar,Orthopedics,8,08-04-2051,Metro Hospital,Kolkata,54,309,0.5,0
Dr. Swati Desai,Cardiology,15,09-04-2051,City Hospital,Mumbai,61,483,1.21,0
Dr. Anil Mehra,Dermatology,17,10-04-2051,Govt Health Center,Kolkata,32,149,0.9,0
Dr. Ravi Kumar,Pediatrics,16,11-04-2051,Metro Hospital,Kolkata,38,171,1,0
Dr. Swati Desai,Pediatrics,17,12-04-2051,Metro Hospital,Kolkata,38,181,1.4,1
Dr. Anil Mehra,Cardiology,13,13-04-2051,Metro Hospital,Kolkata,66,54,1.81,1
Dr. Swati Desai,Cardiology,11,14-04-2051,Govt Health Center,Mumbai,28,282,0.77,0
Dr. Ravi Kumar,Cardiology,13,15-04-2051,City Hospital,Kolkata,90,216,1.65,1
Dr. Ravi Kumar,Cardiology,17,16-04-2051,City Hospital,Chennai,17,106,0.57,0
Dr. Ravi Kumar,Pediatrics,14,17-04-2051,Metro Hospital,Mumbai,59,80,0.99,0
Dr. Rohit Verma,Dermatology,13,18-04-2051,Metro Hospital,Mumbai,16,56,0.83,0
Dr. Swati Desai,Dermatology,8,19-04-2051,Metro Hospital,Mumbai,20,61,1.87,1
Dr. Rohit Verma,Cardiology,12,20-04-2051,Metro Hospital,Kolkata,76,59,0.77,0
Dr. Ravi Kumar,Orthopedics,15,21-04-2051,Metro Hospital,Mumbai,75,206,1.37,1
Dr. Anil Mehra,Pediatrics,15,22-04-2051,Govt Health Center,New Delhi,92,262,0.75,0
Dr. Swati Desai,Dermatology,17,23-04-2051,City Hospital,Chennai,37,190,1.21,1
Dr. Rohit Verma,Cardiology,16,24-04-2051,Govt Health Center,New Delhi,65,176,1.12,1
Dr. Swati Desai,Orthopedics,11,25-04-2051,Govt Health Center,Chennai,37,247,0.56,0
Dr. Anil Mehra,Orthopedics,17,26-04-2051,Metro Hospital,Chennai,98,464,1.74,0
Dr. Rohit Verma,Cardiology,13,27-04-2051,Govt Health Center,Kolkata,84,186,1.67,1
Dr. Ravi Kumar,Pediatrics,14,28-04-2051,City Hospital,Chennai,49,228,0.92,0
Dr. Rohit Verma,Dermatology,12,29-04-2051,Metro Hospital,Chennai,11,137,1.42,1
Dr. Swati Desai,Orthopedics,15,30-04-2051,City Hospital,New Delhi,85,449,1.04,0
Dr. Swati Desai,Dermatology,10,01-05-2051,Govt Health Center,Chennai,70,492,1.65,0
Dr. Swati Desai,Dermatology,15,02-05-2051,Metro Hospital,Mumbai,85,491,1.54,0
Dr. Swati Desai,Orthopedics,12,03-05-2051,City Hospital,Mumbai,34,316,0.64,0
Dr. Ravi Kumar,Cardiology,8,04-05-2051,City Hospital,Chennai,63,213,1.77,1
Dr. Rohit Verma,Orthopedics,13,05-05-2051,Metro Hospital,Mumbai,26,298,0.77,0
Dr. Ravi Kumar,Orthopedics,9,06-05-2051,City Hospital,Kolkata,57,50,0.76,0
Dr. Ravi Kumar,Pediatrics,14,07-05-2051,Metro Hospital,Mumbai,21,326,1.6,0
Dr. Ravi Kumar,Dermatology,16,08-05-2051,Metro Hospital,Kolkata,70,221,0.77,0
Dr. Swati Desai,Cardiology,10,09-05-2051,Govt Health Center,Chennai,11,405,0.68,0
Dr. Swati Desai,Dermatology,17,10-05-2051,City Hospital,Kolkata,89,470,1,0
Dr. Swati Desai,Orthopedics,11,11-05-2051,Metro Hospital,Kolkata,74,311,1.76,0
Dr. Rohit Verma,Cardiology,11,12-05-2051,Govt Health Center,Chennai,61,191,0.77,0
Dr. Anil Mehra,Cardiology,11,13-05-2051,Govt Health Center,Chennai,43,142,1.01,1
Dr. Swati Desai,Cardiology,10,14-05-2051,Metro Hospital,Kolkata,54,178,0.93,0
Dr. Rohit Verma,Cardiology,12,15-05-2051,Metro Hospital,New Delhi,10,185,1.03,1
Dr. Swati Desai,Pediatrics,16,16-05-2051,City Hospital,Chennai,61,160,1.57,1
Dr. Swati Desai,Cardiology,15,17-05-2051,City Hospital,Chennai,76,93,1.11,1
Dr. Ravi Kumar,Orthopedics,17,18-05-2051,City Hospital,New Delhi,85,428,1.64,0
Dr. Ravi Kumar,Pediatrics,9,19-05-2051,Metro Hospital,Mumbai,65,260,1.46,1
Dr. Ravi Kumar,Orthopedics,16,20-05-2051,Govt Health Center,New Delhi,67,392,1.04,0
Dr. Rohit Verma,Orthopedics,17,21-05-2051,Govt Health Center,Mumbai,59,408,1.15,0
Dr. Anil Mehra,Dermatology,9,22-05-2051,Metro Hospital,New Delhi,34,410,1.56,0
Dr. Anil Mehra,Cardiology,14,23-05-2051,City Hospital,Kolkata,21,380,1.3,0
Dr. Rohit Verma,Cardiology,12,24-05-2051,Govt Health Center,Chennai,82,460,1.8,0
Dr. Swati Desai,Orthopedics,14,25-05-2051,Govt Health Center,New Delhi,74,296,1.9,1
Dr. Rohit Verma,Cardiology,12,26-05-2051,City Hospital,Chennai,65,281,1.58,1
Dr. Swati Desai,Pediatrics,13,27-05-2051,Govt Health Center,Mumbai,59,341,1.98,0
Dr. Rohit Verma,Dermatology,15,28-05-2051,City Hospital,Kolkata,96,219,1.39,1
Dr. Rohit Verma,Cardiology,8,29-05-2051,Govt Health Center,Chennai,37,453,0.56,0
Dr. Rohit Verma,Cardiology,8,30-05-2051,Govt Health Center,New Delhi,12,283,1.26,1
Dr. Anil Mehra,Pediatrics,12,31-05-2051,Govt Health Center,New Delhi,47,57,0.85,0
Dr. Ravi Kumar,Dermatology,8,01-06-2051,City Hospital,Kolkata,73,351,1,0
Dr. Rohit Verma,Pediatrics,10,02-06-2051,Govt Health Center,Mumbai,63,149,1.24,1
Dr. Anil Mehra,Orthopedics,17,03-06-2051,Govt Health Center,Kolkata,45,302,0.94,0
Dr. Ravi Kumar,Orthopedics,16,04-06-2051,Govt Health Center,Kolkata,53,357,0.96,0
Dr. Ravi Kumar,Cardiology,14,05-06-2051,Metro Hospital,Chennai,53,331,1.1,0
Dr. Rohit Verma,Dermatology,13,06-06-2051,Govt Health Center,Mumbai,78,340,0.93,0
Dr. Swati Desai,Orthopedics,15,07-06-2051,Govt Health Center,Kolkata,62,237,0.75,0
Dr. Swati Desai,Pediatrics,15,08-06-2051,City Hospital,Chennai,22,436,1.65,0
Dr. Swati Desai,Orthopedics,13,09-06-2051,City Hospital,Chennai,53,172,1.09,1
Dr. Rohit Verma,Orthopedics,11,10-06-2051,Metro Hospital,Mumbai,13,181,1.75,1
Dr. Swati Desai,Pediatrics,11,11-06-2051,City Hospital,Mumbai,79,285,1.82,1
Dr. Anil Mehra,Cardiology,11,12-06-2051,City Hospital,Chennai,60,270,1.63,1
Dr. Anil Mehra,Dermatology,13,13-06-2051,City Hospital,Mumbai,79,111,1.1,1
Dr. Anil Mehra,Cardiology,8,14-06-2051,Metro Hospital,Chennai,20,369,1.58,0
Dr. Anil Mehra,Pediatrics,9,15-06-2051,Metro Hospital,Mumbai,63,227,0.73,0
Dr. Ravi Kumar,Orthopedics,13,16-06-2051,Govt Health Center,Mumbai,71,269,1.49,1
Dr. Anil Mehra,Dermatology,8,17-06-2051,Govt Health Center,Mumbai,68,452,1.11,0
Dr. Swati Desai,Cardiology,16,18-06-2051,City Hospital,New Delhi,70,220,1.48,1
Dr. Rohit Verma,Pediatrics,13,19-06-2051,Govt Health Center,Mumbai,49,131,1.63,1
Dr. Swati Desai,Orthopedics,14,20-06-2051,Govt Health Center,New Delhi,13,63,1.34,1
Dr. Anil Mehra,Orthopedics,8,21-06-2051,Metro Hospital,Chennai,36,319,1.46,0
Dr. Ravi Kumar,Cardiology,15,22-06-2051,Metro Hospital,Kolkata,25,103,0.82,0
Dr. Anil Mehra,Pediatrics,12,23-06-2051,Govt Health Center,Kolkata,91,462,1.39,0
Dr. Rohit Verma,Orthopedics,12,24-06-2051,Govt Health Center,Kolkata,16,180,1.19,1
Dr. Swati Desai,Orthopedics,13,25-06-2051,Govt Health Center,Chennai,20,147,1.14,1
Dr. Rohit Verma,Dermatology,14,26-06-2051,City Hospital,Mumbai,81,250,1.12,1
Dr. Rohit Verma,Orthopedics,14,27-06-2051,Metro Hospital,New Delhi,73,409,0.97,0
Dr. Rohit Verma,Cardiology,12,28-06-2051,Govt Health Center,Chennai,61,310,0.96,0
Dr. Swati Desai,Pediatrics,8,29-06-2051,Govt Health Center,Kolkata,15,270,1.55,1
Dr. Anil Mehra,Pediatrics,16,30-06-2051,City Hospital,Kolkata,57,54,1.34,1
Dr. Rohit Verma,Dermatology,13,01-07-2051,Metro Hospital,Kolkata,78,166,0.54,0
Dr. Swati Desai,Pediatrics,16,02-07-2051,City Hospital,Kolkata,15,350,0.57,0
Dr. Ravi Kumar,Cardiology,11,03-07-2051,City Hospital,New Delhi,70,241,1.36,1
Dr. Swati Desai,Orthopedics,9,04-07-2051,Govt Health Center,Kolkata,75,497,1.77,0
Dr. Ravi Kumar,Dermatology,10,05-07-2051,City Hospital,New Delhi,82,476,0.57,0
Dr. Swati Desai,Pediatrics,11,06-07-2051,City Hospital,Kolkata,88,476,1.26,0
Dr. Anil Mehra,Dermatology,17,07-07-2051,Govt Health Center,Chennai,94,165,1.78,1
Dr. Rohit Verma,Dermatology,15,08-07-2051,Metro Hospital,New Delhi,62,285,0.51,0
Dr. Anil Mehra,Pediatrics,10,09-07-2051,Govt Health Center,New Delhi,37,100,0.91,0
Dr. Swati Desai,Dermatology,15,10-07-2051,Metro Hospital,Chennai,14,62,1.88,1
Dr. Rohit Verma,Pediatrics,13,11-07-2051,City Hospital,Kolkata,90,267,0.62,0
Dr. Ravi Kumar,Cardiology,11,12-07-2051,City Hospital,Kolkata,67,378,1.41,0
Dr. Swati Desai,Pediatrics,14,13-07-2051,Govt Health Center,Mumbai,33,117,1.26,1
Dr. Rohit Verma,Orthopedics,12,14-07-2051,Govt Health Center,Mumbai,40,280,0.73,0
Dr. Ravi Kumar,Pediatrics,12,15-07-2051,Govt Health Center,New Delhi,50,374,0.56,0
Dr. Ravi Kumar,Orthopedics,16,16-07-2051,City Hospital,Mumbai,77,440,1.25,0
Dr. Anil Mehra,Dermatology,10,17-07-2051,City Hospital,Chennai,93,141,1.6,1
Dr. Swati Desai,Pediatrics,17,18-07-2051,Metro Hospital,Chennai,90,153,0.77,0
Dr. Ravi Kumar,Orthopedics,11,19-07-2051,Govt Health Center,Chennai,55,127,1.54,1
Dr. Rohit Verma,Pediatrics,12,20-07-2051,City Hospital,New Delhi,19,475,1.32,0
Dr. Ravi Kumar,Pediatrics,8,21-07-2051,Metro Hospital,Chennai,46,151,1.04,1
Dr. Ravi Kumar,Pediatrics,14,22-07-2051,Govt Health Center,New Delhi,30,310,1.5,0
Dr. Anil Mehra,Cardiology,15,23-07-2051,Govt Health Center,New Delhi,30,480,0.79,0
Dr. Anil Mehra,Orthopedics,13,24-07-2051,Metro Hospital,Chennai,89,353,1.19,0
Dr. Rohit Verma,Cardiology,16,25-07-2051,Metro Hospital,Chennai,19,428,1.32,0
Dr. Anil Mehra,Cardiology,10,26-07-2051,Metro Hospital,New Delhi,91,275,1.19,1
Dr. Ravi Kumar,Orthopedics,9,27-07-2051,City Hospital,Chennai,33,397,1.1,0
Dr. Ravi Kumar,Pediatrics,12,28-07-2051,Govt Health Center,Mumbai,21,224,1.61,1
Dr. Anil Mehra,Cardiology,16,29-07-2051,Govt Health Center,New Delhi,29,441,1.48,0
Dr. Ravi Kumar,Cardiology,8,30-07-2051,Metro Hospital,Kolkata,79,454,1.46,0
Dr. Ravi Kumar,Cardiology,8,31-07-2051,City Hospital,New Delhi,17,137,1.84,1
Dr. Rohit Verma,Pediatrics,17,01-08-2051,Metro Hospital,Chennai,87,167,1.99,1
Dr. Anil Mehra,Cardiology,10,02-08-2051,City Hospital,Chennai,14,329,1.35,0
Dr. Ravi Kumar,Dermatology,17,03-08-2051,Govt Health Center,New Delhi,63,190,1.02,1
Dr. Anil Mehra,Orthopedics,10,04-08-2051,Govt Health Center,New Delhi,45,162,1.67,1
Dr. Rohit Verma,Dermatology,12,05-08-2051,City Hospital,Kolkata,47,448,0.71,0
Dr. Anil Mehra,Pediatrics,11,06-08-2051,Govt Health Center,Kolkata,12,298,1.27,1
Dr. Ravi Kumar,Cardiology,13,07-08-2051,Govt Health Center,New Delhi,45,415,1.29,0
Dr. Anil Mehra,Orthopedics,15,08-08-2051,Metro Hospital,Chennai,31,138,1.98,1
Dr. Ravi Kumar,Cardiology,15,09-08-2051,City Hospital,New Delhi,17,414,1.99,0
Dr. Ravi Kumar,Pediatrics,11,10-08-2051,Govt Health Center,Mumbai,70,358,1.7,0
Dr. Ravi Kumar,Orthopedics,8,11-08-2051,Govt Health Center,Mumbai,87,269,1.21,1
Dr. Rohit Verma,Dermatology,14,12-08-2051,City Hospital,Chennai,16,464,1.32,0
Dr. Anil Mehra,Orthopedics,13,13-08-2051,Govt Health Center,New Delhi,77,100,0.98,0
Dr. Rohit Verma,Cardiology,12,14-08-2051,City Hospital,New Delhi,71,224,1.74,1
Dr. Anil Mehra,Orthopedics,11,15-08-2051,City Hospital,Mumbai,28,472,1.62,0
Dr. Rohit Verma,Pediatrics,13,16-08-2051,Metro Hospital,New Delhi,56,258,1.66,1
Dr. Swati Desai,Pediatrics,15,17-08-2051,City Hospital,Chennai,33,166,0.71,0
Dr. Ravi Kumar,Orthopedics,13,18-08-2051,Metro Hospital,Chennai,89,362,1.1,0
Dr. Ravi Kumar,Pediatrics,10,19-08-2051,Govt Health Center,Kolkata,15,483,1.31,0
Dr. Rohit Verma,Pediatrics,16,20-08-2051,City Hospital,Chennai,17,420,0.69,0
Dr. Swati Desai,Pediatrics,10,21-08-2051,Metro Hospital,New Delhi,34,362,1.05,0
Dr. Ravi Kumar,Dermatology,11,22-08-2051,City Hospital,New Delhi,98,340,0.63,0
Dr. Anil Mehra,Cardiology,12,23-08-2051,Govt Health Center,Mumbai,83,135,1.94,1
Dr. Rohit Verma,Pediatrics,9,24-08-2051,Metro Hospital,Mumbai,50,184,1.63,1
Dr. Ravi Kumar,Orthopedics,17,25-08-2051,Metro Hospital,Chennai,67,358,1.43,0
Dr. Ravi Kumar,Pediatrics,17,26-08-2051,Metro Hospital,Kolkata,90,315,0.81,0
Dr. Rohit Verma,Dermatology,9,27-08-2051,Govt Health Center,New Delhi,69,269,1,0
Dr. Rohit Verma,Orthopedics,13,28-08-2051,Metro Hospital,Kolkata,12,344,0.72,0
Dr. Anil Mehra,Cardiology,9,29-08-2051,Govt Health Center,New Delhi,18,235,1.3,1
Dr. Anil Mehra,Orthopedics,17,30-08-2051,Govt Health Center,Chennai,61,212,1.73,1
Dr. Ravi Kumar,Orthopedics,8,31-08-2051,City Hospital,Chennai,67,176,0.53,0
Dr. Ravi Kumar,Orthopedics,15,01-09-2051,Govt Health Center,Mumbai,69,364,0.65,0
Dr. Rohit Verma,Orthopedics,17,02-09-2051,Metro Hospital,Kolkata,91,166,0.84,0
Dr. Ravi Kumar,Pediatrics,17,03-09-2051,Metro Hospital,Mumbai,58,455,1.57,0
Dr. Ravi Kumar,Cardiology,8,04-09-2051,Govt Health Center,Chennai,14,186,1.84,1
Dr. Rohit Verma,Pediatrics,17,05-09-2051,Govt Health Center,Kolkata,71,305,1.63,0
Dr. Ravi Kumar,Dermatology,13,06-09-2051,City Hospital,New Delhi,41,405,1.29,0
Dr. Ravi Kumar,Dermatology,8,07-09-2051,City Hospital,Mumbai,36,313,0.66,0
Dr. Swati Desai,Orthopedics,15,08-09-2051,Metro Hospital,Chennai,94,271,1.63,1
Dr. Anil Mehra,Pediatrics,12,09-09-2051,Govt Health Center,New Delhi,33,425,0.66,0
Dr. Rohit Verma,Pediatrics,10,10-09-2051,Metro Hospital,Chennai,47,363,1.02,0
Dr. Swati Desai,Cardiology,12,11-09-2051,Govt Health Center,New Delhi,76,432,0.96,0
Dr. Anil Mehra,Cardiology,8,12-09-2051,Metro Hospital,Mumbai,25,400,1.04,0
Dr. Anil Mehra,Cardiology,8,13-09-2051,Metro Hospital,New Delhi,24,199,0.99,0
Dr. Anil Mehra,Pediatrics,11,14-09-2051,Metro Hospital,Kolkata,34,285,1.65,1
Dr. Swati Desai,Cardiology,16,15-09-2051,Govt Health Center,New Delhi,81,400,0.76,0
Dr. Swati Desai,Cardiology,16,16-09-2051,City Hospital,Chennai,13,217,1.77,1
Dr. Anil Mehra,Cardiology,8,17-09-2051,City Hospital,New Delhi,41,461,1.79,0
Dr. Ravi Kumar,Orthopedics,10,18-09-2051,Govt Health Center,Mumbai,54,479,1.24,0
Dr. Ravi Kumar,Dermatology,11,19-09-2051,City Hospital,Chennai,65,118,0.66,0
Dr. Swati Desai,Dermatology,9,20-09-2051,Metro Hospital,Chennai,44,258,1.36,1
Dr. Swati Desai,Pediatrics,14,21-09-2051,Govt Health Center,Chennai,62,101,1.73,1
Dr. Swati Desai,Pediatrics,10,22-09-2051,Govt Health Center,Chennai,39,316,0.93,0
Dr. Anil Mehra,Orthopedics,8,23-09-2051,City Hospital,Kolkata,58,199,1.76,1
Dr. Ravi Kumar,Dermatology,8,24-09-2051,City Hospital,Chennai,90,352,1.52,0
Dr. Swati Desai,Cardiology,10,25-09-2051,Metro Hospital,Chennai,92,394,1.98,0
Dr. Swati Desai,Cardiology,13,26-09-2051,Govt Health Center,Chennai,61,62,1.74,1
Dr. Rohit Verma,Pediatrics,11,27-09-2051,City Hospital,Mumbai,90,431,0.8,0
Dr. Anil Mehra,Dermatology,8,28-09-2051,Govt Health Center,Mumbai,11,149,1.17,1
Dr. Rohit Verma,Pediatrics,14,29-09-2051,Metro Hospital,Chennai,68,423,0.66,0
Dr. Ravi Kumar,Pediatrics,9,30-09-2051,Metro Hospital,Kolkata,46,222,0.6,0
Dr. Rohit Verma,Cardiology,12,01-10-2051,Metro Hospital,New Delhi,38,286,1.56,1
Dr. Rohit Verma,Cardiology,15,02-10-2051,Govt Health Center,Kolkata,39,124,1.87,1
Dr. Rohit Verma,Dermatology,14,03-10-2051,Govt Health Center,Chennai,31,374,1.96,0
Dr. Anil Mehra,Pediatrics,15,04-10-2051,Govt Health Center,Chennai,84,426,0.91,0
Dr. Ravi Kumar,Orthopedics,17,05-10-2051,Govt Health Center,Kolkata,28,299,0.8,0
Dr. Rohit Verma,Dermatology,13,06-10-2051,Govt Health Center,Chennai,76,127,1.34,1
Dr. Anil Mehra,Pediatrics,14,07-10-2051,Metro Hospital,New Delhi,95,327,0.8,0
Dr. Ravi Kumar,Dermatology,16,08-10-2051,Metro Hospital,Mumbai,27,291,0.94,0
Dr. Swati Desai,Dermatology,13,09-10-2051,Metro Hospital,New Delhi,74,468,1.76,0
Dr. Rohit Verma,Dermatology,16,10-10-2051,City Hospital,New Delhi,93,465,1.72,0
Dr. Ravi Kumar,Orthopedics,9,11-10-2051,Metro Hospital,New Delhi,14,471,1.84,0
Dr. Rohit Verma,Orthopedics,9,12-10-2051,Govt Health Center,Kolkata,85,363,1.22,0
Dr. Swati Desai,Cardiology,9,13-10-2051,Metro Hospital,Kolkata,20,473,1.35,0
Dr. Ravi Kumar,Cardiology,13,14-10-2051,City Hospital,New Delhi,97,265,1.66,1
Dr. Anil Mehra,Pediatrics,9,15-10-2051,City Hospital,Kolkata,67,269,0.86,0
Dr. Ravi Kumar,Dermatology,10,16-10-2051,City Hospital,Chennai,27,70,1.73,1
Dr. Anil Mehra,Pediatrics,15,17-10-2051,City Hospital,Mumbai,81,354,0.53,0
Dr. Ravi Kumar,Cardiology,15,18-10-2051,City Hospital,Kolkata,65,402,1.7,0
Dr. Anil Mehra,Orthopedics,11,19-10-2051,Govt Health Center,Kolkata,31,141,1.66,1
Dr. Swati Desai,Cardiology,16,20-10-2051,Metro Hospital,New Delhi,65,344,0.95,0
Dr. Swati Desai,Pediatrics,15,21-10-2051,Govt Health Center,Mumbai,75,494,1.59,0
Dr. Swati Desai,Cardiology,8,22-10-2051,Govt Health Center,Chennai,32,149,0.82,0
Dr. Ravi Kumar,Pediatrics,15,23-10-2051,City Hospital,Chennai,25,315,1.36,0
Dr. Swati Desai,Pediatrics,8,24-10-2051,Metro Hospital,Mumbai,53,217,1.55,1
Dr. Rohit Verma,Pediatrics,11,25-10-2051,Metro Hospital,Chennai,81,107,1.57,1
Dr. Swati Desai,Pediatrics,17,26-10-2051,Metro Hospital,Mumbai,77,138,1.97,1
Dr. Anil Mehra,Cardiology,13,27-10-2051,City Hospital,New Delhi,23,222,0.77,0
Dr. Anil Mehra,Pediatrics,14,28-10-2051,Govt Health Center,Chennai,18,194,1.22,1
Dr. Anil Mehra,Pediatrics,17,29-10-2051,Metro Hospital,Chennai,84,170,1.82,1
Dr. Ravi Kumar,Dermatology,11,30-10-2051,Govt Health Center,Mumbai,25,294,1.34,1
Dr. Rohit Verma,Pediatrics,15,31-10-2051,Metro Hospital,Chennai,22,373,1.81,0
Dr. Swati Desai,Cardiology,15,01-11-2051,Metro Hospital,Kolkata,45,315,1.15,0
Dr. Rohit Verma,Pediatrics,16,02-11-2051,Metro Hospital,New Delhi,53,422,1.69,0
Dr. Rohit Verma,Orthopedics,13,03-11-2051,Metro Hospital,Chennai,90,111,1.81,1
Dr. Anil Mehra,Orthopedics,11,04-11-2051,City Hospital,Chennai,23,138,1.77,1
Dr. Anil Mehra,Pediatrics,9,05-11-2051,City Hospital,Chennai,26,465,1.81,0
Dr. Anil Mehra,Orthopedics,14,06-11-2051,Govt Health Center,Mumbai,74,121,0.83,0
Dr. Ravi Kumar,Orthopedics,17,07-11-2051,City Hospital,New Delhi,93,219,1.16,1
Dr. Rohit Verma,Cardiology,10,08-11-2051,Metro Hospital,New Delhi,63,222,0.76,0
Dr. Rohit Verma,Dermatology,10,09-11-2051,Govt Health Center,Chennai,11,125,0.77,0
Dr. Ravi Kumar,Orthopedics,10,10-11-2051,Govt Health Center,Chennai,26,454,1.23,0
Dr. Ravi Kumar,Orthopedics,11,11-11-2051,Govt Health Center,Mumbai,32,414,1.94,0
Dr. Ravi Kumar,Dermatology,9,12-11-2051,Metro Hospital,New Delhi,95,460,1.39,0
Dr. Rohit Verma,Dermatology,12,13-11-2051,Metro Hospital,Kolkata,10,433,1.78,0
Dr. Rohit Verma,Orthopedics,10,14-11-2051,Govt Health Center,Chennai,21,207,1.91,1
Dr. Anil Mehra,Pediatrics,17,15-11-2051,City Hospital,Kolkata,22,379,0.63,0
Dr. Anil Mehra,Orthopedics,12,16-11-2051,Metro Hospital,Kolkata,87,262,0.74,0
Dr. Rohit Verma,Pediatrics,14,17-11-2051,Metro Hospital,New Delhi,83,434,0.94,0
Dr. Anil Mehra,Pediatrics,16,18-11-2051,City Hospital,Kolkata,21,58,1.43,1
Dr. Ravi Kumar,Pediatrics,9,19-11-2051,Govt Health Center,Chennai,66,52,0.59,0
Dr. Swati Desai,Dermatology,16,20-11-2051,City Hospital,Chennai,95,418,1.68,0
Dr. Anil Mehra,Orthopedics,17,21-11-2051,Metro Hospital,Mumbai,27,358,0.6,0
Dr. Rohit Verma,Orthopedics,13,22-11-2051,Govt Health Center,New Delhi,92,219,0.74,0
Dr. Anil Mehra,Cardiology,13,23-11-2051,Govt Health Center,New Delhi,24,196,1.07,1
Dr. Anil Mehra,Dermatology,10,24-11-2051,City Hospital,Kolkata,48,55,1.34,1
Dr. Anil Mehra,Cardiology,17,25-11-2051,Metro Hospital,Chennai,87,440,1.82,0
Dr. Swati Desai,Cardiology,16,26-11-2051,Metro Hospital,Chennai,82,220,1.95,1
Dr. Ravi Kumar,Pediatrics,11,27-11-2051,Govt Health Center,Mumbai,78,129,1.83,1
Dr. Rohit Verma,Dermatology,12,28-11-2051,Metro Hospital,Kolkata,42,341,0.66,0
Dr. Swati Desai,Cardiology,10,29-11-2051,Govt Health Center,Chennai,57,273,1.45,1
Dr. Rohit Verma,Orthopedics,12,30-11-2051,Govt Health Center,New Delhi,14,401,1.16,0
Dr. Rohit Verma,Cardiology,15,01-12-2051,Govt Health Center,Mumbai,97,344,0.69,0
Dr. Rohit Verma,Dermatology,15,02-12-2051,Metro Hospital,New Delhi,17,92,1.33,1
Dr. Swati Desai,Orthopedics,15,03-12-2051,City Hospital,Mumbai,28,470,1.03,0
Dr. Ravi Kumar,Orthopedics,13,04-12-2051,Govt Health Center,New Delhi,61,294,1.02,1
Dr. Rohit Verma,Orthopedics,8,05-12-2051,City Hospital,Kolkata,21,461,0.64,0
Dr. Ravi Kumar,Pediatrics,17,06-12-2051,City Hospital,Chennai,81,99,1.97,1
Dr. Ravi Kumar,Orthopedics,13,07-12-2051,City Hospital,New Delhi,17,344,1.59,0
Dr. Anil Mehra,Pediatrics,17,08-12-2051,City Hospital,Kolkata,64,179,0.92,0
Dr. Swati Desai,Pediatrics,14,09-12-2051,City Hospital,New Delhi,93,430,1.88,0
Dr. Swati Desai,Cardiology,16,10-12-2051,Govt Health Center,Kolkata,43,301,1.92,0
Dr. Anil Mehra,Cardiology,15,11-12-2051,Metro Hospital,Mumbai,91,214,1.72,1
Dr. Anil Mehra,Orthopedics,15,12-12-2051,City Hospital,Kolkata,74,150,1.49,1
Dr. Ravi Kumar,Dermatology,14,13-12-2051,Metro Hospital,New Delhi,84,420,1.06,0
Dr. Rohit Verma,Orthopedics,9,14-12-2051,Metro Hospital,Chennai,56,499,1.15,0
Dr. Swati Desai,Cardiology,8,15-12-2051,Govt Health Center,Mumbai,44,324,1.18,0
Dr. Rohit Verma,Orthopedics,9,16-12-2051,City Hospital,Mumbai,41,118,1.92,1
Dr. Rohit Verma,Cardiology,13,17-12-2051,Metro Hospital,Kolkata,60,93,1.64,1
Dr. Anil Mehra,Orthopedics,9,18-12-2051,Metro Hospital,New Delhi,89,446,0.94,0
Dr. Rohit Verma,Dermatology,17,19-12-2051,City Hospital,Kolkata,15,199,1.44,1
Dr. Ravi Kumar,Orthopedics,11,20-12-2051,Govt Health Center,Mumbai,18,184,1.39,1
Dr. Anil Mehra,Dermatology,17,21-12-2051,Govt Health Center,Chennai,49,435,1.72,0
Dr. Rohit Verma,Dermatology,10,22-12-2051,City Hospital,Kolkata,95,367,0.64,0
Dr. Anil Mehra,Orthopedics,13,23-12-2051,Metro Hospital,New Delhi,57,394,1.55,0
Dr. Ravi Kumar,Dermatology,15,24-12-2051,Govt Health Center,Kolkata,81,267,1,0
Dr. Ravi Kumar,Dermatology,13,25-12-2051,Govt Health Center,Kolkata,35,438,0.69,0
Dr. Rohit Verma,Cardiology,9,26-12-2051,Metro Hospital,Kolkata,91,197,1.6,1
Dr. Anil Mehra,Cardiology,12,27-12-2051,Metro Hospital,Chennai,46,175,1,0
Dr. Rohit Verma,Dermatology,13,28-12-2051,Metro Hospital,New Delhi,61,298,1.6,1
Dr. Rohit Verma,Pediatrics,16,29-12-2051,Metro Hospital,New Delhi,21,103,0.74,0
Dr. Anil Mehra,Orthopedics,13,30-12-2051,City Hospital,Mumbai,47,381,1.98,0
Dr. Rohit Verma,Dermatology,17,31-12-2051,Metro Hospital,Mumbai,77,496,1.71,0
Dr. Ravi Kumar,Orthopedics,12,01-01-2052,Govt Health Center,Kolkata,25,469,0.93,0
Dr. Anil Mehra,Cardiology,8,02-01-2052,Metro Hospital,Mumbai,70,272,1.61,1
Dr. Anil Mehra,Orthopedics,17,03-01-2052,Metro Hospital,New Delhi,33,258,0.7,0
Dr. Anil Mehra,Dermatology,12,04-01-2052,City Hospital,Kolkata,87,193,1.48,1
Dr. Anil Mehra,Dermatology,12,05-01-2052,City Hospital,Mumbai,26,362,0.59,0
Dr. Rohit Verma,Dermatology,13,06-01-2052,Metro Hospital,Chennai,13,369,1,0
Dr. Rohit Verma,Dermatology,14,07-01-2052,City Hospital,Mumbai,59,187,1.97,1
Dr. Ravi Kumar,Pediatrics,11,08-01-2052,City Hospital,Chennai,12,404,0.68,0
Dr. Swati Desai,Pediatrics,14,09-01-2052,City Hospital,Mumbai,17,274,1.4,1
Dr. Swati Desai,Pediatrics,12,10-01-2052,City Hospital,New Delhi,21,151,0.61,0
Dr. Ravi Kumar,Dermatology,13,11-01-2052,Metro Hospital,Mumbai,44,148,1.5,1
Dr. Swati Desai,Pediatrics,11,12-01-2052,City Hospital,Chennai,75,356,0.92,0
Dr. Ravi Kumar,Orthopedics,15,13-01-2052,City Hospital,Chennai,62,332,0.96,0
Dr. Rohit Verma,Dermatology,16,14-01-2052,Govt Health Center,Mumbai,96,440,1.01,0
Dr. Anil Mehra,Cardiology,9,15-01-2052,Metro Hospital,Kolkata,42,140,0.81,0
Dr. Anil Mehra,Dermatology,11,16-01-2052,City Hospital,Chennai,27,346,1.91,0
Dr. Rohit Verma,Orthopedics,15,17-01-2052,Govt Health Center,New Delhi,67,423,1.86,0
Dr. Anil Mehra,Pediatrics,15,18-01-2052,City Hospital,Mumbai,95,253,1.81,1
Dr. Anil Mehra,Dermatology,16,19-01-2052,Metro Hospital,Chennai,87,431,0.66,0
Dr. Swati Desai,Pediatrics,10,20-01-2052,Govt Health Center,Mumbai,54,287,0.85,0
Dr. Rohit Verma,Dermatology,8,21-01-2052,Govt Health Center,Mumbai,24,146,1.42,1
Dr. Swati Desai,Orthopedics,16,22-01-2052,Metro Hospital,Kolkata,24,170,1.96,1
Dr. Swati Desai,Dermatology,8,23-01-2052,Govt Health Center,Mumbai,54,446,1.41,0
Dr. Anil Mehra,Pediatrics,10,24-01-2052,Govt Health Center,Mumbai,77,166,0.99,0
Dr. Anil Mehra,Pediatrics,10,25-01-2052,City Hospital,Mumbai,78,115,1.73,1
Dr. Rohit Verma,Orthopedics,16,26-01-2052,Govt Health Center,New Delhi,76,180,0.7,0
Dr. Anil Mehra,Dermatology,8,27-01-2052,Metro Hospital,Mumbai,85,316,1.82,0
Dr. Anil Mehra,Cardiology,14,28-01-2052,City Hospital,New Delhi,71,438,1.96,0
Dr. Rohit Verma,Dermatology,9,29-01-2052,Govt Health Center,Mumbai,93,365,1.95,0
Dr. Anil Mehra,Orthopedics,14,30-01-2052,City Hospital,Kolkata,53,435,0.72,0
Dr. Swati Desai,Cardiology,8,31-01-2052,Metro Hospital,Kolkata,29,141,1.32,1
Dr. Rohit Verma,Orthopedics,17,01-02-2052,Govt Health Center,Chennai,48,126,1.38,1
Dr. Anil Mehra,Dermatology,17,02-02-2052,Metro Hospital,Mumbai,48,287,0.79,0
Dr. Ravi Kumar,Cardiology,15,03-02-2052,Metro Hospital,Kolkata,10,301,1.32,0
Dr. Rohit Verma,Orthopedics,17,04-02-2052,Govt Health Center,Kolkata,76,276,1.47,1
Dr. Rohit Verma,Pediatrics,17,05-02-2052,Govt Health Center,Mumbai,56,409,0.99,0
Dr. Ravi Kumar,Cardiology,9,06-02-2052,City Hospital,Chennai,82,369,0.97,0
Dr. Anil Mehra,Cardiology,10,07-02-2052,Metro Hospital,New Delhi,63,190,0.59,0
Dr. Anil Mehra,Orthopedics,15,08-02-2052,Govt Health Center,Kolkata,29,103,1.94,1
Dr. Rohit Verma,Pediatrics,10,09-02-2052,Metro Hospital,Kolkata,18,189,1.71,1
Dr. Rohit Verma,Cardiology,8,10-02-2052,Govt Health Center,New Delhi,37,195,1.64,1
Dr. Anil Mehra,Orthopedics,16,11-02-2052,Metro Hospital,Kolkata,73,323,0.53,0
Dr. Anil Mehra,Cardiology,15,12-02-2052,City Hospital,New Delhi,44,194,1.44,1
Dr. Swati Desai,Cardiology,11,13-02-2052,Metro Hospital,New Delhi,49,216,0.77,0
Dr. Rohit Verma,Cardiology,15,14-02-2052,Govt Health Center,Chennai,11,135,1.49,1
Dr. Rohit Verma,Pediatrics,12,15-02-2052,City Hospital,New Delhi,12,190,1.43,1
Dr. Ravi Kumar,Dermatology,10,16-02-2052,City Hospital,New Delhi,23,94,1.78,1
